Provider ID,Cleanliness,Nurse_com,Doc_com,Staff_responsiveness,Pain_management,Comm_medicine,Discharge_info,Care_transition,Overall_Hos_Rating,Quietness,Recomm_hos,Summary_star,Hospital Name,Address,City,State,County Name,ZIP Code,Phone Number,Hospital Type,Hospital Ownership,County,Unnamed: 0,# Premature Deaths,# Child Deaths,# Infant Deaths,# Limited Access,% Limited Access,# Uninsured Adults,# Uninsured Children,% Uninsured Adults,% Uninsured Children,Household Income,# Not Proficient in English,% Not Proficient in English,Population
50002,2.0,2.0,2.0,2.0,2.0,2.0,2.0,1.0,2.0,2,2,2,ST ROSE HOSPITAL,27200 CALAROGA AVE,HAYWARD,CA,ALAMEDA,94545,5107826200,Acute Care Hospitals,Voluntary non-profit - Church,ALAMEDA,2,12315.0,521.0,619.0,24227.0,2.0,178422.0,21348.0,17.0,6.0,76996.0,135827.0,9.3,1610921.0
50006,2.0,2.0,2.0,2.0,3.0,2.0,3.0,2.0,2.0,1,3,2,ST JOSEPH HOSPITAL,2700 DOLBEER ST,EUREKA,CA,HUMBOLDT,95501,7074458121,Acute Care Hospitals,Voluntary non-profit - Private,HUMBOLDT,13,1868.0,62.0,70.0,8754.0,7.0,21268.0,2358.0,25.0,9.0,40581.0,2216.0,1.7,134809.0
50007,3.0,4.0,3.0,3.0,4.0,3.0,3.0,4.0,5.0,3,5,4,MILLS-PENINSULA MEDICAL CENTER,1501 TROUSDALE DRIVE,BURLINGAME,CA,SAN MATEO,94010,6506965270,Acute Care Hospitals,Voluntary non-profit - Private,SAN MATEO,42,4904.0,173.0,231.0,11019.0,2.0,67700.0,10443.0,14.0,6.0,100806.0,58662.0,8.5,758581.0
50008,2.0,2.0,3.0,2.0,3.0,2.0,2.0,2.0,3.0,1,3,2,CALIFORNIA PACIFIC MEDICAL CTR-DAVIES CAMPUS HOSP,601 DUBOCE AVE,SAN FRANCISCO,CA,SAN FRANCISCO,94117,4156006000,Acute Care Hospitals,Voluntary non-profit - Other,SAN FRANCISCO,39,6709.0,180.0,223.0,11090.0,1.0,83244.0,6147.0,14.0,5.0,83788.0,104023.0,13.1,852469.0
50009,2.0,3.0,3.0,3.0,3.0,3.0,3.0,2.0,3.0,1,3,3,QUEEN OF THE VALLEY MEDICAL CENTER,1000 TRANCAS ST,NAPA,CA,NAPA,94558,7072524411,Acute Care Hospitals,Voluntary non-profit - Church,NAPA,29,1203.0,40.0,61.0,3609.0,3.0,17792.0,2623.0,21.0,8.0,71063.0,11763.0,9.0,141667.0
50013,2.0,3.0,3.0,3.0,4.0,3.0,3.0,3.0,3.0,1,3,3,ST HELENA HOSPITAL,10 WOODLAND ROAD,SAINT HELENA,CA,NAPA,94574,7079633611,Acute Care Hospitals,Voluntary non-profit - Private,NAPA,29,1203.0,40.0,61.0,3609.0,3.0,17792.0,2623.0,21.0,8.0,71063.0,11763.0,9.0,141667.0
50014,4.0,4.0,3.0,3.0,4.0,3.0,3.0,3.0,3.0,3,3,3,SUTTER AMADOR HOSPITAL,200 MISSION BLVD,JACKSON,CA,AMADOR,95642,2092237500,Acute Care Hospitals,Voluntary non-profit - Private,AMADOR,4,516.0,,,1200.0,3.0,3513.0,516.0,18.0,9.0,54610.0,536.0,1.5,36742.0
50017,3.0,3.0,3.0,3.0,4.0,3.0,4.0,4.0,4.0,3,4,3,MERCY GENERAL HOSPITAL,4001 J ST,SACRAMENTO,CA,SACRAMENTO,95819,9164534453,Acute Care Hospitals,Voluntary non-profit - Church,SACRAMENTO,35,14304.0,636.0,794.0,51932.0,4.0,192622.0,24509.0,21.0,7.0,55803.0,95883.0,7.1,1482026.0
50018,3.0,3.0,2.0,2.0,2.0,3.0,3.0,3.0,2.0,1,3,3,PACIFIC ALLIANCE MEDICAL CENTER,531 W COLLEGE ST,LOS ANGELES,CA,LOS ANGELES,90012,2136248411,Acute Care Hospitals,Proprietary,LOS ANGELES,20,76580.0,3745.0,4644.0,139369.0,1.0,1885666.0,204554.0,29.0,8.0,55686.0,1396883.0,15.0,10116705.0
50022,1.0,2.0,2.0,1.0,3.0,2.0,2.0,2.0,2.0,1,2,2,RIVERSIDE COMMUNITY HOSPITAL,4445 MAGNOLIA AVENUE,RIVERSIDE,CA,RIVERSIDE,92501,9517883000,Acute Care Hospitals,Proprietary,RIVERSIDE,34,19465.0,939.0,1156.0,135290.0,6.0,372852.0,64968.0,27.0,10.0,56877.0,178975.0,8.5,2329271.0
50024,2.0,2.0,1.0,2.0,3.0,2.0,2.0,2.0,2.0,3,2,2,PARADISE VALLEY HOSPITAL,2400 EAST 4TH ST,NATIONAL CITY,CA,SAN DIEGO,91950,6194704321,Acute Care Hospitals,Proprietary,SAN DIEGO,38,23996.0,1184.0,1444.0,84421.0,3.0,434234.0,63062.0,22.0,8.0,66034.0,234203.0,7.9,3263431.0
50025,2.0,3.0,3.0,3.0,3.0,3.0,4.0,4.0,4.0,2,4,3,UC SAN DIEGO HEALTH HILLCREST - HILLCREST MED CTR,200 WEST ARBOR DRIVE,SAN DIEGO,CA,SAN DIEGO,92103,6195436222,Acute Care Hospitals,Voluntary non-profit - Other,SAN DIEGO,38,23996.0,1184.0,1444.0,84421.0,3.0,434234.0,63062.0,22.0,8.0,66034.0,234203.0,7.9,3263431.0
50026,3.0,3.0,3.0,3.0,4.0,3.0,4.0,4.0,4.0,2,4,3,GROSSMONT HOSPITAL,5555 GROSSMONT CENTER DRIVE BOX 58,LA MESA,CA,SAN DIEGO,91942,6194650711,Acute Care Hospitals,Government - Hospital District or Authority,SAN DIEGO,38,23996.0,1184.0,1444.0,84421.0,3.0,434234.0,63062.0,22.0,8.0,66034.0,234203.0,7.9,3263431.0
50028,3.0,4.0,3.0,4.0,4.0,2.0,3.0,4.0,3.0,2,3,3,MAD RIVER COMMUNITY HOSPITAL,3800 JANES RD,ARCATA,CA,HUMBOLDT,95521,7078223621,Acute Care Hospitals,Proprietary,HUMBOLDT,13,1868.0,62.0,70.0,8754.0,7.0,21268.0,2358.0,25.0,9.0,40581.0,2216.0,1.7,134809.0
50030,1.0,2.0,1.0,1.0,2.0,1.0,2.0,1.0,1.0,1,1,1,OROVILLE HOSPITAL,2767 OLIVE HIGHWAY,OROVILLE,CA,BUTTE,95966,5305338500,Acute Care Hospitals,Voluntary non-profit - Private,BUTTE,5,2750.0,87.0,98.0,15882.0,7.0,28274.0,3367.0,21.0,7.0,42302.0,5464.0,2.6,224241.0
50036,3.0,2.0,2.0,2.0,3.0,3.0,2.0,2.0,3.0,2,3,2,BAKERSFIELD MEMORIAL HOSPITAL,420 34TH ST,BAKERSFIELD,CA,KERN,93301,6613271792,Acute Care Hospitals,Voluntary non-profit - Private,KERN,16,8813.0,554.0,673.0,45375.0,5.0,135724.0,20109.0,27.0,8.0,47451.0,86631.0,11.0,874589.0
50038,1.0,2.0,3.0,2.0,3.0,2.0,2.0,2.0,2.0,1,2,2,SANTA CLARA VALLEY MEDICAL CENTER,751 SOUTH BASCOM AVENUE,SAN JOSE,CA,SANTA CLARA,95128,4088855000,Acute Care Hospitals,Government - Local,SANTA CLARA,44,10901.0,483.0,620.0,22556.0,1.0,184767.0,23000.0,16.0,5.0,97219.0,175612.0,10.2,1894605.0
50039,3.0,4.0,3.0,4.0,4.0,4.0,4.0,4.0,5.0,3,4,4,ENLOE MEDICAL CENTER,1531 ESPLANADE,CHICO,CA,BUTTE,95926,5303327300,Acute Care Hospitals,Voluntary non-profit - Private,BUTTE,5,2750.0,87.0,98.0,15882.0,7.0,28274.0,3367.0,21.0,7.0,42302.0,5464.0,2.6,224241.0
50040,2.0,3.0,4.0,2.0,4.0,3.0,3.0,4.0,4.0,1,4,3,LAC/OLIVE VIEW-UCLA MEDICAL CENTER,14445 OLIVE VIEW DRIVE,SYLMAR,CA,LOS ANGELES,91342,8183641555,Acute Care Hospitals,Voluntary non-profit - Other,LOS ANGELES,20,76580.0,3745.0,4644.0,139369.0,1.0,1885666.0,204554.0,29.0,8.0,55686.0,1396883.0,15.0,10116705.0
50042,3.0,4.0,3.0,4.0,4.0,4.0,3.0,4.0,3.0,1,3,3,ST ELIZABETH COMMUNITY HOSPITAL,2550 SISTER MARY COLUMBA DRIVE,RED BLUFF,CA,TEHAMA,96080,5305298012,Acute Care Hospitals,Voluntary non-profit - Church,TEHAMA,53,833.0,29.0,35.0,5159.0,8.0,8701.0,1355.0,24.0,9.0,40782.0,2325.0,3.9,63067.0
50043,2.0,2.0,3.0,2.0,3.0,3.0,3.0,3.0,3.0,3,4,3,ALTA BATES SUMMIT MEDICAL CENTER,350 HAWTHORNE AVENUE,OAKLAND,CA,ALAMEDA,94609,5106554000,Acute Care Hospitals,Voluntary non-profit - Private,ALAMEDA,2,12315.0,521.0,619.0,24227.0,2.0,178422.0,21348.0,17.0,6.0,76996.0,135827.0,9.3,1610921.0
50045,3.0,2.0,2.0,2.0,3.0,3.0,2.0,4.0,2.0,1,2,2,EL CENTRO REGIONAL MEDICAL CENTER,1415 ROSS AVENUE,EL CENTRO,CA,IMPERIAL,92243,7603397100,Acute Care Hospitals,Government - Local,IMPERIAL,14,1381.0,81.0,89.0,14044.0,8.0,27367.0,4808.0,28.0,9.0,38737.0,33652.0,20.7,179091.0
50047,2.0,2.0,3.0,3.0,3.0,2.0,2.0,3.0,3.0,1,3,3,CALIFORNIA PACIFIC MEDICAL CTR-PACIFIC CAMPUS HOSP,2333 BUCHANAN STREET,SAN FRANCISCO,CA,SAN FRANCISCO,94115,4156006000,Acute Care Hospitals,Voluntary non-profit - Private,SAN FRANCISCO,39,6709.0,180.0,223.0,11090.0,1.0,83244.0,6147.0,14.0,5.0,83788.0,104023.0,13.1,852469.0
50054,3.0,2.0,1.0,2.0,3.0,2.0,3.0,2.0,2.0,1,2,2,SAN GORGONIO MEMORIAL HOSPITAL,600 NORTH HIGHLAND SPRINGS AVENUE,BANNING,CA,RIVERSIDE,92220,9518451121,Acute Care Hospitals,Government - Hospital District or Authority,RIVERSIDE,34,19465.0,939.0,1156.0,135290.0,6.0,372852.0,64968.0,27.0,10.0,56877.0,178975.0,8.5,2329271.0
50055,2.0,2.0,3.0,2.0,2.0,2.0,3.0,3.0,2.0,2,2,2,CALIFORNIA PACIFIC MEDICAL CTR - ST. LUKE'S CAMPUS,3555 CESAR CHAVEZ STREET,SAN FRANCISCO,CA,SAN FRANCISCO,94110,4156416562,Acute Care Hospitals,Voluntary non-profit - Church,SAN FRANCISCO,39,6709.0,180.0,223.0,11090.0,1.0,83244.0,6147.0,14.0,5.0,83788.0,104023.0,13.1,852469.0
50056,1.0,2.0,1.0,1.0,2.0,2.0,1.0,1.0,1.0,1,1,1,ANTELOPE VALLEY HOSPITAL,1600 W AVE J,LANCASTER,CA,LOS ANGELES,93534,6619495000,Acute Care Hospitals,Government - Hospital District or Authority,LOS ANGELES,20,76580.0,3745.0,4644.0,139369.0,1.0,1885666.0,204554.0,29.0,8.0,55686.0,1396883.0,15.0,10116705.0
50057,2.0,3.0,3.0,3.0,3.0,3.0,3.0,2.0,3.0,2,3,3,KAWEAH DELTA MEDICAL CENTER,400 W MINERAL KING AVE,VISALIA,CA,TULARE,93291,5596242000,Acute Care Hospitals,Government - Hospital District or Authority,TULARE,55,4179.0,266.0,300.0,35622.0,8.0,75981.0,11027.0,29.0,7.0,42360.0,60375.0,14.7,458198.0
50058,2.0,2.0,3.0,2.0,3.0,3.0,3.0,4.0,3.0,2,2,3,GLENDALE MEM HOSPITAL & HLTH CENTER,1420 S CENTRAL AVE,GLENDALE,CA,LOS ANGELES,91204,8185021900,Acute Care Hospitals,Voluntary non-profit - Private,LOS ANGELES,20,76580.0,3745.0,4644.0,139369.0,1.0,1885666.0,204554.0,29.0,8.0,55686.0,1396883.0,15.0,10116705.0
50060,2.0,3.0,3.0,2.0,3.0,3.0,4.0,2.0,3.0,2,3,3,COMMUNITY REGIONAL MEDICAL CENTER,2823 FRESNO STREET,FRESNO,CA,FRESNO,93721,5594596000,Acute Care Hospitals,Voluntary non-profit - Private,FRESNO,11,8749.0,655.0,763.0,50729.0,5.0,152523.0,19908.0,27.0,7.0,43338.0,110063.0,12.7,965974.0
50063,1.0,1.0,1.0,1.0,1.0,2.0,1.0,2.0,1.0,1,1,1,HOLLYWOOD PRESBYTERIAN MEDICAL CENTER,1300 N VERMONT AVE,LOS ANGELES,CA,LOS ANGELES,90027,2134133000,Acute Care Hospitals,Proprietary,LOS ANGELES,20,76580.0,3745.0,4644.0,139369.0,1.0,1885666.0,204554.0,29.0,8.0,55686.0,1396883.0,15.0,10116705.0
50067,3.0,2.0,1.0,3.0,2.0,1.0,3.0,3.0,2.0,1,2,2,OAK VALLEY HOSPITAL DISTRICT,350 S OAK AVE,OAKDALE,CA,STANISLAUS,95361,2098473011,Acute Care Hospitals,Government - Hospital District or Authority,STANISLAUS,51,5392.0,321.0,360.0,24816.0,5.0,84340.0,12253.0,27.0,8.0,50917.0,47475.0,9.8,531997.0
50069,3.0,4.0,3.0,3.0,4.0,4.0,4.0,4.0,5.0,3,4,4,ST JOSEPH HOSPITAL,1100 WEST STEWART DR,ORANGE,CA,ORANGE,92868,7146339111,Acute Care Hospitals,Voluntary non-profit - Church,ORANGE,31,20563.0,914.0,1225.0,28840.0,1.0,453081.0,61200.0,23.0,8.0,76061.0,322123.0,11.1,3145515.0
50070,2.0,3.0,4.0,3.0,4.0,2.0,3.0,4.0,3.0,1,4,3,KAISER FOUNDATION HOSPITAL - SOUTH SAN FRANCISCO,1200 EL CAMINO REAL,SOUTH SAN FRANCISCO,CA,SAN MATEO,94080,6507423200,Acute Care Hospitals,Voluntary non-profit - Private,SAN MATEO,42,4904.0,173.0,231.0,11019.0,2.0,67700.0,10443.0,14.0,6.0,100806.0,58662.0,8.5,758581.0
50071,3.0,3.0,4.0,2.0,4.0,3.0,3.0,4.0,4.0,2,4,3,KAISER FOUNDATION HOSPITAL-SANTA CLARA,700 LAWRENCE EXPRESSWAY,SANTA CLARA,CA,SANTA CLARA,95051,4082366400,Acute Care Hospitals,Voluntary non-profit - Other,SANTA CLARA,44,10901.0,483.0,620.0,22556.0,1.0,184767.0,23000.0,16.0,5.0,97219.0,175612.0,10.2,1894605.0
50072,3.0,3.0,3.0,2.0,4.0,3.0,3.0,3.0,3.0,1,4,3,KAISER FOUNDATION HOSPITAL - WALNUT CREEK,1425 S MAIN STREET,WALNUT CREEK,CA,CONTRA COSTA,94596,9252954000,Acute Care Hospitals,Voluntary non-profit - Other,CONTRA COSTA,8,8697.0,368.0,403.0,28361.0,3.0,116525.0,16487.0,17.0,6.0,80338.0,64530.0,6.4,1111339.0
50073,3.0,3.0,4.0,2.0,3.0,3.0,4.0,4.0,3.0,2,4,3,KAISER FOUNDATION HOSPITAL AND REHAB CENTER,975 SERENO DR,VALLEJO,CA,SOLANO,94589,7076511000,Acute Care Hospitals,Voluntary non-profit - Other,SOLANO,49,4113.0,177.0,223.0,16816.0,4.0,47226.0,6570.0,18.0,6.0,67106.0,20778.0,5.3,431131.0
50075,2.0,2.0,3.0,2.0,3.0,2.0,3.0,3.0,3.0,2,4,3,KAISER FOUNDATION HOSPITAL - OAKLAND/RICHMOND,275 W MACARTHUR BOULEVARD,OAKLAND,CA,ALAMEDA,94611,5107521000,Acute Care Hospitals,Voluntary non-profit - Other,ALAMEDA,2,12315.0,521.0,619.0,24227.0,2.0,178422.0,21348.0,17.0,6.0,76996.0,135827.0,9.3,1610921.0
50076,2.0,3.0,3.0,3.0,4.0,3.0,3.0,4.0,3.0,1,4,3,KAISER FOUNDATION HOSPITAL - SAN FRANCISCO,2425 GEARY BLVD,SAN FRANCISCO,CA,SAN FRANCISCO,94115,4158332646,Acute Care Hospitals,Voluntary non-profit - Other,SAN FRANCISCO,39,6709.0,180.0,223.0,11090.0,1.0,83244.0,6147.0,14.0,5.0,83788.0,104023.0,13.1,852469.0
50077,2.0,2.0,3.0,2.0,3.0,2.0,2.0,3.0,2.0,1,3,2,SCRIPPS MERCY HOSPITAL,4077 5TH AVE,SAN DIEGO,CA,SAN DIEGO,92103,6192948111,Acute Care Hospitals,Voluntary non-profit - Private,SAN DIEGO,38,23996.0,1184.0,1444.0,84421.0,3.0,434234.0,63062.0,22.0,8.0,66034.0,234203.0,7.9,3263431.0
50078,3.0,4.0,3.0,3.0,3.0,3.0,3.0,4.0,3.0,2,3,3,PROVIDENCE LITTLE CO OF MARY MED CTR SAN PEDRO,1300 W 7TH ST,SAN PEDRO,CA,LOS ANGELES,90732,3108323311,Acute Care Hospitals,Voluntary non-profit - Private,LOS ANGELES,20,76580.0,3745.0,4644.0,139369.0,1.0,1885666.0,204554.0,29.0,8.0,55686.0,1396883.0,15.0,10116705.0
50082,2.0,3.0,3.0,2.0,3.0,2.0,3.0,3.0,3.0,2,3,3,ST JOHNS REGIONAL MEDICAL CENTER,1600 N ROSE AVE,OXNARD,CA,VENTURA,93030,8059882500,Acute Care Hospitals,Voluntary non-profit - Private,VENTURA,57,6050.0,320.0,415.0,20325.0,2.0,114677.0,17221.0,22.0,8.0,74967.0,78629.0,10.1,846178.0
50084,1.0,2.0,2.0,2.0,3.0,2.0,3.0,3.0,2.0,1,2,2,ST JOSEPH'S MEDICAL CENTER OF STOCKTON,1800 N CALIFORNIA ST,STOCKTON,CA,SAN JOAQUIN,95204,2099432000,Acute Care Hospitals,Voluntary non-profit - Church,SAN JOAQUIN,40,7152.0,365.0,446.0,24555.0,4.0,104589.0,15514.0,25.0,7.0,51527.0,65834.0,10.2,715597.0
50089,1.0,2.0,2.0,2.0,3.0,4.0,2.0,3.0,2.0,2,2,2,COMMUNITY HOSPITAL OF SAN BERNARDINO,1805 MEDICAL CENTER DRIVE,SAN BERNARDINO,CA,SAN BERNARDINO,92411,9098876333,Acute Care Hospitals,Voluntary non-profit - Private,SAN BERNARDINO,37,19384.0,1149.0,1442.0,151879.0,7.0,331500.0,51928.0,26.0,9.0,51951.0,164389.0,8.6,2112619.0
50090,3.0,3.0,3.0,4.0,3.0,2.0,4.0,2.0,3.0,3,3,3,SONOMA VALLEY HOSPITAL,347 ANDRIEUX ST,SONOMA,CA,SONOMA,95476,7079355000,Acute Care Hospitals,Government - Hospital District or Authority,SONOMA,50,4392.0,136.0,159.0,18499.0,4.0,62706.0,8655.0,20.0,8.0,66949.0,27539.0,5.9,500292.0
50091,2.0,2.0,1.0,2.0,2.0,2.0,2.0,1.0,2.0,1,2,2,COMMUNITY HOSPITAL OF HUNTINGTON PARK,2623 E SLAUSON AVE,HUNTINGTON PARK,CA,LOS ANGELES,90255,3235831931,Acute Care Hospitals,Proprietary,LOS ANGELES,20,76580.0,3745.0,4644.0,139369.0,1.0,1885666.0,204554.0,29.0,8.0,55686.0,1396883.0,15.0,10116705.0
50093,2.0,2.0,2.0,2.0,3.0,2.0,2.0,2.0,3.0,2,3,2,SAINT AGNES MEDICAL CENTER,1303 E HERNDON AVE,FRESNO,CA,FRESNO,93710,5594503000,Acute Care Hospitals,Voluntary non-profit - Church,FRESNO,11,8749.0,655.0,763.0,50729.0,5.0,152523.0,19908.0,27.0,7.0,43338.0,110063.0,12.7,965974.0
50099,2.0,3.0,3.0,2.0,4.0,3.0,3.0,2.0,3.0,1,3,3,SAN ANTONIO REGIONAL HOSPITAL,999 SAN BERNARDINO ROAD,UPLAND,CA,SAN BERNARDINO,91786,7149852811,Acute Care Hospitals,Voluntary non-profit - Other,SAN BERNARDINO,37,19384.0,1149.0,1442.0,151879.0,7.0,331500.0,51928.0,26.0,9.0,51951.0,164389.0,8.6,2112619.0
50100,3.0,4.0,3.0,4.0,4.0,3.0,4.0,4.0,5.0,4,5,4,SHARP MEMORIAL HOSPITAL,7901 FROST ST,SAN DIEGO,CA,SAN DIEGO,92123,8589393400,Acute Care Hospitals,Voluntary non-profit - Other,SAN DIEGO,38,23996.0,1184.0,1444.0,84421.0,3.0,434234.0,63062.0,22.0,8.0,66034.0,234203.0,7.9,3263431.0
50101,2.0,3.0,2.0,2.0,3.0,3.0,3.0,2.0,2.0,2,2,2,SUTTER SOLANO MEDICAL CENTER,300 HOSPITAL DR,VALLEJO,CA,SOLANO,94589,7075545280,Acute Care Hospitals,Voluntary non-profit - Private,SOLANO,49,4113.0,177.0,223.0,16816.0,4.0,47226.0,6570.0,18.0,6.0,67106.0,20778.0,5.3,431131.0
50102,1.0,2.0,1.0,1.0,2.0,1.0,2.0,2.0,1.0,1,1,1,PARKVIEW COMMUNITY HOSPITAL MEDICAL CENTER,3865 JACKSON STREET,RIVERSIDE,CA,RIVERSIDE,92503,9516882211,Acute Care Hospitals,Voluntary non-profit - Private,RIVERSIDE,34,19465.0,939.0,1156.0,135290.0,6.0,372852.0,64968.0,27.0,10.0,56877.0,178975.0,8.5,2329271.0
50103,2.0,3.0,3.0,2.0,3.0,2.0,3.0,2.0,4.0,2,3,3,WHITE MEMORIAL MEDICAL CENTER,1720 E CESAR AVENUE,LOS ANGELES,CA,LOS ANGELES,90033,3232685000,Acute Care Hospitals,Voluntary non-profit - Church,LOS ANGELES,20,76580.0,3745.0,4644.0,139369.0,1.0,1885666.0,204554.0,29.0,8.0,55686.0,1396883.0,15.0,10116705.0
50104,1.0,2.0,1.0,1.0,2.0,2.0,1.0,2.0,1.0,2,2,2,SAINT FRANCIS MEDICAL CENTER,3630 EAST IMPERIAL HIGHWAY,LYNWOOD,CA,LOS ANGELES,90262,3109008900,Acute Care Hospitals,Voluntary non-profit - Church,LOS ANGELES,20,76580.0,3745.0,4644.0,139369.0,1.0,1885666.0,204554.0,29.0,8.0,55686.0,1396883.0,15.0,10116705.0
50107,3.0,3.0,3.0,3.0,3.0,4.0,4.0,4.0,3.0,3,4,3,MARIAN REGIONAL MEDICAL CENTER,1400 E CHURCH ST,SANTA MARIA,CA,SANTA BARBARA,93454,8057393100,Acute Care Hospitals,Voluntary non-profit - Church,SANTA BARBARA,43,3085.0,125.0,197.0,12538.0,3.0,66994.0,9870.0,25.0,10.0,62116.0,46141.0,11.4,440668.0
50108,3.0,3.0,3.0,2.0,4.0,3.0,3.0,4.0,4.0,2,4,3,"SUTTER MEDICAL CENTER, SACRAMENTO",2825 CAPITOL AVENUE,SACRAMENTO,CA,SACRAMENTO,95816,9167338999,Acute Care Hospitals,Voluntary non-profit - Private,SACRAMENTO,35,14304.0,636.0,794.0,51932.0,4.0,192622.0,24509.0,21.0,7.0,55803.0,95883.0,7.1,1482026.0
50110,3.0,2.0,1.0,2.0,3.0,2.0,4.0,2.0,2.0,2,2,2,LOMPOC VALLEY MEDICAL CENTER,1515 E OCEAN AVENUE,LOMPOC,CA,SANTA BARBARA,93436,8057373300,Acute Care Hospitals,Government - Hospital District or Authority,SANTA BARBARA,43,3085.0,125.0,197.0,12538.0,3.0,66994.0,9870.0,25.0,10.0,62116.0,46141.0,11.4,440668.0
50112,3.0,4.0,4.0,4.0,4.0,3.0,3.0,4.0,5.0,3,5,4,SANTA MONICA - UCLA MED CTR & ORTHOPAEDIC HOSPITAL,1250 16TH STREET,SANTA MONICA,CA,LOS ANGELES,90404,3103194000,Acute Care Hospitals,Government - State,LOS ANGELES,20,76580.0,3745.0,4644.0,139369.0,1.0,1885666.0,204554.0,29.0,8.0,55686.0,1396883.0,15.0,10116705.0
50113,3.0,2.0,3.0,1.0,3.0,3.0,2.0,4.0,3.0,1,3,3,SAN MATEO MEDICAL CENTER,222 W 39TH AVE,SAN MATEO,CA,SAN MATEO,94403,6505732222,Acute Care Hospitals,Government - Local,SAN MATEO,42,4904.0,173.0,231.0,11019.0,2.0,67700.0,10443.0,14.0,6.0,100806.0,58662.0,8.5,758581.0
50115,2.0,3.0,3.0,2.0,4.0,3.0,3.0,4.0,4.0,2,4,3,PALOMAR HEALTH DOWNTOWN CAMPUS,555 E VALLEY PARKWAY,ESCONDIDO,CA,SAN DIEGO,92025,7607393000,Acute Care Hospitals,Government - Hospital District or Authority,SAN DIEGO,38,23996.0,1184.0,1444.0,84421.0,3.0,434234.0,63062.0,22.0,8.0,66034.0,234203.0,7.9,3263431.0
50116,2.0,2.0,2.0,2.0,3.0,3.0,3.0,2.0,2.0,1,3,2,NORTHRIDGE HOSPITAL MEDICAL CENTER,18300 ROSCOE BLVD,NORTHRIDGE,CA,LOS ANGELES,91325,8188858500,Acute Care Hospitals,Voluntary non-profit - Private,LOS ANGELES,20,76580.0,3745.0,4644.0,139369.0,1.0,1885666.0,204554.0,29.0,8.0,55686.0,1396883.0,15.0,10116705.0
50118,2.0,3.0,4.0,3.0,4.0,4.0,3.0,3.0,3.0,2,3,3,DOCTORS HOSPITAL OF MANTECA,1205 E NORTH STREET,MANTECA,CA,SAN JOAQUIN,95336,2098233111,Acute Care Hospitals,Voluntary non-profit - Other,SAN JOAQUIN,40,7152.0,365.0,446.0,24555.0,4.0,104589.0,15514.0,25.0,7.0,51527.0,65834.0,10.2,715597.0
50121,3.0,3.0,3.0,2.0,4.0,3.0,3.0,2.0,3.0,2,3,3,ADVENTIST MEDICAL CENTER,115 MALL DRIVE,HANFORD,CA,KINGS,93230,2094107200,Acute Care Hospitals,Voluntary non-profit - Church,KINGS,17,1293.0,87.0,107.0,8629.0,6.0,19409.0,3509.0,25.0,8.0,44490.0,14941.0,10.7,150269.0
50122,2.0,2.0,2.0,1.0,2.0,2.0,3.0,2.0,2.0,1,2,2,DAMERON HOSPITAL,525 WEST ACACIA STREET,STOCKTON,CA,SAN JOAQUIN,95203,2099445550,Acute Care Hospitals,Voluntary non-profit - Other,SAN JOAQUIN,40,7152.0,365.0,446.0,24555.0,4.0,104589.0,15514.0,25.0,7.0,51527.0,65834.0,10.2,715597.0
50124,2.0,2.0,2.0,2.0,3.0,2.0,1.0,2.0,2.0,1,2,2,USC VERDUGO HILLS HOSPITAL,1812 VERDUGO BLVD,GLENDALE,CA,LOS ANGELES,91209,8187907100,Acute Care Hospitals,Voluntary non-profit - Private,LOS ANGELES,20,76580.0,3745.0,4644.0,139369.0,1.0,1885666.0,204554.0,29.0,8.0,55686.0,1396883.0,15.0,10116705.0
50125,2.0,2.0,1.0,2.0,3.0,2.0,2.0,2.0,2.0,1,2,2,REGIONAL MEDICAL CENTER OF SAN JOSE,225 N JACKSON AVENUE,SAN JOSE,CA,SANTA CLARA,95116,4082595000,Acute Care Hospitals,Government - Federal,SANTA CLARA,44,10901.0,483.0,620.0,22556.0,1.0,184767.0,23000.0,16.0,5.0,97219.0,175612.0,10.2,1894605.0
50126,3.0,2.0,1.0,2.0,3.0,3.0,3.0,3.0,3.0,2,3,3,VALLEY PRESBYTERIAN HOSPITAL,15107 VANOWEN ST,VAN NUYS,CA,LOS ANGELES,91406,8187826600,Acute Care Hospitals,Voluntary non-profit - Other,LOS ANGELES,20,76580.0,3745.0,4644.0,139369.0,1.0,1885666.0,204554.0,29.0,8.0,55686.0,1396883.0,15.0,10116705.0
50127,3.0,3.0,3.0,2.0,3.0,4.0,3.0,4.0,3.0,1,3,3,WOODLAND MEMORIAL HOSPITAL,1325 COTTONWOOD STREET,WOODLAND,CA,YOLO,95695,5306623961,Acute Care Hospitals,Voluntary non-profit - Other,YOLO,58,1565.0,56.0,67.0,4711.0,2.0,26563.0,3774.0,20.0,8.0,54509.0,14232.0,7.4,207590.0
50128,2.0,2.0,2.0,2.0,3.0,3.0,3.0,2.0,2.0,1,2,2,TRI-CITY MEDICAL CENTER,4002 VISTA WAY,OCEANSIDE,CA,SAN DIEGO,92056,7607248411,Acute Care Hospitals,Government - Hospital District or Authority,SAN DIEGO,38,23996.0,1184.0,1444.0,84421.0,3.0,434234.0,63062.0,22.0,8.0,66034.0,234203.0,7.9,3263431.0
50129,2.0,3.0,2.0,2.0,3.0,3.0,2.0,3.0,3.0,2,3,3,ST BERNARDINE MEDICAL CENTER,2101 N WATERMAN AVE,SAN BERNARDINO,CA,SAN BERNARDINO,92404,9098838711,Acute Care Hospitals,Voluntary non-profit - Private,SAN BERNARDINO,37,19384.0,1149.0,1442.0,151879.0,7.0,331500.0,51928.0,26.0,9.0,51951.0,164389.0,8.6,2112619.0
50131,3.0,4.0,4.0,3.0,4.0,3.0,3.0,4.0,4.0,3,4,4,NOVATO COMMUNITY HOSPITAL,180 ROWLAND WAY,NOVATO,CA,MARIN,94945,4152091300,Acute Care Hospitals,Voluntary non-profit - Other,MARIN,22,1863.0,63.0,56.0,4989.0,2.0,21182.0,3258.0,14.0,6.0,94549.0,10439.0,4.3,260750.0
50132,2.0,3.0,2.0,2.0,3.0,3.0,3.0,1.0,3.0,2,2,2,SAN GABRIEL VALLEY MEDICAL CENTER,438 W LAS TUNAS DRIVE,SAN GABRIEL,CA,LOS ANGELES,91776,6262895454,Acute Care Hospitals,Physician,LOS ANGELES,20,76580.0,3745.0,4644.0,139369.0,1.0,1885666.0,204554.0,29.0,8.0,55686.0,1396883.0,15.0,10116705.0
50133,1.0,2.0,1.0,1.0,2.0,3.0,1.0,1.0,1.0,1,1,1,RIDEOUT MEMORIAL HOSPITAL,726 4TH ST,MARYSVILLE,CA,YUBA,95901,5307494300,Acute Care Hospitals,Voluntary non-profit - Private,YUBA,59,877.0,41.0,46.0,8544.0,12.0,10419.0,1641.0,24.0,8.0,41403.0,3935.0,5.9,73966.0
50135,1.0,1.0,1.0,1.0,1.0,1.0,1.0,1.0,1.0,1,1,1,SOUTHERN CALIFORNIA HOSPITAL AT HOLLYWOOD,6245 DE LONGPRE AVE,HOLLYWOOD,CA,LOS ANGELES,90028,3234622271,Acute Care Hospitals,Proprietary,LOS ANGELES,20,76580.0,3745.0,4644.0,139369.0,1.0,1885666.0,204554.0,29.0,8.0,55686.0,1396883.0,15.0,10116705.0
50136,2.0,2.0,2.0,2.0,3.0,2.0,4.0,2.0,3.0,2,3,2,PETALUMA VALLEY HOSPITAL,400 N MCDOWELL BLVD,PETALUMA,CA,SONOMA,94954,7077781111,Acute Care Hospitals,Voluntary non-profit - Other,SONOMA,50,4392.0,136.0,159.0,18499.0,4.0,62706.0,8655.0,20.0,8.0,66949.0,27539.0,5.9,500292.0
50137,3.0,3.0,3.0,2.0,4.0,3.0,2.0,4.0,4.0,3,4,3,KAISER FOUNDATION HOSPITAL - PANORAMA CITY,13652 CANTARA ST,PANORAMA CITY,CA,LOS ANGELES,91402,8183753333,Acute Care Hospitals,Voluntary non-profit - Private,LOS ANGELES,20,76580.0,3745.0,4644.0,139369.0,1.0,1885666.0,204554.0,29.0,8.0,55686.0,1396883.0,15.0,10116705.0
50138,3.0,3.0,3.0,3.0,3.0,3.0,3.0,4.0,4.0,2,4,3,KAISER FOUNDATION HOSPITAL - LOS ANGELES,4867 SUNSET BLVD,LOS ANGELES,CA,LOS ANGELES,90027,3237834011,Acute Care Hospitals,Voluntary non-profit - Other,LOS ANGELES,20,76580.0,3745.0,4644.0,139369.0,1.0,1885666.0,204554.0,29.0,8.0,55686.0,1396883.0,15.0,10116705.0
50139,3.0,3.0,3.0,2.0,3.0,3.0,3.0,4.0,4.0,3,3,3,KAISER FOUNDATION HOSPITAL - DOWNEY,9333 IMPERIAL HIGHWAY,DOWNEY,CA,LOS ANGELES,90242,5624616007,Acute Care Hospitals,Voluntary non-profit - Other,LOS ANGELES,20,76580.0,3745.0,4644.0,139369.0,1.0,1885666.0,204554.0,29.0,8.0,55686.0,1396883.0,15.0,10116705.0
50140,3.0,3.0,3.0,3.0,4.0,3.0,3.0,4.0,4.0,3,4,3,KAISER FOUNDATION HOSPITAL FONTANA,9961 SIERRA AVE,FONTANA,CA,SAN BERNARDINO,92335,9094275500,Acute Care Hospitals,Voluntary non-profit - Private,SAN BERNARDINO,37,19384.0,1149.0,1442.0,151879.0,7.0,331500.0,51928.0,26.0,9.0,51951.0,164389.0,8.6,2112619.0
50145,4.0,4.0,4.0,3.0,3.0,3.0,3.0,4.0,4.0,3,5,4,COMMUNITY HOSPITAL OF THE MONTEREY PENINSULA,23625 W R HOLMAN HIGHWAY,MONTEREY,CA,MONTEREY,93940,8316245311,Acute Care Hospitals,Voluntary non-profit - Private,MONTEREY,28,2975.0,208.0,235.0,12941.0,3.0,77659.0,11899.0,31.0,10.0,57428.0,73593.0,18.8,431344.0
50149,1.0,2.0,1.0,1.0,2.0,3.0,2.0,2.0,2.0,1,2,2,CALIFORNIA HOSPITAL MEDICAL CENTER LA,1401 SOUTH GRAND AVENUE,LOS ANGELES,CA,LOS ANGELES,90015,2137482411,Acute Care Hospitals,Voluntary non-profit - Other,LOS ANGELES,20,76580.0,3745.0,4644.0,139369.0,1.0,1885666.0,204554.0,29.0,8.0,55686.0,1396883.0,15.0,10116705.0
50150,3.0,3.0,3.0,2.0,4.0,4.0,4.0,3.0,2.0,2,2,3,SIERRA NEVADA MEMORIAL HOSPITAL,155 GLASSON WAY,GRASS VALLEY,CA,NEVADA,95945,5302746000,Acute Care Hospitals,Voluntary non-profit - Other,NEVADA,30,1048.0,32.0,25.0,5277.0,5.0,11517.0,1844.0,20.0,10.0,57118.0,1431.0,1.5,98893.0
50152,2.0,2.0,3.0,2.0,3.0,2.0,3.0,4.0,3.0,1,3,3,SAINT FRANCIS MEMORIAL HOSPITAL,900 HYDE ST,SAN FRANCISCO,CA,SAN FRANCISCO,94109,4153536000,Acute Care Hospitals,Voluntary non-profit - Private,SAN FRANCISCO,39,6709.0,180.0,223.0,11090.0,1.0,83244.0,6147.0,14.0,5.0,83788.0,104023.0,13.1,852469.0
50153,2.0,3.0,3.0,2.0,3.0,2.0,2.0,3.0,3.0,1,3,3,O'CONNOR HOSPITAL,2105 FOREST AVENUE,SAN JOSE,CA,SANTA CLARA,95128,4089472500,Acute Care Hospitals,Voluntary non-profit - Church,SANTA CLARA,44,10901.0,483.0,620.0,22556.0,1.0,184767.0,23000.0,16.0,5.0,97219.0,175612.0,10.2,1894605.0
50158,3.0,3.0,3.0,3.0,4.0,3.0,2.0,2.0,3.0,1,2,3,ENCINO HOSPITAL MEDICAL CENTER,16237 VENTURA BLVD,ENCINO,CA,LOS ANGELES,91436,8189955000,Acute Care Hospitals,Proprietary,LOS ANGELES,20,76580.0,3745.0,4644.0,139369.0,1.0,1885666.0,204554.0,29.0,8.0,55686.0,1396883.0,15.0,10116705.0
50159,2.0,2.0,3.0,2.0,3.0,2.0,2.0,3.0,2.0,1,2,2,VENTURA COUNTY MEDICAL CENTER,300 HILLMONT AVENUE,VENTURA,CA,VENTURA,93003,8056526075,Acute Care Hospitals,Government - Local,VENTURA,57,6050.0,320.0,415.0,20325.0,2.0,114677.0,17221.0,22.0,8.0,74967.0,78629.0,10.1,846178.0
50167,1.0,2.0,2.0,1.0,2.0,2.0,2.0,2.0,2.0,1,2,2,SAN JOAQUIN GENERAL HOSPITAL,500 W HOSPITAL ROAD,FRENCH CAMP,CA,SAN JOAQUIN,95231,2094686000,Acute Care Hospitals,Government - Local,SAN JOAQUIN,40,7152.0,365.0,446.0,24555.0,4.0,104589.0,15514.0,25.0,7.0,51527.0,65834.0,10.2,715597.0
50168,3.0,4.0,3.0,3.0,4.0,4.0,4.0,4.0,5.0,3,4,4,ST JUDE MEDICAL CENTER,101 E VALENCIA MESA DRIVE,FULLERTON,CA,ORANGE,92835,7149923000,Acute Care Hospitals,Voluntary non-profit - Church,ORANGE,31,20563.0,914.0,1225.0,28840.0,1.0,453081.0,61200.0,23.0,8.0,76061.0,322123.0,11.1,3145515.0
50169,3.0,4.0,3.0,3.0,4.0,3.0,4.0,4.0,5.0,3,5,4,PRESBYTERIAN INTERCOMMUNITY HOSPITAL,12401 WASHINGTON BLVD,WHITTIER,CA,LOS ANGELES,90602,5266980811,Acute Care Hospitals,Voluntary non-profit - Private,LOS ANGELES,20,76580.0,3745.0,4644.0,139369.0,1.0,1885666.0,204554.0,29.0,8.0,55686.0,1396883.0,15.0,10116705.0
50174,2.0,2.0,3.0,2.0,3.0,2.0,4.0,2.0,3.0,1,3,3,SANTA ROSA MEMORIAL HOSPITAL,1165 MONTGOMERY DR,SANTA ROSA,CA,SONOMA,95405,7075255300,Acute Care Hospitals,Voluntary non-profit - Private,SONOMA,50,4392.0,136.0,159.0,18499.0,4.0,62706.0,8655.0,20.0,8.0,66949.0,27539.0,5.9,500292.0
50179,2.0,2.0,1.0,2.0,3.0,3.0,3.0,2.0,2.0,1,2,2,EMANUEL MEDICAL CENTER,825 DELBON AVE,TURLOCK,CA,STANISLAUS,95382,2096674200,Acute Care Hospitals,Voluntary non-profit - Church,STANISLAUS,51,5392.0,321.0,360.0,24816.0,5.0,84340.0,12253.0,27.0,8.0,50917.0,47475.0,9.8,531997.0
50180,3.0,4.0,3.0,3.0,3.0,3.0,3.0,4.0,4.0,3,4,3,JOHN MUIR MEDICAL CENTER - WALNUT CREEK CAMPUS,1601 YGNACIO VALLEY RD,WALNUT CREEK,CA,CONTRA COSTA,94598,9259393000,Acute Care Hospitals,Voluntary non-profit - Other,CONTRA COSTA,8,8697.0,368.0,403.0,28361.0,3.0,116525.0,16487.0,17.0,6.0,80338.0,64530.0,6.4,1111339.0
50189,4.0,3.0,3.0,2.0,3.0,2.0,2.0,2.0,2.0,2,1,2,GEORGE L MEE MEMORIAL HOSPITAL,300 CANAL STREET,KING CITY,CA,MONTEREY,93930,8313856000,Acute Care Hospitals,Voluntary non-profit - Other,MONTEREY,28,2975.0,208.0,235.0,12941.0,3.0,77659.0,11899.0,31.0,10.0,57428.0,73593.0,18.8,431344.0
50191,3.0,2.0,2.0,1.0,3.0,3.0,3.0,2.0,2.0,1,2,2,ST MARY MEDICAL CENTER,1050 LINDEN AVE,LONG BEACH,CA,LOS ANGELES,90813,5624919000,Acute Care Hospitals,Voluntary non-profit - Church,LOS ANGELES,20,76580.0,3745.0,4644.0,139369.0,1.0,1885666.0,204554.0,29.0,8.0,55686.0,1396883.0,15.0,10116705.0
50192,2.0,2.0,4.0,2.0,3.0,3.0,3.0,2.0,3.0,2,3,3,ADVENTIST MEDICAL CENTER - REEDLEY,372 W CYPRESS AVE,REEDLEY,CA,FRESNO,93654,5596388155,Acute Care Hospitals,Voluntary non-profit - Private,FRESNO,11,8749.0,655.0,763.0,50729.0,5.0,152523.0,19908.0,27.0,7.0,43338.0,110063.0,12.7,965974.0
50194,3.0,2.0,3.0,2.0,3.0,2.0,3.0,2.0,3.0,2,2,2,WATSONVILLE COMMUNITY HOSPITAL,75 NIELSON STREET,WATSONVILLE,CA,SANTA CRUZ,95076,8317244741,Acute Care Hospitals,Proprietary,SANTA CRUZ,45,2155.0,82.0,94.0,10587.0,4.0,37641.0,4642.0,22.0,8.0,64257.0,22091.0,8.8,271804.0
50195,4.0,3.0,3.0,3.0,4.0,3.0,3.0,4.0,3.0,2,3,3,WASHINGTON HOSPITAL,2000 MOWRY AVE,FREMONT,CA,ALAMEDA,94538,5107971111,Acute Care Hospitals,Government - Hospital District or Authority,ALAMEDA,2,12315.0,521.0,619.0,24227.0,2.0,178422.0,21348.0,17.0,6.0,76996.0,135827.0,9.3,1610921.0
50197,3.0,4.0,4.0,3.0,4.0,3.0,3.0,4.0,4.0,3,4,4,SEQUOIA HOSPITAL,170 ALAMEDA DE LAS PULGAS,REDWOOD CITY,CA,SAN MATEO,94062,6503675551,Acute Care Hospitals,Voluntary non-profit - Private,SAN MATEO,42,4904.0,173.0,231.0,11019.0,2.0,67700.0,10443.0,14.0,6.0,100806.0,58662.0,8.5,758581.0
50204,3.0,4.0,2.0,3.0,4.0,3.0,3.0,3.0,4.0,4,3,3,PALMDALE REGIONAL MEDICAL CENTER,38600 MEDICAL CENTER DRIVE,PALMDALE,CA,LOS ANGELES,93552,6613825000,Acute Care Hospitals,Proprietary,LOS ANGELES,20,76580.0,3745.0,4644.0,139369.0,1.0,1885666.0,204554.0,29.0,8.0,55686.0,1396883.0,15.0,10116705.0
50211,3.0,2.0,3.0,2.0,3.0,2.0,2.0,2.0,3.0,1,2,2,ALAMEDA HOSPITAL,2070 CLINTON AVENUE,ALAMEDA,CA,ALAMEDA,94501,5105223700,Acute Care Hospitals,Government - Hospital District or Authority,ALAMEDA,2,12315.0,521.0,619.0,24227.0,2.0,178422.0,21348.0,17.0,6.0,76996.0,135827.0,9.3,1610921.0
50222,3.0,3.0,3.0,3.0,4.0,3.0,4.0,4.0,3.0,1,3,3,SHARP CHULA VISTA MEDICAL CENTER,751 MEDICAL CENTER COURT,CHULA VISTA,CA,SAN DIEGO,91911,6195025800,Acute Care Hospitals,Proprietary,SAN DIEGO,38,23996.0,1184.0,1444.0,84421.0,3.0,434234.0,63062.0,22.0,8.0,66034.0,234203.0,7.9,3263431.0
50224,3.0,3.0,3.0,2.0,4.0,3.0,3.0,4.0,4.0,3,4,3,HOAG MEMORIAL HOSPITAL PRESBYTERIAN,ONE HOAG DRIVE,NEWPORT BEACH,CA,ORANGE,92663,9497644624,Acute Care Hospitals,Voluntary non-profit - Private,ORANGE,31,20563.0,914.0,1225.0,28840.0,1.0,453081.0,61200.0,23.0,8.0,76061.0,322123.0,11.1,3145515.0
50225,3.0,3.0,2.0,3.0,4.0,2.0,4.0,4.0,3.0,1,4,3,FEATHER RIVER HOSPITAL,5974 PENTZ ROAD,PARADISE,CA,BUTTE,95969,5308779361,Acute Care Hospitals,Voluntary non-profit - Church,BUTTE,5,2750.0,87.0,98.0,15882.0,7.0,28274.0,3367.0,21.0,7.0,42302.0,5464.0,2.6,224241.0
50226,2.0,3.0,2.0,3.0,3.0,3.0,2.0,2.0,3.0,2,2,3,AHMC ANAHEIM REGIONAL MEDICAL CENTER,1111 W LA PALMA AVENUE,ANAHEIM,CA,ORANGE,92801,7147741450,Acute Care Hospitals,Voluntary non-profit - Private,ORANGE,31,20563.0,914.0,1225.0,28840.0,1.0,453081.0,61200.0,23.0,8.0,76061.0,322123.0,11.1,3145515.0
50228,3.0,2.0,3.0,2.0,3.0,3.0,3.0,3.0,3.0,3,3,3,SAN FRANCISCO GENERAL HOSPITAL,1001 POTRERO AVENUE,SAN FRANCISCO,CA,SAN FRANCISCO,94110,4152068000,Acute Care Hospitals,Government - Local,SAN FRANCISCO,39,6709.0,180.0,223.0,11090.0,1.0,83244.0,6147.0,14.0,5.0,83788.0,104023.0,13.1,852469.0
50230,1.0,2.0,2.0,2.0,3.0,2.0,2.0,1.0,2.0,2,2,2,GARDEN GROVE HOSPITAL & MEDICAL CENTER,12601 GARDEN GROVE BLVD,GARDEN GROVE,CA,ORANGE,92843,7145375160,Acute Care Hospitals,Proprietary,ORANGE,31,20563.0,914.0,1225.0,28840.0,1.0,453081.0,61200.0,23.0,8.0,76061.0,322123.0,11.1,3145515.0
50231,2.0,2.0,2.0,2.0,3.0,3.0,3.0,2.0,3.0,1,3,2,POMONA VALLEY HOSPITAL MEDICAL CENTER,1798 N GAREY AVE,POMONA,CA,LOS ANGELES,91767,9098659500,Acute Care Hospitals,Voluntary non-profit - Private,LOS ANGELES,20,76580.0,3745.0,4644.0,139369.0,1.0,1885666.0,204554.0,29.0,8.0,55686.0,1396883.0,15.0,10116705.0
50232,2.0,4.0,3.0,3.0,4.0,4.0,5.0,4.0,4.0,1,4,4,FRENCH HOSPITAL MEDICAL CENTER,1911 JOHNSON AVE,SAN LUIS OBISPO,CA,SAN LUIS OBISPO,93401,8055435353,Acute Care Hospitals,Voluntary non-profit - Other,SAN LUIS OBISPO,41,2480.0,94.0,85.0,10757.0,4.0,30308.0,4196.0,18.0,8.0,61775.0,10308.0,4.0,279083.0
50234,4.0,4.0,4.0,4.0,4.0,4.0,4.0,4.0,4.0,4,4,4,SHARP CORONADO HOSPITAL AND HLTHCR CTR,250 PROSPECT PLACE,CORONADO,CA,SAN DIEGO,92118,6194356251,Acute Care Hospitals,Proprietary,SAN DIEGO,38,23996.0,1184.0,1444.0,84421.0,3.0,434234.0,63062.0,22.0,8.0,66034.0,234203.0,7.9,3263431.0
50235,3.0,3.0,3.0,2.0,4.0,2.0,2.0,3.0,4.0,2,4,3,PROVIDENCE SAINT JOSEPH MEDICAL CTR,501 SOUTH BUENA VISTA,BURBANK,CA,LOS ANGELES,91505,8188435111,Acute Care Hospitals,Voluntary non-profit - Church,LOS ANGELES,20,76580.0,3745.0,4644.0,139369.0,1.0,1885666.0,204554.0,29.0,8.0,55686.0,1396883.0,15.0,10116705.0
50236,3.0,2.0,2.0,2.0,3.0,2.0,2.0,2.0,3.0,2,3,2,ADVENTIST HEALTH SIMI VALLEY,2975 N SYCAMORE DR,SIMI VALLEY,CA,VENTURA,93065,8059556000,Acute Care Hospitals,Voluntary non-profit - Church,VENTURA,57,6050.0,320.0,415.0,20325.0,2.0,114677.0,17221.0,22.0,8.0,74967.0,78629.0,10.1,846178.0
50238,3.0,3.0,3.0,2.0,3.0,3.0,3.0,3.0,4.0,2,4,3,METHODIST HOSPITAL OF SOUTHERN CA,300 W HUNTINGTON DR,ARCADIA,CA,LOS ANGELES,91006,6264454441,Acute Care Hospitals,Voluntary non-profit - Private,LOS ANGELES,20,76580.0,3745.0,4644.0,139369.0,1.0,1885666.0,204554.0,29.0,8.0,55686.0,1396883.0,15.0,10116705.0
50239,2.0,3.0,3.0,3.0,3.0,3.0,4.0,2.0,4.0,3,4,3,GLENDALE ADVENTIST MEDICAL CENTER,1509 E WILSON TERRACE,GLENDALE,CA,LOS ANGELES,91206,8184098202,Acute Care Hospitals,Voluntary non-profit - Private,LOS ANGELES,20,76580.0,3745.0,4644.0,139369.0,1.0,1885666.0,204554.0,29.0,8.0,55686.0,1396883.0,15.0,10116705.0
50242,2.0,2.0,3.0,2.0,3.0,2.0,3.0,3.0,2.0,1,2,2,DOMINICAN HOSPITAL,1555 SOQUEL DRIVE,SANTA CRUZ,CA,SANTA CRUZ,95065,8314627700,Acute Care Hospitals,Proprietary,SANTA CRUZ,45,2155.0,82.0,94.0,10587.0,4.0,37641.0,4642.0,22.0,8.0,64257.0,22091.0,8.8,271804.0
50243,1.0,2.0,3.0,2.0,3.0,2.0,3.0,2.0,3.0,1,3,2,DESERT REGIONAL MEDICAL CENTER,1150 NORTH INDIAN CANYON DRIVE,PALM SPRINGS,CA,RIVERSIDE,92262,7603236511,Acute Care Hospitals,Proprietary,RIVERSIDE,34,19465.0,939.0,1156.0,135290.0,6.0,372852.0,64968.0,27.0,10.0,56877.0,178975.0,8.5,2329271.0
50245,1.0,3.0,2.0,2.0,3.0,3.0,2.0,3.0,3.0,2,3,3,ARROWHEAD REGIONAL MEDICAL CENTER,400 NORTH PEPPER AVENUE,COLTON,CA,SAN BERNARDINO,92324,9095801000,Acute Care Hospitals,Government - Local,SAN BERNARDINO,37,19384.0,1149.0,1442.0,151879.0,7.0,331500.0,51928.0,26.0,9.0,51951.0,164389.0,8.6,2112619.0
50248,2.0,2.0,3.0,2.0,3.0,4.0,4.0,2.0,3.0,1,3,3,NATIVIDAD MEDICAL CENTER,1441 CONSTITUTION BOULEVARD,SALINAS,CA,MONTEREY,93906,8317554195,Acute Care Hospitals,Government - Hospital District or Authority,MONTEREY,28,2975.0,208.0,235.0,12941.0,3.0,77659.0,11899.0,31.0,10.0,57428.0,73593.0,18.8,431344.0
50254,4.0,4.0,4.0,4.0,4.0,4.0,2.0,4.0,4.0,2,4,4,MARSHALL MEDICAL CENTER,1100 MARSHALL WAY,PLACERVILLE,CA,EL DORADO,95667,5306221441,Acute Care Hospitals,Voluntary non-profit - Private,EL DORADO,10,1798.0,43.0,48.0,8605.0,5.0,17522.0,2672.0,16.0,7.0,70235.0,3291.0,1.9,183087.0
50257,2.0,2.0,1.0,2.0,2.0,2.0,2.0,1.0,1.0,1,2,2,GOOD SAMARITAN HOSPITAL,901 OLIVE DRIVE,BAKERSFIELD,CA,KERN,93308,6613994461,Acute Care Hospitals,Proprietary,KERN,16,8813.0,554.0,673.0,45375.0,5.0,135724.0,20109.0,27.0,8.0,47451.0,86631.0,11.0,874589.0
50261,2.0,3.0,3.0,2.0,3.0,3.0,3.0,2.0,3.0,2,2,3,SIERRA VIEW MEDICAL CENTER,465 W PUTNAM AVE,PORTERVILLE,CA,TULARE,93257,5597841110,Acute Care Hospitals,Voluntary non-profit - Private,TULARE,55,4179.0,266.0,300.0,35622.0,8.0,75981.0,11027.0,29.0,7.0,42360.0,60375.0,14.7,458198.0
50262,3.0,4.0,4.0,4.0,4.0,4.0,4.0,5.0,5.0,3,5,4,RONALD REAGAN U C L A MEDICAL CENTER,757 WESTWOOD PLAZA,LOS ANGELES,CA,LOS ANGELES,90095,3108256301,Acute Care Hospitals,Government - State,LOS ANGELES,20,76580.0,3745.0,4644.0,139369.0,1.0,1885666.0,204554.0,29.0,8.0,55686.0,1396883.0,15.0,10116705.0
50272,3.0,3.0,3.0,3.0,4.0,3.0,3.0,3.0,4.0,2,4,3,REDLANDS COMMUNITY HOSPITAL,350 TERRACINA BLVD,REDLANDS,CA,SAN BERNARDINO,92373,9093355500,Acute Care Hospitals,Government - Federal,SAN BERNARDINO,37,19384.0,1149.0,1442.0,151879.0,7.0,331500.0,51928.0,26.0,9.0,51951.0,164389.0,8.6,2112619.0
50276,2.0,2.0,3.0,2.0,2.0,3.0,4.0,2.0,2.0,1,3,2,CONTRA COSTA REGIONAL MEDICAL CENTER,2500 ALHAMBRA AVENUE,MARTINEZ,CA,CONTRA COSTA,94553,9253705000,Acute Care Hospitals,Government - Local,CONTRA COSTA,8,8697.0,368.0,403.0,28361.0,3.0,116525.0,16487.0,17.0,6.0,80338.0,64530.0,6.4,1111339.0
50278,3.0,3.0,3.0,4.0,4.0,3.0,3.0,4.0,4.0,2,4,3,PROVIDENCE HOLY CROSS MEDICAL CENTER,15031 RINALDI ST,MISSION HILLS,CA,LOS ANGELES,91346,8183658051,Acute Care Hospitals,Voluntary non-profit - Church,LOS ANGELES,20,76580.0,3745.0,4644.0,139369.0,1.0,1885666.0,204554.0,29.0,8.0,55686.0,1396883.0,15.0,10116705.0
50279,2.0,3.0,1.0,3.0,2.0,2.0,2.0,1.0,3.0,3,2,2,HI-DESERT MEDICAL CENTER,6601 WHITE FEATHER ROAD,JOSHUA TREE,CA,SAN BERNARDINO,92252,7603663711,Acute Care Hospitals,Government - Hospital District or Authority,SAN BERNARDINO,37,19384.0,1149.0,1442.0,151879.0,7.0,331500.0,51928.0,26.0,9.0,51951.0,164389.0,8.6,2112619.0
50280,2.0,3.0,2.0,2.0,3.0,3.0,4.0,3.0,2.0,1,3,3,MERCY MEDICAL CENTER REDDING,"2175 ROSALINE AVE, CLAIRMONT HGTS",REDDING,CA,SHASTA,96001,5302256102,Acute Care Hospitals,Voluntary non-profit - Private,SHASTA,46,2847.0,90.0,86.0,13137.0,7.0,23105.0,3210.0,22.0,8.0,43661.0,2331.0,1.4,179804.0
50281,3.0,2.0,2.0,2.0,3.0,3.0,3.0,1.0,3.0,2,2,2,ALHAMBRA HOSPITAL MEDICAL CENTER,100 S RAYMOND AVE,ALHAMBRA,CA,LOS ANGELES,91801,6265701606,Acute Care Hospitals,Proprietary,LOS ANGELES,20,76580.0,3745.0,4644.0,139369.0,1.0,1885666.0,204554.0,29.0,8.0,55686.0,1396883.0,15.0,10116705.0
50283,3.0,4.0,3.0,3.0,4.0,3.0,4.0,4.0,4.0,2,4,4,STANFORD HEALTH CARE - VALLEYCARE,5555 WEST LAS POSITAS BOULEVARD,PLEASANTON,CA,ALAMEDA,94588,9254477000,Acute Care Hospitals,Voluntary non-profit - Private,ALAMEDA,2,12315.0,521.0,619.0,24227.0,2.0,178422.0,21348.0,17.0,6.0,76996.0,135827.0,9.3,1610921.0
50289,3.0,2.0,2.0,2.0,2.0,2.0,4.0,3.0,2.0,2,2,2,SETON MEDICAL CENTER,1900 SULLIVAN AVENUE,DALY CITY,CA,SAN MATEO,94015,6509924000,Acute Care Hospitals,Voluntary non-profit - Church,SAN MATEO,42,4904.0,173.0,231.0,11019.0,2.0,67700.0,10443.0,14.0,6.0,100806.0,58662.0,8.5,758581.0
50290,3.0,3.0,3.0,2.0,4.0,2.0,2.0,3.0,4.0,3,4,3,PROVIDENCE SAINT JOHN'S HEALTH CENTER,2121 SANTA MONICA BLVD,SANTA MONICA,CA,LOS ANGELES,90404,3108295511,Acute Care Hospitals,Voluntary non-profit - Private,LOS ANGELES,20,76580.0,3745.0,4644.0,139369.0,1.0,1885666.0,204554.0,29.0,8.0,55686.0,1396883.0,15.0,10116705.0
50291,3.0,4.0,3.0,4.0,4.0,3.0,4.0,4.0,4.0,3,4,4,SUTTER SANTA ROSA REGIONAL HOSPITAL,30 MARK WEST SPRINGS ROAD,SANTA ROSA,CA,SONOMA,95403,7075764000,Acute Care Hospitals,Voluntary non-profit - Other,SONOMA,50,4392.0,136.0,159.0,18499.0,4.0,62706.0,8655.0,20.0,8.0,66949.0,27539.0,5.9,500292.0
50292,1.0,1.0,1.0,1.0,1.0,1.0,2.0,1.0,1.0,1,1,1,RIVERSIDE UNIVERSITY HEALTH SYSTEM-MEDICAL CENTER,26520 CACTUS AVENUE,MORENO VALLEY,CA,RIVERSIDE,92555,9514864000,Acute Care Hospitals,Government - Local,RIVERSIDE,34,19465.0,939.0,1156.0,135290.0,6.0,372852.0,64968.0,27.0,10.0,56877.0,178975.0,8.5,2329271.0
50295,2.0,2.0,2.0,2.0,3.0,3.0,2.0,2.0,2.0,1,3,2,MERCY HOSPITAL,2215 TRUXTUN AVENUE,BAKERSFIELD,CA,KERN,93301,6616325000,Acute Care Hospitals,Voluntary non-profit - Other,KERN,16,8813.0,554.0,673.0,45375.0,5.0,135724.0,20109.0,27.0,8.0,47451.0,86631.0,11.0,874589.0
50296,3.0,2.0,3.0,2.0,3.0,3.0,4.0,2.0,2.0,2,2,3,HAZEL HAWKINS MEMORIAL HOSPITAL,911 SUNSET DRIVE,HOLLISTER,CA,SAN BENITO,95023,8316375711,Acute Care Hospitals,Government - Hospital District or Authority,SAN BENITO,36,415.0,27.0,27.0,1645.0,3.0,8513.0,1458.0,24.0,9.0,68166.0,5427.0,10.3,58267.0
50298,2.0,3.0,2.0,2.0,4.0,2.0,3.0,2.0,3.0,3,2,3,BARSTOW COMMUNITY HOSPITAL,820 E MOUNTAIN VIEW STREET,BARSTOW,CA,SAN BERNARDINO,92311,7602561761,Acute Care Hospitals,Proprietary,SAN BERNARDINO,37,19384.0,1149.0,1442.0,151879.0,7.0,331500.0,51928.0,26.0,9.0,51951.0,164389.0,8.6,2112619.0
50300,1.0,2.0,3.0,2.0,3.0,2.0,3.0,2.0,2.0,1,3,2,ST MARY MEDICAL CENTER,18300 HIGHWAY 18,APPLE VALLEY,CA,SAN BERNARDINO,92307,7602422311,Acute Care Hospitals,Voluntary non-profit - Private,SAN BERNARDINO,37,19384.0,1149.0,1442.0,151879.0,7.0,331500.0,51928.0,26.0,9.0,51951.0,164389.0,8.6,2112619.0
50301,2.0,3.0,3.0,3.0,3.0,2.0,4.0,3.0,3.0,1,2,3,UKIAH VALLEY MEDICAL CENTER,275 HOSPITAL DRIVE,UKIAH,CA,MENDOCINO,95482,7074623111,Acute Care Hospitals,Voluntary non-profit - Church,MENDOCINO,24,1144.0,41.0,57.0,6574.0,7.0,13651.0,2172.0,26.0,11.0,42840.0,4614.0,5.6,87869.0
50305,1.0,2.0,2.0,1.0,3.0,2.0,2.0,2.0,2.0,1,2,2,ALTA BATES SUMMIT MEDICAL CENTER - ALTA BATES CAMP,2450 ASHBY AVENUE,BERKELEY,CA,ALAMEDA,94705,5102044444,Acute Care Hospitals,Voluntary non-profit - Private,ALAMEDA,2,12315.0,521.0,619.0,24227.0,2.0,178422.0,21348.0,17.0,6.0,76996.0,135827.0,9.3,1610921.0
50308,3.0,4.0,3.0,3.0,4.0,4.0,3.0,4.0,4.0,3,4,4,EL CAMINO HOSPITAL,2500 GRANT ROAD,MOUNTAIN VIEW,CA,SANTA CLARA,94040,6509407000,Acute Care Hospitals,Government - Hospital District or Authority,SANTA CLARA,44,10901.0,483.0,620.0,22556.0,1.0,184767.0,23000.0,16.0,5.0,97219.0,175612.0,10.2,1894605.0
50309,2.0,3.0,3.0,3.0,3.0,2.0,2.0,3.0,3.0,2,4,3,SUTTER ROSEVILLE MEDICAL CENTER,ONE MEDICAL PLAZA,ROSEVILLE,CA,PLACER,95661,9167811000,Acute Care Hospitals,Voluntary non-profit - Other,PLACER,32,3091.0,108.0,120.0,7803.0,2.0,33319.0,5830.0,15.0,7.0,75689.0,7401.0,2.2,371694.0
50313,3.0,3.0,3.0,2.0,4.0,2.0,3.0,4.0,3.0,2,3,3,SUTTER TRACY COMMUNITY HOSPITAL,1420 NORTH TRACY BLVD,TRACY,CA,SAN JOAQUIN,95376,2098351500,Acute Care Hospitals,Voluntary non-profit - Private,SAN JOAQUIN,40,7152.0,365.0,446.0,24555.0,4.0,104589.0,15514.0,25.0,7.0,51527.0,65834.0,10.2,715597.0
50315,1.0,2.0,3.0,2.0,2.0,2.0,1.0,2.0,2.0,1,2,2,KERN MEDICAL CENTER,1700 MOUNT VERNON AVENUE,BAKERSFIELD,CA,KERN,93306,6613262000,Acute Care Hospitals,Voluntary non-profit - Other,KERN,16,8813.0,554.0,673.0,45375.0,5.0,135724.0,20109.0,27.0,8.0,47451.0,86631.0,11.0,874589.0
50320,2.0,2.0,3.0,2.0,3.0,3.0,2.0,2.0,3.0,3,3,3,HIGHLAND HOSPITAL,1411 E 31ST STREET,OAKLAND,CA,ALAMEDA,94602,5104374800,Acute Care Hospitals,Government - Hospital District or Authority,ALAMEDA,2,12315.0,521.0,619.0,24227.0,2.0,178422.0,21348.0,17.0,6.0,76996.0,135827.0,9.3,1610921.0
50324,3.0,4.0,3.0,3.0,4.0,3.0,3.0,4.0,4.0,3,4,3,SCRIPPS MEMORIAL HOSPITAL LA JOLLA,9888 GENESEE AVENUE,LA JOLLA,CA,SAN DIEGO,92037,8586264123,Acute Care Hospitals,Voluntary non-profit - Other,SAN DIEGO,38,23996.0,1184.0,1444.0,84421.0,3.0,434234.0,63062.0,22.0,8.0,66034.0,234203.0,7.9,3263431.0
50327,1.0,3.0,3.0,2.0,3.0,3.0,4.0,3.0,4.0,1,4,3,LOMA LINDA UNIVERSITY MEDICAL CENTER,11234 ANDERSON ST,LOMA LINDA,CA,SAN BERNARDINO,92354,9095584000,Acute Care Hospitals,Voluntary non-profit - Private,SAN BERNARDINO,37,19384.0,1149.0,1442.0,151879.0,7.0,331500.0,51928.0,26.0,9.0,51951.0,164389.0,8.6,2112619.0
50329,2.0,2.0,2.0,2.0,2.0,2.0,2.0,2.0,2.0,1,2,2,CORONA REGIONAL MEDICAL CENTER,800 SOUTH MAIN STREET,CORONA,CA,RIVERSIDE,92882,9517374343,Acute Care Hospitals,Proprietary,RIVERSIDE,34,19465.0,939.0,1156.0,135290.0,6.0,372852.0,64968.0,27.0,10.0,56877.0,178975.0,8.5,2329271.0
50334,3.0,3.0,3.0,3.0,3.0,3.0,3.0,3.0,3.0,1,3,3,SALINAS VALLEY MEMORIAL HOSPITAL,450 EAST ROMIE LANE,SALINAS,CA,MONTEREY,93901,8317574333,Acute Care Hospitals,Voluntary non-profit - Other,MONTEREY,28,2975.0,208.0,235.0,12941.0,3.0,77659.0,11899.0,31.0,10.0,57428.0,73593.0,18.8,431344.0
50335,2.0,3.0,3.0,3.0,3.0,3.0,4.0,3.0,3.0,2,3,3,ADVENTIST HEALTH SONORA,1000 GREENLEY ROAD,SONORA,CA,TUOLUMNE,95370,2095323161,Acute Care Hospitals,Voluntary non-profit - Church,TUOLUMNE,56,723.0,12.0,,4811.0,9.0,5403.0,802.0,18.0,8.0,49476.0,619.0,1.2,53831.0
50336,2.0,3.0,2.0,2.0,3.0,3.0,3.0,2.0,3.0,3,3,3,LODI MEMORIAL HOSPITAL,975 S FAIRMONT AVENUE,LODI,CA,SAN JOAQUIN,95240,2093343411,Acute Care Hospitals,Voluntary non-profit - Other,SAN JOAQUIN,40,7152.0,365.0,446.0,24555.0,4.0,104589.0,15514.0,25.0,7.0,51527.0,65834.0,10.2,715597.0
50342,3.0,2.0,1.0,2.0,3.0,2.0,3.0,3.0,2.0,1,3,2,PIONEERS MEMORIAL HEALTHCARE DISTRICT,207 WEST LEGION ROAD,BRAWLEY,CA,IMPERIAL,92227,7603513333,Acute Care Hospitals,Government - Hospital District or Authority,IMPERIAL,14,1381.0,81.0,89.0,14044.0,8.0,27367.0,4808.0,28.0,9.0,38737.0,33652.0,20.7,179091.0
50348,3.0,3.0,3.0,3.0,3.0,3.0,3.0,4.0,4.0,3,4,3,UNIVERSITY OF CALIFORNIA IRVINE MED CENTER,101 CITY DRIVE SOUTH,ORANGE,CA,ORANGE,92868,7144566112,Acute Care Hospitals,Government - Local,ORANGE,31,20563.0,914.0,1225.0,28840.0,1.0,453081.0,61200.0,23.0,8.0,76061.0,322123.0,11.1,3145515.0
50350,3.0,2.0,2.0,2.0,2.0,2.0,2.0,3.0,2.0,1,2,2,BEVERLY HOSPITAL,309 W BEVERLY BLVD,MONTEBELLO,CA,LOS ANGELES,90640,3237261222,Acute Care Hospitals,Voluntary non-profit - Private,LOS ANGELES,20,76580.0,3745.0,4644.0,139369.0,1.0,1885666.0,204554.0,29.0,8.0,55686.0,1396883.0,15.0,10116705.0
50351,3.0,4.0,3.0,3.0,4.0,3.0,3.0,4.0,5.0,3,5,4,TORRANCE MEMORIAL MEDICAL CENTER,3330 LOMITA BLVD,TORRANCE,CA,LOS ANGELES,90509,3103259110,Acute Care Hospitals,Voluntary non-profit - Other,LOS ANGELES,20,76580.0,3745.0,4644.0,139369.0,1.0,1885666.0,204554.0,29.0,8.0,55686.0,1396883.0,15.0,10116705.0
50352,4.0,4.0,4.0,4.0,3.0,4.0,4.0,4.0,4.0,3,4,4,BARTON MEMORIAL HOSPITAL,2170 SOUTH AVENUE,SOUTH LAKE TAHOE,CA,EL DORADO,96150,5305413420,Acute Care Hospitals,Voluntary non-profit - Private,EL DORADO,10,1798.0,43.0,48.0,8605.0,5.0,17522.0,2672.0,16.0,7.0,70235.0,3291.0,1.9,183087.0
50353,3.0,3.0,3.0,2.0,3.0,3.0,2.0,3.0,4.0,2,4,3,PROVIDENCE LITTLE COMPANY OF MARY MED CTR TORRANCE,4101 TORRANCE BLVD,TORRANCE,CA,LOS ANGELES,90503,3105407676,Acute Care Hospitals,Voluntary non-profit - Church,LOS ANGELES,20,76580.0,3745.0,4644.0,139369.0,1.0,1885666.0,204554.0,29.0,8.0,55686.0,1396883.0,15.0,10116705.0
50357,4.0,4.0,4.0,4.0,4.0,4.0,5.0,5.0,5.0,4,5,4,GOLETA VALLEY COTTAGE HOSPITAL,351 S PATTERSON AVE,SANTA BARBARA,CA,SANTA BARBARA,93111,8056816446,Acute Care Hospitals,Voluntary non-profit - Other,SANTA BARBARA,43,3085.0,125.0,197.0,12538.0,3.0,66994.0,9870.0,25.0,10.0,62116.0,46141.0,11.4,440668.0
50359,2.0,2.0,1.0,2.0,2.0,1.0,1.0,2.0,1.0,1,1,2,TULARE REGIONAL MEDICAL CENTER,869 NORTH CHERRY AVENUE,TULARE,CA,TULARE,93274,5596880821,Acute Care Hospitals,Government - Hospital District or Authority,TULARE,55,4179.0,266.0,300.0,35622.0,8.0,75981.0,11027.0,29.0,7.0,42360.0,60375.0,14.7,458198.0
50360,1.0,2.0,3.0,2.0,3.0,2.0,4.0,2.0,3.0,1,3,2,MARIN GENERAL HOSPITAL,"250 BON AIR ROAD, PO BOX 8010",GREENBRAE,CA,MARIN,94904,4159257900,Acute Care Hospitals,Government - Local,MARIN,22,1863.0,63.0,56.0,4989.0,2.0,21182.0,3258.0,14.0,6.0,94549.0,10439.0,4.3,260750.0
50367,2.0,4.0,3.0,3.0,4.0,3.0,4.0,4.0,3.0,1,3,3,NORTHBAY MEDICAL CENTER,1200 B  GALE WILSON BLVD,FAIRFIELD,CA,SOLANO,94533,7076465000,Acute Care Hospitals,Voluntary non-profit - Other,SOLANO,49,4113.0,177.0,223.0,16816.0,4.0,47226.0,6570.0,18.0,6.0,67106.0,20778.0,5.3,431131.0
50373,2.0,2.0,3.0,2.0,2.0,2.0,2.0,4.0,3.0,2,3,2,LAC+USC MEDICAL CENTER,"1200 N STATE ST, ROOM C2K100",LOS ANGELES,CA,LOS ANGELES,90033,3232262800,Acute Care Hospitals,Government - Local,LOS ANGELES,20,76580.0,3745.0,4644.0,139369.0,1.0,1885666.0,204554.0,29.0,8.0,55686.0,1396883.0,15.0,10116705.0
50376,1.0,2.0,3.0,2.0,3.0,3.0,2.0,3.0,3.0,1,3,2,LAC/HARBOR-UCLA MED CENTER,1000 W CARSON ST,TORRANCE,CA,LOS ANGELES,90502,3102222101,Acute Care Hospitals,Government - Local,LOS ANGELES,20,76580.0,3745.0,4644.0,139369.0,1.0,1885666.0,204554.0,29.0,8.0,55686.0,1396883.0,15.0,10116705.0
50378,2.0,2.0,2.0,1.0,2.0,2.0,2.0,1.0,2.0,1,2,2,PACIFICA HOSPITAL OF THE VALLEY,9449 SAN FERNANDO RD,SUN VALLEY,CA,LOS ANGELES,91352,8187673310,Acute Care Hospitals,Proprietary,LOS ANGELES,20,76580.0,3745.0,4644.0,139369.0,1.0,1885666.0,204554.0,29.0,8.0,55686.0,1396883.0,15.0,10116705.0
50380,2.0,2.0,3.0,2.0,3.0,2.0,3.0,2.0,3.0,1,3,2,GOOD SAMARITAN HOSPITAL,2425 SAMARITAN DRIVE,SAN JOSE,CA,SANTA CLARA,95124,4085592011,Acute Care Hospitals,Proprietary,SANTA CLARA,44,10901.0,483.0,620.0,22556.0,1.0,184767.0,23000.0,16.0,5.0,97219.0,175612.0,10.2,1894605.0
50382,3.0,2.0,2.0,3.0,3.0,3.0,3.0,2.0,3.0,2,3,3,CITRUS VALLEY MEDICAL CENTER-IC CAMPUS,210 W  SAN BERNARDINO ROAD,COVINA,CA,LOS ANGELES,91723,6268142468,Acute Care Hospitals,Proprietary,LOS ANGELES,20,76580.0,3745.0,4644.0,139369.0,1.0,1885666.0,204554.0,29.0,8.0,55686.0,1396883.0,15.0,10116705.0
50390,1.0,2.0,1.0,1.0,2.0,1.0,2.0,1.0,1.0,1,1,1,HEMET VALLEY MEDICAL CENTER,1117 EAST DEVONSHIRE,HEMET,CA,RIVERSIDE,92543,9516522811,Acute Care Hospitals,Government - State,RIVERSIDE,34,19465.0,939.0,1156.0,135290.0,6.0,372852.0,64968.0,27.0,10.0,56877.0,178975.0,8.5,2329271.0
50393,3.0,2.0,2.0,2.0,2.0,2.0,2.0,2.0,2.0,1,2,2,PIH HOSPITAL - DOWNEY,11500 BROOKSHIRE AVENUE,DOWNEY,CA,LOS ANGELES,90241,5269045000,Acute Care Hospitals,Voluntary non-profit - Private,LOS ANGELES,20,76580.0,3745.0,4644.0,139369.0,1.0,1885666.0,204554.0,29.0,8.0,55686.0,1396883.0,15.0,10116705.0
50394,2.0,3.0,3.0,2.0,3.0,3.0,3.0,3.0,2.0,1,3,3,COMMUNITY MEMORIAL HOSPITAL SAN BUENAVENTURA,147 N BRENT ST,VENTURA,CA,VENTURA,93003,8056525011,Acute Care Hospitals,Voluntary non-profit - Private,VENTURA,57,6050.0,320.0,415.0,20325.0,2.0,114677.0,17221.0,22.0,8.0,74967.0,78629.0,10.1,846178.0
50396,3.0,4.0,4.0,3.0,4.0,3.0,3.0,4.0,4.0,3,5,4,SANTA BARBARA COTTAGE HOSPITAL,400 WEST PUEBLO,SANTA BARBARA,CA,SANTA BARBARA,93102,8056827111,Acute Care Hospitals,Voluntary non-profit - Private,SANTA BARBARA,43,3085.0,125.0,197.0,12538.0,3.0,66994.0,9870.0,25.0,10.0,62116.0,46141.0,11.4,440668.0
50407,3.0,3.0,2.0,4.0,2.0,3.0,4.0,3.0,3.0,2,2,3,CHINESE HOSPITAL,845 JACKSON ST,SAN FRANCISCO,CA,SAN FRANCISCO,94133,4159822400,Acute Care Hospitals,Voluntary non-profit - Private,SAN FRANCISCO,39,6709.0,180.0,223.0,11090.0,1.0,83244.0,6147.0,14.0,5.0,83788.0,104023.0,13.1,852469.0
50411,3.0,3.0,3.0,3.0,4.0,3.0,3.0,3.0,4.0,3,3,3,KAISER FOUNDATION HOSPITAL - SOUTH BAY,25825 SOUTH VERMONT AVENUE,HARBOR CITY,CA,LOS ANGELES,90710,3105176441,Acute Care Hospitals,Voluntary non-profit - Other,LOS ANGELES,20,76580.0,3745.0,4644.0,139369.0,1.0,1885666.0,204554.0,29.0,8.0,55686.0,1396883.0,15.0,10116705.0
50414,2.0,3.0,3.0,2.0,3.0,3.0,3.0,4.0,3.0,2,3,3,MERCY HOSPITAL OF FOLSOM,1650 CREEKSIDE DRIVE,FOLSOM,CA,SACRAMENTO,95630,9169837400,Acute Care Hospitals,Voluntary non-profit - Private,SACRAMENTO,35,14304.0,636.0,794.0,51932.0,4.0,192622.0,24509.0,21.0,7.0,55803.0,95883.0,7.1,1482026.0
50417,2.0,2.0,1.0,3.0,2.0,2.0,2.0,2.0,1.0,2,1,2,SUTTER COAST HOSPITAL,800 E WASHINGTON BLVD,CRESCENT CITY,CA,DEL NORTE,95531,7074648880,Acute Care Hospitals,Government - Hospital District or Authority,DEL NORTE,9,418.0,14.0,,2923.0,10.0,3010.0,473.0,20.0,8.0,41419.0,647.0,2.5,27212.0
50424,3.0,4.0,4.0,3.0,4.0,4.0,4.0,4.0,4.0,3,4,4,SCRIPPS GREEN HOSPITAL,10666 NORTH TORREY PINES ROAD,LA JOLLA,CA,SAN DIEGO,92037,8584559100,Acute Care Hospitals,Voluntary non-profit - Private,SAN DIEGO,38,23996.0,1184.0,1444.0,84421.0,3.0,434234.0,63062.0,22.0,8.0,66034.0,234203.0,7.9,3263431.0
50425,2.0,2.0,3.0,2.0,3.0,2.0,3.0,3.0,3.0,1,3,3,KAISER FOUNDATION HOSPITAL - SACRAMENTO,2025 MORSE AVENUE,SACRAMENTO,CA,SACRAMENTO,95825,9169735000,Acute Care Hospitals,Voluntary non-profit - Private,SACRAMENTO,35,14304.0,636.0,794.0,51932.0,4.0,192622.0,24509.0,21.0,7.0,55803.0,95883.0,7.1,1482026.0
50426,2.0,1.0,1.0,1.0,3.0,1.0,1.0,1.0,2.0,1,1,1,WEST ANAHEIM MEDICAL CENTER,3033 W ORANGE AVENUE,ANAHEIM,CA,ORANGE,92804,7148273000,Acute Care Hospitals,Proprietary,ORANGE,31,20563.0,914.0,1225.0,28840.0,1.0,453081.0,61200.0,23.0,8.0,76061.0,322123.0,11.1,3145515.0
50438,3.0,3.0,3.0,3.0,3.0,3.0,3.0,4.0,4.0,3,5,3,HUNTINGTON MEMORIAL HOSPITAL,100 W  CALIFORNIA BLVD,PASADENA,CA,LOS ANGELES,91109,6263975000,Acute Care Hospitals,Voluntary non-profit - Other,LOS ANGELES,20,76580.0,3745.0,4644.0,139369.0,1.0,1885666.0,204554.0,29.0,8.0,55686.0,1396883.0,15.0,10116705.0
50441,3.0,4.0,3.0,3.0,3.0,3.0,4.0,4.0,4.0,1,4,3,STANFORD HEALTH CARE,300 PASTEUR DRIVE,STANFORD,CA,SANTA CLARA,94305,6507235708,Acute Care Hospitals,Voluntary non-profit - Private,SANTA CLARA,44,10901.0,483.0,620.0,22556.0,1.0,184767.0,23000.0,16.0,5.0,97219.0,175612.0,10.2,1894605.0
50444,2.0,2.0,1.0,2.0,3.0,3.0,2.0,2.0,2.0,2,2,2,MERCY MEDICAL CENTER,333 MERCY AVENUE,MERCED,CA,MERCED,95340,2095645000,Acute Care Hospitals,Voluntary non-profit - Private,MERCED,25,2333.0,138.0,186.0,14080.0,6.0,43374.0,6027.0,28.0,7.0,43818.0,33478.0,14.0,266353.0
50454,4.0,4.0,4.0,4.0,4.0,3.0,4.0,4.0,5.0,3,5,4,UCSF MEDICAL CENTER,"505 PARNASSUS AVE, BOX 0296",SAN FRANCISCO,CA,SAN FRANCISCO,94143,4153532733,Acute Care Hospitals,Voluntary non-profit - Other,SAN FRANCISCO,39,6709.0,180.0,223.0,11090.0,1.0,83244.0,6147.0,14.0,5.0,83788.0,104023.0,13.1,852469.0
50455,1.0,2.0,3.0,2.0,3.0,2.0,2.0,3.0,3.0,2,3,2,ADVENTIST HEALTH BAKERSFIELD,2615 CHESTER AVENUE,BAKERSFIELD,CA,KERN,93301,6613953000,Acute Care Hospitals,Voluntary non-profit - Private,KERN,16,8813.0,554.0,673.0,45375.0,5.0,135724.0,20109.0,27.0,8.0,47451.0,86631.0,11.0,874589.0
50457,3.0,2.0,3.0,1.0,3.0,4.0,3.0,2.0,2.0,1,3,3,ST MARY'S MEDICAL CENTER,450 STANYAN ST,SAN FRANCISCO,CA,SAN FRANCISCO,94117,4156681000,Acute Care Hospitals,Voluntary non-profit - Private,SAN FRANCISCO,39,6709.0,180.0,223.0,11090.0,1.0,83244.0,6147.0,14.0,5.0,83788.0,104023.0,13.1,852469.0
50464,2.0,3.0,3.0,2.0,3.0,3.0,3.0,2.0,3.0,1,3,3,DOCTORS MEDICAL CENTER,1441 FLORIDA AVENUE,MODESTO,CA,STANISLAUS,95350,2095781211,Acute Care Hospitals,Proprietary,STANISLAUS,51,5392.0,321.0,360.0,24816.0,5.0,84340.0,12253.0,27.0,8.0,50917.0,47475.0,9.8,531997.0
50468,1.0,1.0,1.0,1.0,1.0,1.0,1.0,1.0,1.0,1,1,1,MEMORIAL HOSPITAL OF GARDENA,1145 W REDONDO BEACH BLVD,GARDENA,CA,LOS ANGELES,90247,3105324200,Acute Care Hospitals,Proprietary,LOS ANGELES,20,76580.0,3745.0,4644.0,139369.0,1.0,1885666.0,204554.0,29.0,8.0,55686.0,1396883.0,15.0,10116705.0
50471,2.0,2.0,3.0,2.0,2.0,2.0,3.0,2.0,3.0,2,3,2,GOOD SAMARITAN HOSPITAL,1225 WILSHIRE BOULEVARD,LOS ANGELES,CA,LOS ANGELES,90017,2139772121,Acute Care Hospitals,Proprietary,LOS ANGELES,20,76580.0,3745.0,4644.0,139369.0,1.0,1885666.0,204554.0,29.0,8.0,55686.0,1396883.0,15.0,10116705.0
50481,1.0,2.0,2.0,2.0,3.0,2.0,2.0,2.0,3.0,1,3,2,WEST HILLS HOSPITAL & MEDICAL CENTER,7300 MEDICAL CENTER DR,WEST HILLS,CA,LOS ANGELES,91307,8186764100,Acute Care Hospitals,Proprietary,LOS ANGELES,20,76580.0,3745.0,4644.0,139369.0,1.0,1885666.0,204554.0,29.0,8.0,55686.0,1396883.0,15.0,10116705.0
50485,3.0,3.0,3.0,2.0,3.0,3.0,2.0,4.0,4.0,1,4,3,LONG BEACH MEMORIAL MEDICAL CENTER,2801 ATLANTIC AVE,LONG BEACH,CA,LOS ANGELES,90806,5629332000,Acute Care Hospitals,Voluntary non-profit - Other,LOS ANGELES,20,76580.0,3745.0,4644.0,139369.0,1.0,1885666.0,204554.0,29.0,8.0,55686.0,1396883.0,15.0,10116705.0
50488,3.0,3.0,3.0,2.0,4.0,3.0,3.0,4.0,4.0,3,4,3,EDEN MEDICAL CENTER,20103 LAKE CHABOT ROAD,CASTRO VALLEY,CA,ALAMEDA,94546,5105371234,Acute Care Hospitals,Voluntary non-profit - Other,ALAMEDA,2,12315.0,521.0,619.0,24227.0,2.0,178422.0,21348.0,17.0,6.0,76996.0,135827.0,9.3,1610921.0
50492,3.0,3.0,3.0,2.0,4.0,3.0,4.0,3.0,4.0,3,4,3,CLOVIS COMMUNITY MEDICAL CENTER,2755 HERNDON AVE,CLOVIS,CA,FRESNO,93611,5593244000,Acute Care Hospitals,Voluntary non-profit - Private,FRESNO,11,8749.0,655.0,763.0,50729.0,5.0,152523.0,19908.0,27.0,7.0,43338.0,110063.0,12.7,965974.0
50496,3.0,4.0,3.0,3.0,4.0,3.0,4.0,4.0,4.0,2,4,4,JOHN MUIR MEDICAL CENTER - CONCORD CAMPUS,2540 EAST ST,CONCORD,CA,CONTRA COSTA,94520,9256828200,Acute Care Hospitals,Voluntary non-profit - Private,CONTRA COSTA,8,8697.0,368.0,403.0,28361.0,3.0,116525.0,16487.0,17.0,6.0,80338.0,64530.0,6.4,1111339.0
50498,4.0,4.0,3.0,3.0,4.0,3.0,4.0,4.0,4.0,2,4,4,SUTTER AUBURN FAITH HOSPITAL,11815 EDUCATION STREET,AUBURN,CA,PLACER,95603,5308884500,Acute Care Hospitals,Voluntary non-profit - Other,PLACER,32,3091.0,108.0,120.0,7803.0,2.0,33319.0,5830.0,15.0,7.0,75689.0,7401.0,2.2,371694.0
50502,1.0,2.0,2.0,2.0,2.0,2.0,2.0,3.0,2.0,1,2,2,SAINT VINCENT MEDICAL CENTER,2131 W 3RD ST,LOS ANGELES,CA,LOS ANGELES,90057,2134847111,Acute Care Hospitals,Voluntary non-profit - Church,LOS ANGELES,20,76580.0,3745.0,4644.0,139369.0,1.0,1885666.0,204554.0,29.0,8.0,55686.0,1396883.0,15.0,10116705.0
50503,2.0,3.0,3.0,2.0,3.0,2.0,2.0,3.0,3.0,1,3,3,SCRIPPS MEMORIAL HOSPITAL - ENCINITAS,354 SANTA FE DRIVE,ENCINITAS,CA,SAN DIEGO,92024,7607536501,Acute Care Hospitals,Voluntary non-profit - Private,SAN DIEGO,38,23996.0,1184.0,1444.0,84421.0,3.0,434234.0,63062.0,22.0,8.0,66034.0,234203.0,7.9,3263431.0
50506,2.0,3.0,3.0,2.0,3.0,3.0,4.0,3.0,3.0,1,3,3,SIERRA VISTA REGIONAL MEDICAL CENTER,1010 MURRAY ST,SAN LUIS OBISPO,CA,SAN LUIS OBISPO,93405,8505467600,Acute Care Hospitals,Proprietary,SAN LUIS OBISPO,41,2480.0,94.0,85.0,10757.0,4.0,30308.0,4196.0,18.0,8.0,61775.0,10308.0,4.0,279083.0
50510,3.0,4.0,4.0,4.0,4.0,3.0,4.0,4.0,3.0,1,4,4,KAISER FOUNDATION HOSPITAL,99 MONTECILLO RD,SAN RAFAEL,CA,MARIN,94903,4154442000,Acute Care Hospitals,Voluntary non-profit - Other,MARIN,22,1863.0,63.0,56.0,4989.0,2.0,21182.0,3258.0,14.0,6.0,94549.0,10439.0,4.3,260750.0
50512,3.0,2.0,4.0,2.0,4.0,2.0,3.0,4.0,3.0,1,3,3,KAISER FOUNDATION HOSPITAL - FREMONT,39400 PASEO PADRE PKWY,FREMONT,CA,ALAMEDA,94538,5107844000,Acute Care Hospitals,Voluntary non-profit - Other,ALAMEDA,2,12315.0,521.0,619.0,24227.0,2.0,178422.0,21348.0,17.0,6.0,76996.0,135827.0,9.3,1610921.0
50515,3.0,3.0,3.0,3.0,4.0,3.0,3.0,4.0,3.0,1,3,3,KAISER FOUNDATION HOSPITAL - SAN DIEGO,4647 ZION AVE,SAN DIEGO,CA,SAN DIEGO,92120,6195285000,Acute Care Hospitals,Voluntary non-profit - Other,SAN DIEGO,38,23996.0,1184.0,1444.0,84421.0,3.0,434234.0,63062.0,22.0,8.0,66034.0,234203.0,7.9,3263431.0
50516,2.0,3.0,3.0,2.0,3.0,3.0,3.0,3.0,3.0,1,2,3,MERCY SAN JUAN MEDICAL CENTER,6501 COYLE AVE,CARMICHAEL,CA,SACRAMENTO,95608,9165375000,Acute Care Hospitals,Voluntary non-profit - Other,SACRAMENTO,35,14304.0,636.0,794.0,51932.0,4.0,192622.0,24509.0,21.0,7.0,55803.0,95883.0,7.1,1482026.0
50517,2.0,1.0,1.0,1.0,1.0,1.0,2.0,1.0,1.0,1,1,1,VICTOR VALLEY GLOBAL MEDICAL CENTER,15248 11TH ST,VICTORVILLE,CA,SAN BERNARDINO,92392,7602458691,Acute Care Hospitals,Voluntary non-profit - Private,SAN BERNARDINO,37,19384.0,1149.0,1442.0,151879.0,7.0,331500.0,51928.0,26.0,9.0,51951.0,164389.0,8.6,2112619.0
50523,2.0,2.0,2.0,2.0,3.0,2.0,2.0,3.0,2.0,1,2,2,SUTTER DELTA MEDICAL CENTER,3901 LONE TREE WAY,ANTIOCH,CA,CONTRA COSTA,94509,9257797200,Acute Care Hospitals,Voluntary non-profit - Private,CONTRA COSTA,8,8697.0,368.0,403.0,28361.0,3.0,116525.0,16487.0,17.0,6.0,80338.0,64530.0,6.4,1111339.0
50526,1.0,1.0,1.0,1.0,1.0,1.0,1.0,1.0,1.0,1,1,1,HUNTINGTON BEACH HOSPITAL,17772 BEACH BLVD,HUNTINGTON BEACH,CA,ORANGE,92647,7148435000,Acute Care Hospitals,Proprietary,ORANGE,31,20563.0,914.0,1225.0,28840.0,1.0,453081.0,61200.0,23.0,8.0,76061.0,322123.0,11.1,3145515.0
50528,4.0,3.0,2.0,4.0,3.0,2.0,3.0,2.0,2.0,1,2,3,MEMORIAL HOSPITAL LOS BANOS,520 WEST I ST,LOS BANOS,CA,MERCED,93635,2098260591,Acute Care Hospitals,Voluntary non-profit - Private,MERCED,25,2333.0,138.0,186.0,14080.0,6.0,43374.0,6027.0,28.0,7.0,43818.0,33478.0,14.0,266353.0
50534,3.0,3.0,3.0,3.0,3.0,3.0,2.0,2.0,3.0,1,2,3,JOHN F KENNEDY MEMORIAL HOSPITAL,47111 MONROE STREET,INDIO,CA,RIVERSIDE,92201,7603476191,Acute Care Hospitals,Proprietary,RIVERSIDE,34,19465.0,939.0,1156.0,135290.0,6.0,372852.0,64968.0,27.0,10.0,56877.0,178975.0,8.5,2329271.0
50537,4.0,4.0,4.0,4.0,4.0,4.0,4.0,4.0,5.0,3,5,4,SUTTER DAVIS HOSPITAL,2000 SUTTER PLACE,DAVIS,CA,YOLO,95616,5307566440,Acute Care Hospitals,Voluntary non-profit - Private,YOLO,58,1565.0,56.0,67.0,4711.0,2.0,26563.0,3774.0,20.0,8.0,54509.0,14232.0,7.4,207590.0
50541,4.0,3.0,4.0,3.0,4.0,3.0,3.0,4.0,4.0,3,4,4,KAISER FOUNDATION HOSPITAL - REDWOOD CITY,1100 VETERANS BOULEVARD,REDWOOD CITY,CA,SAN MATEO,94063,6502992000,Acute Care Hospitals,Voluntary non-profit - Other,SAN MATEO,42,4904.0,173.0,231.0,11019.0,2.0,67700.0,10443.0,14.0,6.0,100806.0,58662.0,8.5,758581.0
50549,2.0,2.0,3.0,2.0,3.0,2.0,3.0,2.0,3.0,3,3,3,LOS ROBLES HOSPITAL & MEDICAL CENTER,215 W JANSS RD,THOUSAND OAKS,CA,VENTURA,91360,8054972727,Acute Care Hospitals,Proprietary,VENTURA,57,6050.0,320.0,415.0,20325.0,2.0,114677.0,17221.0,22.0,8.0,74967.0,78629.0,10.1,846178.0
50551,1.0,3.0,3.0,2.0,3.0,3.0,3.0,2.0,2.0,1,2,2,LOS ALAMITOS MEDICAL CENTER,3751 KATELLA AVENUE,LOS ALAMITOS,CA,ORANGE,90720,5627993220,Acute Care Hospitals,Proprietary,ORANGE,31,20563.0,914.0,1225.0,28840.0,1.0,453081.0,61200.0,23.0,8.0,76061.0,322123.0,11.1,3145515.0
50557,2.0,2.0,2.0,2.0,3.0,2.0,3.0,3.0,3.0,2,3,2,MEMORIAL MEDICAL CENTER,1700 COFFEE RD,MODESTO,CA,STANISLAUS,95355,2095264500,Acute Care Hospitals,Voluntary non-profit - Private,STANISLAUS,51,5392.0,321.0,360.0,24816.0,5.0,84340.0,12253.0,27.0,8.0,50917.0,47475.0,9.8,531997.0
50561,2.0,3.0,3.0,3.0,3.0,3.0,2.0,3.0,4.0,3,3,3,KAISER FOUNDATION HOSPITAL - WEST LA,6041 CADILLAC AVE,LOS ANGELES,CA,LOS ANGELES,90034,2138572201,Acute Care Hospitals,Voluntary non-profit - Private,LOS ANGELES,20,76580.0,3745.0,4644.0,139369.0,1.0,1885666.0,204554.0,29.0,8.0,55686.0,1396883.0,15.0,10116705.0
50567,3.0,3.0,3.0,3.0,4.0,3.0,4.0,3.0,4.0,3,4,3,MISSION HOSPITAL REGIONAL MED CENTER,27700 MEDICAL CENTER RD,MISSION VIEJO,CA,ORANGE,92691,9493641400,Acute Care Hospitals,Voluntary non-profit - Private,ORANGE,31,20563.0,914.0,1225.0,28840.0,1.0,453081.0,61200.0,23.0,8.0,76061.0,322123.0,11.1,3145515.0
50568,3.0,2.0,1.0,2.0,2.0,2.0,3.0,2.0,2.0,1,2,2,MADERA COMMUNITY HOSPITAL,1250 E ALMOND AVE,MADERA,CA,MADERA,93637,5596755555,Acute Care Hospitals,Voluntary non-profit - Other,MADERA,21,1490.0,99.0,94.0,11365.0,8.0,25333.0,4115.0,30.0,9.0,43171.0,20396.0,14.5,154548.0
50570,2.0,2.0,1.0,2.0,3.0,3.0,3.0,1.0,2.0,1,2,2,FOUNTAIN VALLEY REGIONAL HOSPITAL & MEDICAL CENTER,17100 EUCLID STREET,FOUNTAIN VALLEY,CA,ORANGE,92708,7149667200,Acute Care Hospitals,Proprietary,ORANGE,31,20563.0,914.0,1225.0,28840.0,1.0,453081.0,61200.0,23.0,8.0,76061.0,322123.0,11.1,3145515.0
50573,3.0,3.0,3.0,3.0,4.0,3.0,3.0,4.0,4.0,2,4,3,EISENHOWER MEDICAL CENTER,39-000 BOB HOPE DRIVE,RANCHO MIRAGE,CA,RIVERSIDE,92270,7603403911,Acute Care Hospitals,Proprietary,RIVERSIDE,34,19465.0,939.0,1156.0,135290.0,6.0,372852.0,64968.0,27.0,10.0,56877.0,178975.0,8.5,2329271.0
50580,2.0,2.0,2.0,3.0,3.0,3.0,2.0,2.0,3.0,2,3,2,LA PALMA INTERCOMMUNITY HOSPITAL,7901 WALKER STREET,LA PALMA,CA,ORANGE,90623,7146707400,Acute Care Hospitals,Proprietary,ORANGE,31,20563.0,914.0,1225.0,28840.0,1.0,453081.0,61200.0,23.0,8.0,76061.0,322123.0,11.1,3145515.0
50581,1.0,2.0,3.0,2.0,3.0,3.0,2.0,2.0,2.0,1,2,2,LAKEWOOD REGIONAL MEDICAL CENTER,3700 E SOUTH ST,LAKEWOOD,CA,LOS ANGELES,90712,5626026751,Acute Care Hospitals,Proprietary,LOS ANGELES,20,76580.0,3745.0,4644.0,139369.0,1.0,1885666.0,204554.0,29.0,8.0,55686.0,1396883.0,15.0,10116705.0
50586,2.0,3.0,3.0,2.0,3.0,3.0,2.0,2.0,3.0,2,3,3,CHINO VALLEY MEDICAL CENTER,5451 WALNUT AVE,CHINO,CA,SAN BERNARDINO,91710,9096276111,Acute Care Hospitals,Proprietary,SAN BERNARDINO,37,19384.0,1149.0,1442.0,151879.0,7.0,331500.0,51928.0,26.0,9.0,51951.0,164389.0,8.6,2112619.0
50588,3.0,2.0,2.0,1.0,3.0,2.0,3.0,2.0,2.0,2,2,2,SAN DIMAS COMMUNITY HOSPITAL,1350 W COVINA BLVD,SAN DIMAS,CA,LOS ANGELES,91773,9095996811,Acute Care Hospitals,Proprietary,LOS ANGELES,20,76580.0,3745.0,4644.0,139369.0,1.0,1885666.0,204554.0,29.0,8.0,55686.0,1396883.0,15.0,10116705.0
50589,3.0,3.0,2.0,2.0,3.0,2.0,3.0,2.0,3.0,1,3,2,PLACENTIA LINDA HOSPITAL,1301 N ROSE DRIVE,PLACENTIA,CA,ORANGE,92870,7149932000,Acute Care Hospitals,Proprietary,ORANGE,31,20563.0,914.0,1225.0,28840.0,1.0,453081.0,61200.0,23.0,8.0,76061.0,322123.0,11.1,3145515.0
50590,2.0,2.0,2.0,2.0,3.0,3.0,3.0,2.0,2.0,1,2,2,METHODIST HOSPITAL OF SACRAMENTO,7500 HOSPITAL DRIVE,SACRAMENTO,CA,SACRAMENTO,95823,9164236010,Acute Care Hospitals,Voluntary non-profit - Other,SACRAMENTO,35,14304.0,636.0,794.0,51932.0,4.0,192622.0,24509.0,21.0,7.0,55803.0,95883.0,7.1,1482026.0
50597,3.0,4.0,4.0,4.0,4.0,4.0,2.0,3.0,4.0,2,4,4,FOOTHILL PRESBYTERIAN HOSPITAL,250 S GRAND AVE,GLENDORA,CA,LOS ANGELES,91740,6269638411,Acute Care Hospitals,Voluntary non-profit - Private,LOS ANGELES,20,76580.0,3745.0,4644.0,139369.0,1.0,1885666.0,204554.0,29.0,8.0,55686.0,1396883.0,15.0,10116705.0
50599,2.0,3.0,3.0,2.0,3.0,3.0,3.0,4.0,3.0,1,4,3,UNIVERSITY OF CALIFORNIA DAVIS MEDICAL CENTER,2315 STOCKTON BOULEVARD,SACRAMENTO,CA,SACRAMENTO,95817,9167342011,Acute Care Hospitals,Voluntary non-profit - Other,SACRAMENTO,35,14304.0,636.0,794.0,51932.0,4.0,192622.0,24509.0,21.0,7.0,55803.0,95883.0,7.1,1482026.0
50603,3.0,3.0,3.0,2.0,4.0,2.0,3.0,4.0,4.0,1,4,3,SADDLEBACK MEMORIAL MEDICAL CENTER,24451 HEALTH CENTER DRIVE,LAGUNA HILLS,CA,ORANGE,92653,9498374500,Acute Care Hospitals,Voluntary non-profit - Private,ORANGE,31,20563.0,914.0,1225.0,28840.0,1.0,453081.0,61200.0,23.0,8.0,76061.0,322123.0,11.1,3145515.0
50604,3.0,3.0,3.0,2.0,4.0,3.0,3.0,4.0,3.0,1,3,3,KAISER FOUNDATION HOSPITAL-SAN JOSE,250 HOSPITAL PARKWAY,SAN JOSE,CA,SANTA CLARA,95119,4089727000,Acute Care Hospitals,Voluntary non-profit - Other,SANTA CLARA,44,10901.0,483.0,620.0,22556.0,1.0,184767.0,23000.0,16.0,5.0,97219.0,175612.0,10.2,1894605.0
50608,3.0,2.0,3.0,2.0,3.0,2.0,3.0,2.0,3.0,1,2,2,DELANO REGIONAL MEDICAL CENTER,1401 GARCES HIGHWAY,DELANO,CA,KERN,93215,6617254800,Acute Care Hospitals,Proprietary,KERN,16,8813.0,554.0,673.0,45375.0,5.0,135724.0,20109.0,27.0,8.0,47451.0,86631.0,11.0,874589.0
50609,3.0,4.0,4.0,3.0,4.0,3.0,3.0,4.0,5.0,3,4,4,KAISER FOUNDATION HOSPITAL - ORANGE COUNTY - ANAHE,3440 E LA PALMA AVE,ANAHEIM,CA,ORANGE,92806,7142794000,Acute Care Hospitals,Voluntary non-profit - Other,ORANGE,31,20563.0,914.0,1225.0,28840.0,1.0,453081.0,61200.0,23.0,8.0,76061.0,322123.0,11.1,3145515.0
50616,2.0,3.0,3.0,2.0,3.0,3.0,3.0,3.0,3.0,1,3,3,ST JOHNS PLEASANT VALLEY HOSPITAL,2309 ANTONIO AVE,CAMARILLO,CA,VENTURA,93010,8053895800,Acute Care Hospitals,Voluntary non-profit - Church,VENTURA,57,6050.0,320.0,415.0,20325.0,2.0,114677.0,17221.0,22.0,8.0,74967.0,78629.0,10.1,846178.0
50624,3.0,3.0,3.0,3.0,3.0,3.0,2.0,3.0,3.0,1,3,3,HENRY MAYO NEWHALL  HOSPITAL,23845  MCBEAN PKWY,VALENCIA,CA,LOS ANGELES,91355,6612538000,Acute Care Hospitals,Voluntary non-profit - Private,LOS ANGELES,20,76580.0,3745.0,4644.0,139369.0,1.0,1885666.0,204554.0,29.0,8.0,55686.0,1396883.0,15.0,10116705.0
50625,3.0,3.0,3.0,3.0,3.0,2.0,3.0,4.0,4.0,2,4,3,CEDARS-SINAI MEDICAL CENTER,8700 BEVERLY BLVD,LOS ANGELES,CA,LOS ANGELES,90048,3104235000,Acute Care Hospitals,Voluntary non-profit - Other,LOS ANGELES,20,76580.0,3745.0,4644.0,139369.0,1.0,1885666.0,204554.0,29.0,8.0,55686.0,1396883.0,15.0,10116705.0
50633,2.0,4.0,3.0,3.0,4.0,4.0,4.0,2.0,3.0,2,2,3,TWIN CITIES COMMUNITY HOSPITAL,1100 LAS TABLAS RD,TEMPLETON,CA,SAN LUIS OBISPO,93465,8054343500,Acute Care Hospitals,Proprietary,SAN LUIS OBISPO,41,2480.0,94.0,85.0,10757.0,4.0,30308.0,4196.0,18.0,8.0,61775.0,10308.0,4.0,279083.0
50636,2.0,4.0,3.0,3.0,4.0,3.0,4.0,4.0,3.0,1,3,3,POMERADO HOSPITAL,15615 POMERADO ROAD,POWAY,CA,SAN DIEGO,92064,8584856511,Acute Care Hospitals,Government - Hospital District or Authority,SAN DIEGO,38,23996.0,1184.0,1444.0,84421.0,3.0,434234.0,63062.0,22.0,8.0,66034.0,234203.0,7.9,3263431.0
50641,3.0,2.0,1.0,2.0,2.0,2.0,2.0,1.0,2.0,2,2,2,EAST LOS ANGELES DOCTORS HOSPITAL,4060 WHITTIER BLVD,LOS ANGELES,CA,LOS ANGELES,90023,3232685514,Acute Care Hospitals,Proprietary,LOS ANGELES,20,76580.0,3745.0,4644.0,139369.0,1.0,1885666.0,204554.0,29.0,8.0,55686.0,1396883.0,15.0,10116705.0
50663,1.0,1.0,1.0,1.0,1.0,1.0,1.0,1.0,1.0,1,1,1,LOS ANGELES COMMUNITY HOSPITAL,4081 E OLYMPIC BLVD,LOS ANGELES,CA,LOS ANGELES,90023,3232670477,Acute Care Hospitals,Proprietary,LOS ANGELES,20,76580.0,3745.0,4644.0,139369.0,1.0,1885666.0,204554.0,29.0,8.0,55686.0,1396883.0,15.0,10116705.0
50674,2.0,3.0,3.0,3.0,4.0,3.0,3.0,4.0,4.0,2,4,3,KAISER FOUNDATION HOSP SO SACRAMENTO,6600 BRUCEVILLE ROAD,SACRAMENTO,CA,SACRAMENTO,95823,9166882000,Acute Care Hospitals,Voluntary non-profit - Other,SACRAMENTO,35,14304.0,636.0,794.0,51932.0,4.0,192622.0,24509.0,21.0,7.0,55803.0,95883.0,7.1,1482026.0
50677,4.0,4.0,4.0,4.0,4.0,4.0,3.0,4.0,4.0,2,4,4,KAISER FOUNDATION HOSPITAL - WOODLAND HILLS,5601 DE SOTO,WOODLAND HILLS,CA,LOS ANGELES,91367,8187193800,Acute Care Hospitals,Voluntary non-profit - Private,LOS ANGELES,20,76580.0,3745.0,4644.0,139369.0,1.0,1885666.0,204554.0,29.0,8.0,55686.0,1396883.0,15.0,10116705.0
50678,3.0,3.0,3.0,3.0,3.0,3.0,3.0,4.0,3.0,1,3,3,ORANGE COAST MEMORIAL MEDICAL CENTER,9920 TALBERT AVENUE,FOUNTAIN VALLEY,CA,ORANGE,92708,7143787406,Acute Care Hospitals,Proprietary,ORANGE,31,20563.0,914.0,1225.0,28840.0,1.0,453081.0,61200.0,23.0,8.0,76061.0,322123.0,11.1,3145515.0
50684,1.0,1.0,1.0,1.0,2.0,1.0,2.0,1.0,1.0,1,1,1,MENIFEE VALLEY MEDICAL CENTER,28400 MCCALL B0ULEVARD,SUN CITY,CA,RIVERSIDE,92585,9516798888,Acute Care Hospitals,Physician,RIVERSIDE,34,19465.0,939.0,1156.0,135290.0,6.0,372852.0,64968.0,27.0,10.0,56877.0,178975.0,8.5,2329271.0
50686,3.0,3.0,3.0,3.0,4.0,3.0,3.0,3.0,4.0,1,4,3,"KAISER FOUNDATION HOSPITAL, RIVERSIDE",10800 MAGNOLIA AVENUE,RIVERSIDE,CA,RIVERSIDE,92505,9513532000,Acute Care Hospitals,Voluntary non-profit - Other,RIVERSIDE,34,19465.0,939.0,1156.0,135290.0,6.0,372852.0,64968.0,27.0,10.0,56877.0,178975.0,8.5,2329271.0
50688,4.0,3.0,3.0,2.0,4.0,3.0,2.0,3.0,3.0,1,2,3,SAINT LOUISE REGIONAL HOSPITAL,9400 NO NAME UNO,GILROY,CA,SANTA CLARA,95020,4088482000,Acute Care Hospitals,Voluntary non-profit - Church,SANTA CLARA,44,10901.0,483.0,620.0,22556.0,1.0,184767.0,23000.0,16.0,5.0,97219.0,175612.0,10.2,1894605.0
50689,1.0,2.0,3.0,2.0,3.0,2.0,3.0,2.0,2.0,2,3,2,SAN RAMON REGIONAL MEDICAL CTR,6001 NORRIS CANYON ROAD,SAN RAMON,CA,CONTRA COSTA,94583,9252759200,Acute Care Hospitals,Proprietary,CONTRA COSTA,8,8697.0,368.0,403.0,28361.0,3.0,116525.0,16487.0,17.0,6.0,80338.0,64530.0,6.4,1111339.0
50690,3.0,4.0,3.0,3.0,4.0,3.0,4.0,4.0,4.0,2,4,4,KAISER FOUNDATION HOSPITAL-SANTA ROSA,401 BICENTENNIAL WAY,SANTA ROSA,CA,SONOMA,95403,7075714000,Acute Care Hospitals,Voluntary non-profit - Other,SONOMA,50,4392.0,136.0,159.0,18499.0,4.0,62706.0,8655.0,20.0,8.0,66949.0,27539.0,5.9,500292.0
50696,3.0,3.0,3.0,2.0,3.0,3.0,3.0,4.0,4.0,3,4,3,KECK HOSPITAL OF USC,1500 SAN PABLO ST,LOS ANGELES,CA,LOS ANGELES,90033,3234428656,Acute Care Hospitals,Voluntary non-profit - Other,LOS ANGELES,20,76580.0,3745.0,4644.0,139369.0,1.0,1885666.0,204554.0,29.0,8.0,55686.0,1396883.0,15.0,10116705.0
50701,1.0,2.0,2.0,2.0,3.0,2.0,3.0,2.0,3.0,2,2,2,SOUTHWEST HEALTHCARE SYSTEM,25500 MEDICAL CENTER DRIVE,MURRIETA,CA,RIVERSIDE,92562,9516966000,Acute Care Hospitals,Proprietary,RIVERSIDE,34,19465.0,939.0,1156.0,135290.0,6.0,372852.0,64968.0,27.0,10.0,56877.0,178975.0,8.5,2329271.0
50704,2.0,2.0,2.0,2.0,2.0,2.0,2.0,1.0,2.0,1,1,2,MISSION COMMUNITY HOSPITAL,14850 ROSCOE BLVD,PANORAMA CITY,CA,LOS ANGELES,91402,8189043100,Acute Care Hospitals,Voluntary non-profit - Private,LOS ANGELES,20,76580.0,3745.0,4644.0,139369.0,1.0,1885666.0,204554.0,29.0,8.0,55686.0,1396883.0,15.0,10116705.0
50708,5.0,5.0,4.0,5.0,5.0,5.0,5.0,5.0,5.0,5,5,5,FRESNO SURGICAL HOSPITAL,6125 NORTH FRESNO ST,FRESNO,CA,FRESNO,93710,5594318000,Acute Care Hospitals,Proprietary,FRESNO,11,8749.0,655.0,763.0,50729.0,5.0,152523.0,19908.0,27.0,7.0,43338.0,110063.0,12.7,965974.0
50709,2.0,2.0,1.0,2.0,2.0,2.0,2.0,1.0,2.0,2,2,2,DESERT VALLEY HOSPITAL,16850 BEAR VALLEY RD,VICTORVILLE,CA,SAN BERNARDINO,92395,7602418000,Acute Care Hospitals,Proprietary,SAN BERNARDINO,37,19384.0,1149.0,1442.0,151879.0,7.0,331500.0,51928.0,26.0,9.0,51951.0,164389.0,8.6,2112619.0
50710,2.0,3.0,3.0,3.0,4.0,3.0,3.0,4.0,4.0,2,4,3,KAISER FOUNDATION HOSPITAL - FRESNO,7300 NORTH FRESNO ST,FRESNO,CA,FRESNO,93720,5594484500,Acute Care Hospitals,Voluntary non-profit - Private,FRESNO,11,8749.0,655.0,763.0,50729.0,5.0,152523.0,19908.0,27.0,7.0,43338.0,110063.0,12.7,965974.0
50714,3.0,4.0,3.0,4.0,4.0,3.0,4.0,4.0,5.0,4,5,4,SUTTER MATERNITY & SURGERY CENTER OF SANTA CRUZ,2900 CHANTICLEER AVENUE,SANTA CRUZ,CA,SANTA CRUZ,95065,8314772200,Acute Care Hospitals,Voluntary non-profit - Private,SANTA CRUZ,45,2155.0,82.0,94.0,10587.0,4.0,37641.0,4642.0,22.0,8.0,64257.0,22091.0,8.8,271804.0
50717,2.0,3.0,3.0,3.0,3.0,2.0,4.0,5.0,3.0,1,4,3,LAC/RANCHO LOS AMIGOS NATIONAL REHABILITATION  CTR,7601 EAST IMPERIAL HIGHWAY,DOWNEY,CA,LOS ANGELES,90242,5624017022,Acute Care Hospitals,Government - Local,LOS ANGELES,20,76580.0,3745.0,4644.0,139369.0,1.0,1885666.0,204554.0,29.0,8.0,55686.0,1396883.0,15.0,10116705.0
50723,3.0,3.0,4.0,3.0,4.0,4.0,4.0,4.0,4.0,3,4,4,KAISER FOUNDATION HOSPITAL - BALDWIN PARK,1011 BALDWIN PARK BLVD,BALDWIN PARK,CA,LOS ANGELES,91706,6268511011,Acute Care Hospitals,Voluntary non-profit - Other,LOS ANGELES,20,76580.0,3745.0,4644.0,139369.0,1.0,1885666.0,204554.0,29.0,8.0,55686.0,1396883.0,15.0,10116705.0
50724,3.0,3.0,3.0,3.0,3.0,2.0,3.0,4.0,4.0,2,4,3,BAKERSFIELD HEART HOSPITAL,3001 SILLECT AVENUE,BAKERSFIELD,CA,KERN,93308,6613166000,Acute Care Hospitals,Proprietary,KERN,16,8813.0,554.0,673.0,45375.0,5.0,135724.0,20109.0,27.0,8.0,47451.0,86631.0,11.0,874589.0
50726,5.0,5.0,5.0,5.0,5.0,5.0,5.0,5.0,5.0,5,5,5,STANISLAUS SURGICAL HOSPITAL,1421 OAKDALE ROAD,MODESTO,CA,STANISLAUS,95355,2095722700,Acute Care Hospitals,Proprietary,STANISLAUS,51,5392.0,321.0,360.0,24816.0,5.0,84340.0,12253.0,27.0,8.0,50917.0,47475.0,9.8,531997.0
50727,1.0,2.0,1.0,2.0,2.0,1.0,1.0,1.0,1.0,1,1,1,COMMUNITY HOSPITAL OF LONG BEACH,1720 TERMINO AVENUE,LONG BEACH,CA,LOS ANGELES,90804,5624940600,Acute Care Hospitals,Voluntary non-profit - Private,LOS ANGELES,20,76580.0,3745.0,4644.0,139369.0,1.0,1885666.0,204554.0,29.0,8.0,55686.0,1396883.0,15.0,10116705.0
50735,2.0,2.0,2.0,2.0,3.0,3.0,2.0,1.0,2.0,1,2,2,WHITTIER HOSPITAL MEDICAL CENTER,9080 COLIMA RD,WHITTIER,CA,LOS ANGELES,90605,5629453561,Acute Care Hospitals,Proprietary,LOS ANGELES,20,76580.0,3745.0,4644.0,139369.0,1.0,1885666.0,204554.0,29.0,8.0,55686.0,1396883.0,15.0,10116705.0
50736,2.0,2.0,2.0,2.0,3.0,3.0,2.0,1.0,3.0,1,3,2,MONTEREY PARK HOSPITAL,900 S ATLANTIC BLVD,MONTEREY PARK,CA,LOS ANGELES,91754,6265709000,Acute Care Hospitals,Proprietary,LOS ANGELES,20,76580.0,3745.0,4644.0,139369.0,1.0,1885666.0,204554.0,29.0,8.0,55686.0,1396883.0,15.0,10116705.0
50737,1.0,2.0,2.0,2.0,3.0,2.0,2.0,1.0,2.0,1,2,2,GARFIELD MEDICAL CENTER,525 N GARFIELD AVE,MONTEREY PARK,CA,LOS ANGELES,91754,6265732222,Acute Care Hospitals,Proprietary,LOS ANGELES,20,76580.0,3745.0,4644.0,139369.0,1.0,1885666.0,204554.0,29.0,8.0,55686.0,1396883.0,15.0,10116705.0
50738,2.0,2.0,1.0,1.0,3.0,2.0,2.0,1.0,2.0,2,2,2,GREATER EL MONTE COMMUNITY HOSPITAL,1701 SANTA ANITA AVE,SOUTH EL MONTE,CA,LOS ANGELES,91733,6263507975,Acute Care Hospitals,Voluntary non-profit - Private,LOS ANGELES,20,76580.0,3745.0,4644.0,139369.0,1.0,1885666.0,204554.0,29.0,8.0,55686.0,1396883.0,15.0,10116705.0
50739,1.0,2.0,1.0,2.0,2.0,2.0,1.0,2.0,2.0,1,1,2,CENTINELA HOSPITAL MEDICAL CENTER,555 EAST HARDY STREET,INGLEWOOD,CA,LOS ANGELES,90301,3106734660,Acute Care Hospitals,Proprietary,LOS ANGELES,20,76580.0,3745.0,4644.0,139369.0,1.0,1885666.0,204554.0,29.0,8.0,55686.0,1396883.0,15.0,10116705.0
50740,2.0,3.0,3.0,3.0,3.0,3.0,3.0,3.0,3.0,3,3,3,MARINA DEL REY HOSPITAL,4650 LINCOLN BLVD,MARINA DEL REY,CA,LOS ANGELES,90291,3108238911,Acute Care Hospitals,Proprietary,LOS ANGELES,20,76580.0,3745.0,4644.0,139369.0,1.0,1885666.0,204554.0,29.0,8.0,55686.0,1396883.0,15.0,10116705.0
50742,1.0,1.0,1.0,1.0,2.0,1.0,2.0,1.0,1.0,2,1,1,OLYMPIA MEDICAL CENTER,5900 WEST OLYMPIC BOULEVARD,LOS ANGELES,CA,LOS ANGELES,90036,3106575900,Acute Care Hospitals,Proprietary,LOS ANGELES,20,76580.0,3745.0,4644.0,139369.0,1.0,1885666.0,204554.0,29.0,8.0,55686.0,1396883.0,15.0,10116705.0
50744,2.0,2.0,2.0,2.0,2.0,3.0,2.0,1.0,2.0,1,1,2,ANAHEIM GLOBAL MEDICAL CENTER,1025 S ANAHEIM BLVD,ANAHEIM,CA,ORANGE,92805,7145336220,Acute Care Hospitals,Proprietary,ORANGE,31,20563.0,914.0,1225.0,28840.0,1.0,453081.0,61200.0,23.0,8.0,76061.0,322123.0,11.1,3145515.0
50745,2.0,2.0,2.0,1.0,3.0,1.0,2.0,1.0,2.0,2,1,2,CHAPMAN GLOBAL MEDICAL CENTER,2601 E CHAPMAN AVE,ORANGE,CA,ORANGE,92869,7146330011,Acute Care Hospitals,Proprietary,ORANGE,31,20563.0,914.0,1225.0,28840.0,1.0,453081.0,61200.0,23.0,8.0,76061.0,322123.0,11.1,3145515.0
50746,1.0,2.0,1.0,1.0,2.0,2.0,2.0,1.0,2.0,1,2,2,ORANGE COUNTY GLOBAL MEDICAL CENTER,1001 NORTH TUSTIN AVENUE,SANTA ANA,CA,ORANGE,92705,7149533610,Acute Care Hospitals,Proprietary,ORANGE,31,20563.0,914.0,1225.0,28840.0,1.0,453081.0,61200.0,23.0,8.0,76061.0,322123.0,11.1,3145515.0
50747,2.0,1.0,1.0,1.0,2.0,2.0,2.0,1.0,2.0,1,1,1,SOUTH COAST GLOBAL MEDICAL CENTER,2701 S BRISTOL ST,SANTA ANA,CA,ORANGE,92704,7147545454,Acute Care Hospitals,Proprietary,ORANGE,31,20563.0,914.0,1225.0,28840.0,1.0,453081.0,61200.0,23.0,8.0,76061.0,322123.0,11.1,3145515.0
50748,3.0,3.0,3.0,3.0,3.0,2.0,2.0,3.0,4.0,2,4,3,KAISER FOUNDATION HOSPITAL MANTECA,1777 WEST YOSEMITE AVE,MANTECA,CA,SAN JOAQUIN,95337,2098253700,Acute Care Hospitals,Voluntary non-profit - Private,SAN JOAQUIN,40,7152.0,365.0,446.0,24555.0,4.0,104589.0,15514.0,25.0,7.0,51527.0,65834.0,10.2,715597.0
50755,2.0,1.0,1.0,1.0,1.0,2.0,1.0,1.0,1.0,1,1,1,SHERMAN OAKS HOSPITAL,4929 VAN NUYS BLVD,SHERMAN OAKS,CA,LOS ANGELES,91403,8189817111,Acute Care Hospitals,Voluntary non-profit - Private,LOS ANGELES,20,76580.0,3745.0,4644.0,139369.0,1.0,1885666.0,204554.0,29.0,8.0,55686.0,1396883.0,15.0,10116705.0
50757,1.0,2.0,2.0,2.0,3.0,2.0,2.0,2.0,2.0,2,2,2,ALVARADO HOSPITAL MEDICAL CENTER,6655 ALVARADO ROAD,SAN DIEGO,CA,SAN DIEGO,92120,6192293172,Acute Care Hospitals,Proprietary,SAN DIEGO,38,23996.0,1184.0,1444.0,84421.0,3.0,434234.0,63062.0,22.0,8.0,66034.0,234203.0,7.9,3263431.0
50758,3.0,2.0,2.0,3.0,2.0,2.0,2.0,1.0,2.0,1,2,2,MONTCLAIR HOSPITAL MEDICAL CENTER,5000 SAN BERNARDINO ST,MONTCLAIR,CA,SAN BERNARDINO,91763,9096258300,Acute Care Hospitals,Voluntary non-profit - Private,SAN BERNARDINO,37,19384.0,1149.0,1442.0,151879.0,7.0,331500.0,51928.0,26.0,9.0,51951.0,164389.0,8.6,2112619.0
50760,2.0,3.0,3.0,2.0,4.0,2.0,4.0,4.0,4.0,2,4,3,KAISER FOUNDATION HOSPITAL - ANTIOCH,4501 SAND CREEK ROAD,ANTIOCH,CA,CONTRA COSTA,94531,9258136500,Acute Care Hospitals,Proprietary,CONTRA COSTA,8,8697.0,368.0,403.0,28361.0,3.0,116525.0,16487.0,17.0,6.0,80338.0,64530.0,6.4,1111339.0
50761,2.0,2.0,3.0,2.0,3.0,2.0,2.0,2.0,3.0,1,3,2,PROVIDENCE TARZANA MEDICAL CENTER,18321 CLARK STREET,TARZANA,CA,LOS ANGELES,91356,8188810800,Acute Care Hospitals,Voluntary non-profit - Private,LOS ANGELES,20,76580.0,3745.0,4644.0,139369.0,1.0,1885666.0,204554.0,29.0,8.0,55686.0,1396883.0,15.0,10116705.0
50764,1.0,2.0,2.0,2.0,2.0,2.0,2.0,3.0,3.0,1,3,2,SHASTA REGIONAL MEDICAL CENTER,1100 BUTTE ST,REDDING,CA,SHASTA,96001,5302445454,Acute Care Hospitals,Proprietary,SHASTA,46,2847.0,90.0,86.0,13137.0,7.0,23105.0,3210.0,22.0,8.0,43661.0,2331.0,1.4,179804.0
50765,2.0,3.0,4.0,2.0,4.0,3.0,2.0,4.0,4.0,1,4,3,KAISER FOUNDATION HOSPITAL-MORENO VALLEY,27300 IRIS AVENUE,MORENO VALLEY,CA,RIVERSIDE,92555,9512516000,Acute Care Hospitals,Voluntary non-profit - Other,RIVERSIDE,34,19465.0,939.0,1156.0,135290.0,6.0,372852.0,64968.0,27.0,10.0,56877.0,178975.0,8.5,2329271.0
50766,4.0,5.0,5.0,5.0,5.0,5.0,5.0,5.0,5.0,5,5,5,SUTTER SURGICAL HOSPITAL - NORTH VALLEY,455 PLUMAS BLVD,YUBA CITY,CA,SUTTER,95991,5307495700,Acute Care Hospitals,Physician,SUTTER,52,992.0,37.0,48.0,9890.0,10.0,14946.0,2445.0,26.0,9.0,51827.0,9212.0,10.4,95847.0
50767,3.0,4.0,3.0,3.0,3.0,3.0,3.0,4.0,4.0,2,4,3,KAISER FOUNDATION HOSPITAL - VACAVILLE,1 QUALITY DRIVE,VACAVILLE,CA,SOLANO,95688,7076244000,Acute Care Hospitals,Proprietary,SOLANO,49,4113.0,177.0,223.0,16816.0,4.0,47226.0,6570.0,18.0,6.0,67106.0,20778.0,5.3,431131.0
50769,4.0,5.0,4.0,4.0,4.0,5.0,5.0,5.0,5.0,4,5,5,HOAG ORTHOPEDIC INSTITUTE,16250 SAND CANYON AVENUE,IRVINE,CA,ORANGE,92618,9497275000,Acute Care Hospitals,Proprietary,ORANGE,31,20563.0,914.0,1225.0,28840.0,1.0,453081.0,61200.0,23.0,8.0,76061.0,322123.0,11.1,3145515.0
50770,2.0,2.0,3.0,2.0,3.0,2.0,3.0,3.0,4.0,4,4,3,LOMA LINDA UNIVERSITY MEDICAL CENTER-MURRIETA,28062 BAXTER ROAD,MURRIETA,CA,RIVERSIDE,92563,9512904000,Acute Care Hospitals,Voluntary non-profit - Private,RIVERSIDE,34,19465.0,939.0,1156.0,135290.0,6.0,372852.0,64968.0,27.0,10.0,56877.0,178975.0,8.5,2329271.0
50771,1.0,1.0,1.0,1.0,1.0,2.0,1.0,1.0,1.0,1,1,1,COAST PLAZA HOSPITAL,13100 STUDERBAKER ROAD,NORWALK,CA,LOS ANGELES,90650,3103560550,Acute Care Hospitals,Proprietary,LOS ANGELES,20,76580.0,3745.0,4644.0,139369.0,1.0,1885666.0,204554.0,29.0,8.0,55686.0,1396883.0,15.0,10116705.0
50772,3.0,3.0,3.0,3.0,4.0,3.0,3.0,4.0,4.0,1,4,3,KAISER FOUNDATION HOSPITAL - ROSEVILLE,1600 EUREKA ROAD,ROSEVILLE,CA,PLACER,95661,9167844000,Acute Care Hospitals,Voluntary non-profit - Private,PLACER,32,3091.0,108.0,120.0,7803.0,2.0,33319.0,5830.0,15.0,7.0,75689.0,7401.0,2.2,371694.0
50773,2.0,2.0,2.0,2.0,4.0,2.0,2.0,2.0,3.0,3,3,2,SAN LEANDRO HOSPITAL,13855 E 14TH STREET,SAN LEANDRO,CA,ALAMEDA,94578,5103576500,Acute Care Hospitals,Government - Hospital District or Authority,ALAMEDA,2,12315.0,521.0,619.0,24227.0,2.0,178422.0,21348.0,17.0,6.0,76996.0,135827.0,9.3,1610921.0
50775,3.0,4.0,3.0,3.0,4.0,3.0,3.0,3.0,4.0,3,4,3,TEMECULA VALLEY HOSPITAL,31700 TEMECULA PKWY,TEMECULA,CA,RIVERSIDE,92592,9513312200,Acute Care Hospitals,Proprietary,RIVERSIDE,34,19465.0,939.0,1156.0,135290.0,6.0,372852.0,64968.0,27.0,10.0,56877.0,178975.0,8.5,2329271.0
50776,3.0,2.0,2.0,1.0,3.0,2.0,1.0,2.0,2.0,1,1,2,COLLEGE MEDICAL CENTER,2776 PACIFIC AVENUE,LONG BEACH,CA,LOS ANGELES,90806,5625951911,Acute Care Hospitals,Proprietary,LOS ANGELES,20,76580.0,3745.0,4644.0,139369.0,1.0,1885666.0,204554.0,29.0,8.0,55686.0,1396883.0,15.0,10116705.0
50777,3.0,3.0,3.0,3.0,4.0,2.0,3.0,3.0,4.0,3,4,3,KAISER FOUNDATION HOSPITAL - SAN LEANDRO,2500 MERCED STREET,SAN LEANDRO,CA,ALAMEDA,94577,5104541000,Acute Care Hospitals,Voluntary non-profit - Private,ALAMEDA,2,12315.0,521.0,619.0,24227.0,2.0,178422.0,21348.0,17.0,6.0,76996.0,135827.0,9.3,1610921.0
50778,1.0,3.0,3.0,2.0,3.0,3.0,4.0,2.0,4.0,2,4,3,LOMA LINDA UNIVERSITY CHILDREN'S HOSPITAL,11234 ANDERSON STREET SUITE A,LOMA LINDA,CA,SAN BERNARDINO,92354,9095588000,Acute Care Hospitals,Voluntary non-profit - Church,SAN BERNARDINO,37,19384.0,1149.0,1442.0,151879.0,7.0,331500.0,51928.0,26.0,9.0,51951.0,164389.0,8.6,2112619.0
50779,3.0,4.0,3.0,2.0,3.0,3.0,4.0,3.0,4.0,4,4,3,"MARTIN LUTHER KING, JR. COMMUNITY HOSPITAL",1680 EAST 120TH STREET,LOS ANGELES,CA,LOS ANGELES,90059,4248356808,Acute Care Hospitals,Voluntary non-profit - Private,LOS ANGELES,20,76580.0,3745.0,4644.0,139369.0,1.0,1885666.0,204554.0,29.0,8.0,55686.0,1396883.0,15.0,10116705.0
50780,2.0,1.0,1.0,1.0,1.0,1.0,1.0,1.0,1.0,1,1,1,FOOTHILL REGIONAL MEDICAL CENTER,14662 NEWPORT AVE,TUSTIN,CA,ORANGE,92780,7146197700,Acute Care Hospitals,Proprietary,ORANGE,31,20563.0,914.0,1225.0,28840.0,1.0,453081.0,61200.0,23.0,8.0,76061.0,322123.0,11.1,3145515.0
51303,3.0,5.0,5.0,5.0,5.0,5.0,4.0,5.0,5.0,4,5,5,MAMMOTH HOSPITAL,85 SIERRA PARK ROAD PO BOX 660,MAMMOTH LAKES,CA,MONO,93546,7609343311,Critical Access Hospitals,Government - Hospital District or Authority,MONO,27,77.0,,,1158.0,8.0,2569.0,352.0,27.0,12.0,59181.0,1069.0,8.0,13997.0
51310,4.0,4.0,5.0,4.0,5.0,4.0,5.0,4.0,5.0,4,5,4,FRANK R HOWARD MEMORIAL HOSPITAL,1 MARCELA DR,WILLITS,CA,MENDOCINO,95490,7074563031,Critical Access Hospitals,Voluntary non-profit - Church,MENDOCINO,24,1144.0,41.0,57.0,6574.0,7.0,13651.0,2172.0,26.0,11.0,42840.0,4614.0,5.6,87869.0
51316,3.0,4.0,3.0,4.0,4.0,3.0,3.0,3.0,3.0,2,3,3,FAIRCHILD MEDICAL CENTER,444 BRUCE STREET,YREKA,CA,SISKIYOU,96097,5308424121,Critical Access Hospitals,Voluntary non-profit - Other,SISKIYOU,48,721.0,19.0,,3791.0,8.0,5953.0,1016.0,24.0,11.0,38641.0,695.0,1.7,43628.0
51317,2.0,3.0,3.0,4.0,3.0,2.0,4.0,3.0,2.0,3,3,3,ST HELENA HOSPITAL-CLEARLAKE,15630 18TH AVE - HWY 53,CLEARLAKE,CA,LAKE,95422,7079946486,Critical Access Hospitals,Voluntary non-profit - Church,LAKE,18,1287.0,31.0,27.0,5001.0,8.0,9141.0,1295.0,24.0,10.0,36333.0,1921.0,3.2,64184.0
51319,4.0,4.0,3.0,4.0,4.0,4.0,4.0,4.0,3.0,2,4,4,MERCY MEDICAL CENTER MT SHASTA,914 PINE STREET,MOUNT SHASTA,CA,SISKIYOU,96067,5309266111,Critical Access Hospitals,Voluntary non-profit - Other,SISKIYOU,48,721.0,19.0,,3791.0,8.0,5953.0,1016.0,24.0,11.0,38641.0,695.0,1.7,43628.0
51320,3.0,4.0,4.0,4.0,4.0,4.0,5.0,4.0,4.0,3,3,4,BANNER LASSEN MEDICAL CENTER,1800 SPRING RIDGE DRIVE,SUSANVILLE,CA,LASSEN,96130,5302522000,Critical Access Hospitals,Voluntary non-profit - Private,LASSEN,19,367.0,10.0,,10371.0,30.0,2209.0,391.0,15.0,7.0,49995.0,632.0,2.0,31749.0
51321,3.0,2.0,1.0,4.0,3.0,2.0,3.0,2.0,2.0,1,3,2,HEALDSBURG DISTRICT HOSPITAL,1375 UNIVERSITY AVENUE,HEALDSBURG,CA,SONOMA,95448,7074316500,Critical Access Hospitals,Government - Hospital District or Authority,SONOMA,50,4392.0,136.0,159.0,18499.0,4.0,62706.0,8655.0,20.0,8.0,66949.0,27539.0,5.9,500292.0
51324,4.0,4.0,4.0,5.0,4.0,4.0,4.0,4.0,4.0,3,4,4,NORTHERN INYO HOSPITAL,150 PIONEER LANE,BISHOP,CA,INYO,93514,7608735811,Critical Access Hospitals,Government - Hospital District or Authority,INYO,15,227.0,,,1999.0,11.0,2270.0,414.0,21.0,10.0,49267.0,488.0,2.8,18410.0
51325,2.0,3.0,2.0,3.0,4.0,4.0,4.0,3.0,2.0,3,2,3,MENDOCINO COAST DISTRICT HOSPITAL,700 RIVER DR,FORT BRAGG,CA,MENDOCINO,95437,7079611234,Critical Access Hospitals,Government - Hospital District or Authority,MENDOCINO,24,1144.0,41.0,57.0,6574.0,7.0,13651.0,2172.0,26.0,11.0,42840.0,4614.0,5.6,87869.0
51328,5.0,5.0,4.0,4.0,4.0,4.0,4.0,4.0,5.0,3,5,4,TAHOE FOREST HOSPITAL,10121 PINE AVE,TRUCKEE,CA,NEVADA,96161,5305876011,Critical Access Hospitals,Government - Hospital District or Authority,NEVADA,30,1048.0,32.0,25.0,5277.0,5.0,11517.0,1844.0,20.0,10.0,57118.0,1431.0,1.5,98893.0
51329,3.0,4.0,3.0,4.0,3.0,3.0,5.0,3.0,3.0,3,3,3,SUTTER LAKESIDE HOSPITAL,5176 HILL ROAD EAST,LAKEPORT,CA,LAKE,95453,7072625000,Critical Access Hospitals,Voluntary non-profit - Private,LAKE,18,1287.0,31.0,27.0,5001.0,8.0,9141.0,1295.0,24.0,10.0,36333.0,1921.0,3.2,64184.0
51332,4.0,4.0,3.0,4.0,4.0,3.0,4.0,4.0,3.0,3,3,4,MARK TWAIN MEDICAL CENTER,768 MOUNTAIN RANCH RD,SAN ANDREAS,CA,CALAVERAS,95249,2097542515,Critical Access Hospitals,Voluntary non-profit - Other,CALAVERAS,6,651.0,15.0,,979.0,2.0,4762.0,740.0,19.0,9.0,53321.0,448.0,1.0,44624.0
51334,4.0,5.0,4.0,4.0,4.0,5.0,4.0,4.0,4.0,3,4,4,OJAI VALLEY COMMUNITY HOSPITAL,1306 MARICOPA HWY,OJAI,CA,VENTURA,93023,8056402280,Critical Access Hospitals,Voluntary non-profit - Private,VENTURA,57,6050.0,320.0,415.0,20325.0,2.0,114677.0,17221.0,22.0,8.0,74967.0,78629.0,10.1,846178.0
