,Unnamed: 0_x,Provider ID,Cleanliness,Nurse_com,Doc_com,Staff_responsiveness,Pain_management,Comm_medicine,Discharge_info,Care_transition,Overall_Hos_Rating,Quietness,Recomm_hos,Summary_star,Hospital Name_x,Address_x,City_x,State_x,County Name_x,Unnamed: 0_y,Hospital Name_y,Address_y,City_y,State_y,ZIP Code,County Name_y,Phone Number,Hospital Type,Hospital Ownership
0,0,50002,2,2,2,2,2,2,2,1,2,2,2,2,ST ROSE HOSPITAL,27200 CALAROGA AVE,HAYWARD,CA,ALAMEDA,260,ST ROSE HOSPITAL,27200 CALAROGA AVE,HAYWARD,CA,94545,ALAMEDA,5107826200,Acute Care Hospitals,Voluntary non-profit - Church
1,1,50006,2,2,2,2,3,2,3,2,2,1,3,2,ST JOSEPH HOSPITAL,2700 DOLBEER ST,EUREKA,CA,HUMBOLDT,261,ST JOSEPH HOSPITAL,2700 DOLBEER ST,EUREKA,CA,95501,HUMBOLDT,7074458121,Acute Care Hospitals,Voluntary non-profit - Private
2,2,50007,3,4,3,3,4,3,3,4,5,3,5,4,MILLS-PENINSULA MEDICAL CENTER,1501 TROUSDALE DRIVE,BURLINGAME,CA,SAN MATEO,262,MILLS-PENINSULA MEDICAL CENTER,1501 TROUSDALE DRIVE,BURLINGAME,CA,94010,SAN MATEO,6506965270,Acute Care Hospitals,Voluntary non-profit - Private
3,3,50008,2,2,3,2,3,2,2,2,3,1,3,2,CALIFORNIA PACIFIC MEDICAL CTR-DAVIES CAMPUS HOSP,601 DUBOCE AVE,SAN FRANCISCO,CA,SAN FRANCISCO,263,CALIFORNIA PACIFIC MEDICAL CTR-DAVIES CAMPUS HOSP,601 DUBOCE AVE,SAN FRANCISCO,CA,94117,SAN FRANCISCO,4156006000,Acute Care Hospitals,Voluntary non-profit - Other
4,4,50009,2,3,3,3,3,3,3,2,3,1,3,3,QUEEN OF THE VALLEY MEDICAL CENTER,1000 TRANCAS ST,NAPA,CA,NAPA,264,QUEEN OF THE VALLEY MEDICAL CENTER,1000 TRANCAS ST,NAPA,CA,94558,NAPA,7072524411,Acute Care Hospitals,Voluntary non-profit - Church
5,5,50013,2,3,3,3,4,3,3,3,3,1,3,3,ST HELENA HOSPITAL,10 WOODLAND ROAD,SAINT HELENA,CA,NAPA,265,ST HELENA HOSPITAL,10 WOODLAND ROAD,SAINT HELENA,CA,94574,NAPA,7079633611,Acute Care Hospitals,Voluntary non-profit - Private
6,6,50014,4,4,3,3,4,3,3,3,3,3,3,3,SUTTER AMADOR HOSPITAL,200 MISSION BLVD,JACKSON,CA,AMADOR,266,SUTTER AMADOR HOSPITAL,200 MISSION BLVD,JACKSON,CA,95642,AMADOR,2092237500,Acute Care Hospitals,Voluntary non-profit - Private
7,7,50017,3,3,3,3,4,3,4,4,4,3,4,3,MERCY GENERAL HOSPITAL,4001 J ST,SACRAMENTO,CA,SACRAMENTO,267,MERCY GENERAL HOSPITAL,4001 J ST,SACRAMENTO,CA,95819,SACRAMENTO,9164534453,Acute Care Hospitals,Voluntary non-profit - Church
8,8,50018,3,3,2,2,2,3,3,3,2,1,3,3,PACIFIC ALLIANCE MEDICAL CENTER,531 W COLLEGE ST,LOS ANGELES,CA,LOS ANGELES,268,PACIFIC ALLIANCE MEDICAL CENTER,531 W COLLEGE ST,LOS ANGELES,CA,90012,LOS ANGELES,2136248411,Acute Care Hospitals,Proprietary
9,9,50022,1,2,2,1,3,2,2,2,2,1,2,2,RIVERSIDE COMMUNITY HOSPITAL,4445 MAGNOLIA AVENUE,RIVERSIDE,CA,RIVERSIDE,269,RIVERSIDE COMMUNITY HOSPITAL,4445 MAGNOLIA AVENUE,RIVERSIDE,CA,92501,RIVERSIDE,9517883000,Acute Care Hospitals,Proprietary
10,10,50024,2,2,1,2,3,2,2,2,2,3,2,2,PARADISE VALLEY HOSPITAL,2400 EAST 4TH ST,NATIONAL CITY,CA,SAN DIEGO,270,PARADISE VALLEY HOSPITAL,2400 EAST 4TH ST,NATIONAL CITY,CA,91950,SAN DIEGO,6194704321,Acute Care Hospitals,Proprietary
11,11,50025,2,3,3,3,3,3,4,4,4,2,4,3,UC SAN DIEGO HEALTH HILLCREST - HILLCREST MED CTR,200 WEST ARBOR DRIVE,SAN DIEGO,CA,SAN DIEGO,271,UC SAN DIEGO HEALTH HILLCREST - HILLCREST MED CTR,200 WEST ARBOR DRIVE,SAN DIEGO,CA,92103,SAN DIEGO,6195436222,Acute Care Hospitals,Voluntary non-profit - Other
12,12,50026,3,3,3,3,4,3,4,4,4,2,4,3,GROSSMONT HOSPITAL,5555 GROSSMONT CENTER DRIVE BOX 58,LA MESA,CA,SAN DIEGO,272,GROSSMONT HOSPITAL,5555 GROSSMONT CENTER DRIVE BOX 58,LA MESA,CA,91942,SAN DIEGO,6194650711,Acute Care Hospitals,Government - Hospital District or Authority
13,13,50028,3,4,3,4,4,2,3,4,3,2,3,3,MAD RIVER COMMUNITY HOSPITAL,3800 JANES RD,ARCATA,CA,HUMBOLDT,273,MAD RIVER COMMUNITY HOSPITAL,3800 JANES RD,ARCATA,CA,95521,HUMBOLDT,7078223621,Acute Care Hospitals,Proprietary
14,14,50030,1,2,1,1,2,1,2,1,1,1,1,1,OROVILLE HOSPITAL,2767 OLIVE HIGHWAY,OROVILLE,CA,BUTTE,274,OROVILLE HOSPITAL,2767 OLIVE HIGHWAY,OROVILLE,CA,95966,BUTTE,5305338500,Acute Care Hospitals,Voluntary non-profit - Private
15,15,50036,3,2,2,2,3,3,2,2,3,2,3,2,BAKERSFIELD MEMORIAL HOSPITAL,420 34TH ST,BAKERSFIELD,CA,KERN,275,BAKERSFIELD MEMORIAL HOSPITAL,420 34TH ST,BAKERSFIELD,CA,93301,KERN,6613271792,Acute Care Hospitals,Voluntary non-profit - Private
16,16,50038,1,2,3,2,3,2,2,2,2,1,2,2,SANTA CLARA VALLEY MEDICAL CENTER,751 SOUTH BASCOM AVENUE,SAN JOSE,CA,SANTA CLARA,276,SANTA CLARA VALLEY MEDICAL CENTER,751 SOUTH BASCOM AVENUE,SAN JOSE,CA,95128,SANTA CLARA,4088855000,Acute Care Hospitals,Government - Local
17,17,50039,3,4,3,4,4,4,4,4,5,3,4,4,ENLOE MEDICAL CENTER,1531 ESPLANADE,CHICO,CA,BUTTE,277,ENLOE MEDICAL CENTER,1531 ESPLANADE,CHICO,CA,95926,BUTTE,5303327300,Acute Care Hospitals,Voluntary non-profit - Private
18,18,50040,2,3,4,2,4,3,3,4,4,1,4,3,LAC/OLIVE VIEW-UCLA MEDICAL CENTER,14445 OLIVE VIEW DRIVE,SYLMAR,CA,LOS ANGELES,278,LAC/OLIVE VIEW-UCLA MEDICAL CENTER,14445 OLIVE VIEW DRIVE,SYLMAR,CA,91342,LOS ANGELES,8183641555,Acute Care Hospitals,Voluntary non-profit - Other
19,19,50042,3,4,3,4,4,4,3,4,3,1,3,3,ST ELIZABETH COMMUNITY HOSPITAL,2550 SISTER MARY COLUMBA DRIVE,RED BLUFF,CA,TEHAMA,279,ST ELIZABETH COMMUNITY HOSPITAL,2550 SISTER MARY COLUMBA DRIVE,RED BLUFF,CA,96080,TEHAMA,5305298012,Acute Care Hospitals,Voluntary non-profit - Church
20,20,50043,2,2,3,2,3,3,3,3,3,3,4,3,ALTA BATES SUMMIT MEDICAL CENTER,350 HAWTHORNE AVENUE,OAKLAND,CA,ALAMEDA,280,ALTA BATES SUMMIT MEDICAL CENTER,350 HAWTHORNE AVENUE,OAKLAND,CA,94609,ALAMEDA,5106554000,Acute Care Hospitals,Voluntary non-profit - Private
21,21,50045,3,2,2,2,3,3,2,4,2,1,2,2,EL CENTRO REGIONAL MEDICAL CENTER,1415 ROSS AVENUE,EL CENTRO,CA,IMPERIAL,281,EL CENTRO REGIONAL MEDICAL CENTER,1415 ROSS AVENUE,EL CENTRO,CA,92243,IMPERIAL,7603397100,Acute Care Hospitals,Government - Local
22,22,50047,2,2,3,3,3,2,2,3,3,1,3,3,CALIFORNIA PACIFIC MEDICAL CTR-PACIFIC CAMPUS HOSP,2333 BUCHANAN STREET,SAN FRANCISCO,CA,SAN FRANCISCO,282,CALIFORNIA PACIFIC MEDICAL CTR-PACIFIC CAMPUS HOSP,2333 BUCHANAN STREET,SAN FRANCISCO,CA,94115,SAN FRANCISCO,4156006000,Acute Care Hospitals,Voluntary non-profit - Private
23,23,50054,3,2,1,2,3,2,3,2,2,1,2,2,SAN GORGONIO MEMORIAL HOSPITAL,600 NORTH HIGHLAND SPRINGS AVENUE,BANNING,CA,RIVERSIDE,283,SAN GORGONIO MEMORIAL HOSPITAL,600 NORTH HIGHLAND SPRINGS AVENUE,BANNING,CA,92220,RIVERSIDE,9518451121,Acute Care Hospitals,Government - Hospital District or Authority
24,24,50055,2,2,3,2,2,2,3,3,2,2,2,2,CALIFORNIA PACIFIC MEDICAL CTR - ST. LUKE'S CAMPUS,3555 CESAR CHAVEZ STREET,SAN FRANCISCO,CA,SAN FRANCISCO,284,CALIFORNIA PACIFIC MEDICAL CTR - ST. LUKE'S CAMPUS,3555 CESAR CHAVEZ STREET,SAN FRANCISCO,CA,94110,SAN FRANCISCO,4156416562,Acute Care Hospitals,Voluntary non-profit - Church
25,25,50056,1,2,1,1,2,2,1,1,1,1,1,1,ANTELOPE VALLEY HOSPITAL,1600 W AVE J,LANCASTER,CA,LOS ANGELES,285,ANTELOPE VALLEY HOSPITAL,1600 W AVE J,LANCASTER,CA,93534,LOS ANGELES,6619495000,Acute Care Hospitals,Government - Hospital District or Authority
26,26,50057,2,3,3,3,3,3,3,2,3,2,3,3,KAWEAH DELTA MEDICAL CENTER,400 W MINERAL KING AVE,VISALIA,CA,TULARE,286,KAWEAH DELTA MEDICAL CENTER,400 W MINERAL KING AVE,VISALIA,CA,93291,TULARE,5596242000,Acute Care Hospitals,Government - Hospital District or Authority
27,27,50058,2,2,3,2,3,3,3,4,3,2,2,3,GLENDALE MEM HOSPITAL & HLTH CENTER,1420 S CENTRAL AVE,GLENDALE,CA,LOS ANGELES,287,GLENDALE MEM HOSPITAL & HLTH CENTER,1420 S CENTRAL AVE,GLENDALE,CA,91204,LOS ANGELES,8185021900,Acute Care Hospitals,Voluntary non-profit - Private
28,28,50060,2,3,3,2,3,3,4,2,3,2,3,3,COMMUNITY REGIONAL MEDICAL CENTER,2823 FRESNO STREET,FRESNO,CA,FRESNO,288,COMMUNITY REGIONAL MEDICAL CENTER,2823 FRESNO STREET,FRESNO,CA,93721,FRESNO,5594596000,Acute Care Hospitals,Voluntary non-profit - Private
29,29,50063,1,1,1,1,1,2,1,2,1,1,1,1,HOLLYWOOD PRESBYTERIAN MEDICAL CENTER,1300 N VERMONT AVE,LOS ANGELES,CA,LOS ANGELES,289,HOLLYWOOD PRESBYTERIAN MEDICAL CENTER,1300 N VERMONT AVE,LOS ANGELES,CA,90027,LOS ANGELES,2134133000,Acute Care Hospitals,Proprietary
30,30,50067,3,2,1,3,2,1,3,3,2,1,2,2,OAK VALLEY HOSPITAL DISTRICT,350 S OAK AVE,OAKDALE,CA,STANISLAUS,290,OAK VALLEY HOSPITAL DISTRICT,350 S OAK AVE,OAKDALE,CA,95361,STANISLAUS,2098473011,Acute Care Hospitals,Government - Hospital District or Authority
31,31,50069,3,4,3,3,4,4,4,4,5,3,4,4,ST JOSEPH HOSPITAL,1100 WEST STEWART DR,ORANGE,CA,ORANGE,291,ST JOSEPH HOSPITAL,1100 WEST STEWART DR,ORANGE,CA,92868,ORANGE,7146339111,Acute Care Hospitals,Voluntary non-profit - Church
32,32,50070,2,3,4,3,4,2,3,4,3,1,4,3,KAISER FOUNDATION HOSPITAL - SOUTH SAN FRANCISCO,1200 EL CAMINO REAL,SOUTH SAN FRANCISCO,CA,SAN MATEO,292,KAISER FOUNDATION HOSPITAL - SOUTH SAN FRANCISCO,1200 EL CAMINO REAL,SOUTH SAN FRANCISCO,CA,94080,SAN MATEO,6507423200,Acute Care Hospitals,Voluntary non-profit - Private
33,33,50071,3,3,4,2,4,3,3,4,4,2,4,3,KAISER FOUNDATION HOSPITAL-SANTA CLARA,700 LAWRENCE EXPRESSWAY,SANTA CLARA,CA,SANTA CLARA,293,KAISER FOUNDATION HOSPITAL-SANTA CLARA,700 LAWRENCE EXPRESSWAY,SANTA CLARA,CA,95051,SANTA CLARA,4082366400,Acute Care Hospitals,Voluntary non-profit - Other
34,34,50072,3,3,3,2,4,3,3,3,3,1,4,3,KAISER FOUNDATION HOSPITAL - WALNUT CREEK,1425 S MAIN STREET,WALNUT CREEK,CA,CONTRA COSTA,294,KAISER FOUNDATION HOSPITAL - WALNUT CREEK,1425 S MAIN STREET,WALNUT CREEK,CA,94596,CONTRA COSTA,9252954000,Acute Care Hospitals,Voluntary non-profit - Other
35,35,50073,3,3,4,2,3,3,4,4,3,2,4,3,KAISER FOUNDATION HOSPITAL AND REHAB CENTER,975 SERENO DR,VALLEJO,CA,SOLANO,295,KAISER FOUNDATION HOSPITAL AND REHAB CENTER,975 SERENO DR,VALLEJO,CA,94589,SOLANO,7076511000,Acute Care Hospitals,Voluntary non-profit - Other
36,36,50075,2,2,3,2,3,2,3,3,3,2,4,3,KAISER FOUNDATION HOSPITAL - OAKLAND/RICHMOND,275 W MACARTHUR BOULEVARD,OAKLAND,CA,ALAMEDA,296,KAISER FOUNDATION HOSPITAL - OAKLAND/RICHMOND,275 W MACARTHUR BOULEVARD,OAKLAND,CA,94611,ALAMEDA,5107521000,Acute Care Hospitals,Voluntary non-profit - Other
37,37,50076,2,3,3,3,4,3,3,4,3,1,4,3,KAISER FOUNDATION HOSPITAL - SAN FRANCISCO,2425 GEARY BLVD,SAN FRANCISCO,CA,SAN FRANCISCO,297,KAISER FOUNDATION HOSPITAL - SAN FRANCISCO,2425 GEARY BLVD,SAN FRANCISCO,CA,94115,SAN FRANCISCO,4158332646,Acute Care Hospitals,Voluntary non-profit - Other
38,38,50077,2,2,3,2,3,2,2,3,2,1,3,2,SCRIPPS MERCY HOSPITAL,4077 5TH AVE,SAN DIEGO,CA,SAN DIEGO,298,SCRIPPS MERCY HOSPITAL,4077 5TH AVE,SAN DIEGO,CA,92103,SAN DIEGO,6192948111,Acute Care Hospitals,Voluntary non-profit - Private
39,39,50078,3,4,3,3,3,3,3,4,3,2,3,3,PROVIDENCE LITTLE CO OF MARY MED CTR SAN PEDRO,1300 W 7TH ST,SAN PEDRO,CA,LOS ANGELES,299,PROVIDENCE LITTLE CO OF MARY MED CTR SAN PEDRO,1300 W 7TH ST,SAN PEDRO,CA,90732,LOS ANGELES,3108323311,Acute Care Hospitals,Voluntary non-profit - Private
40,40,50082,2,3,3,2,3,2,3,3,3,2,3,3,ST JOHNS REGIONAL MEDICAL CENTER,1600 N ROSE AVE,OXNARD,CA,VENTURA,300,ST JOHNS REGIONAL MEDICAL CENTER,1600 N ROSE AVE,OXNARD,CA,93030,VENTURA,8059882500,Acute Care Hospitals,Voluntary non-profit - Private
41,41,50084,1,2,2,2,3,2,3,3,2,1,2,2,ST JOSEPH'S MEDICAL CENTER OF STOCKTON,1800 N CALIFORNIA ST,STOCKTON,CA,SAN JOAQUIN,301,ST JOSEPH'S MEDICAL CENTER OF STOCKTON,1800 N CALIFORNIA ST,STOCKTON,CA,95204,SAN JOAQUIN,2099432000,Acute Care Hospitals,Voluntary non-profit - Church
42,42,50089,1,2,2,2,3,4,2,3,2,2,2,2,COMMUNITY HOSPITAL OF SAN BERNARDINO,1805 MEDICAL CENTER DRIVE,SAN BERNARDINO,CA,SAN BERNARDINO,302,COMMUNITY HOSPITAL OF SAN BERNARDINO,1805 MEDICAL CENTER DRIVE,SAN BERNARDINO,CA,92411,SAN BERNARDINO,9098876333,Acute Care Hospitals,Voluntary non-profit - Private
43,43,50090,3,3,3,4,3,2,4,2,3,3,3,3,SONOMA VALLEY HOSPITAL,347 ANDRIEUX ST,SONOMA,CA,SONOMA,303,SONOMA VALLEY HOSPITAL,347 ANDRIEUX ST,SONOMA,CA,95476,SONOMA,7079355000,Acute Care Hospitals,Government - Hospital District or Authority
44,44,50091,2,2,1,2,2,2,2,1,2,1,2,2,COMMUNITY HOSPITAL OF HUNTINGTON PARK,2623 E SLAUSON AVE,HUNTINGTON PARK,CA,LOS ANGELES,304,COMMUNITY HOSPITAL OF HUNTINGTON PARK,2623 E SLAUSON AVE,HUNTINGTON PARK,CA,90255,LOS ANGELES,3235831931,Acute Care Hospitals,Proprietary
45,45,50093,2,2,2,2,3,2,2,2,3,2,3,2,SAINT AGNES MEDICAL CENTER,1303 E HERNDON AVE,FRESNO,CA,FRESNO,305,SAINT AGNES MEDICAL CENTER,1303 E HERNDON AVE,FRESNO,CA,93710,FRESNO,5594503000,Acute Care Hospitals,Voluntary non-profit - Church
46,46,50096,Not Available,Not Available,Not Available,Not Available,Not Available,Not Available,Not Available,Not Available,Not Available,Not Available,Not Available,Not Available,"WEST COVINA MEDICAL CENTER, INC",725 S ORANGE AVE,WEST COVINA,CA,LOS ANGELES,306,"WEST COVINA MEDICAL CENTER, INC",725 S ORANGE AVE,WEST COVINA,CA,91790,LOS ANGELES,6263388481,Acute Care Hospitals,Proprietary
47,47,50099,2,3,3,2,4,3,3,2,3,1,3,3,SAN ANTONIO REGIONAL HOSPITAL,999 SAN BERNARDINO ROAD,UPLAND,CA,SAN BERNARDINO,307,SAN ANTONIO REGIONAL HOSPITAL,999 SAN BERNARDINO ROAD,UPLAND,CA,91786,SAN BERNARDINO,7149852811,Acute Care Hospitals,Voluntary non-profit - Other
48,48,50100,3,4,3,4,4,3,4,4,5,4,5,4,SHARP MEMORIAL HOSPITAL,7901 FROST ST,SAN DIEGO,CA,SAN DIEGO,308,SHARP MEMORIAL HOSPITAL,7901 FROST ST,SAN DIEGO,CA,92123,SAN DIEGO,8589393400,Acute Care Hospitals,Voluntary non-profit - Other
49,49,50101,2,3,2,2,3,3,3,2,2,2,2,2,SUTTER SOLANO MEDICAL CENTER,300 HOSPITAL DR,VALLEJO,CA,SOLANO,309,SUTTER SOLANO MEDICAL CENTER,300 HOSPITAL DR,VALLEJO,CA,94589,SOLANO,7075545280,Acute Care Hospitals,Voluntary non-profit - Private
50,50,50102,1,2,1,1,2,1,2,2,1,1,1,1,PARKVIEW COMMUNITY HOSPITAL MEDICAL CENTER,3865 JACKSON STREET,RIVERSIDE,CA,RIVERSIDE,310,PARKVIEW COMMUNITY HOSPITAL MEDICAL CENTER,3865 JACKSON STREET,RIVERSIDE,CA,92503,RIVERSIDE,9516882211,Acute Care Hospitals,Voluntary non-profit - Private
51,51,50103,2,3,3,2,3,2,3,2,4,2,3,3,WHITE MEMORIAL MEDICAL CENTER,1720 E CESAR AVENUE,LOS ANGELES,CA,LOS ANGELES,311,WHITE MEMORIAL MEDICAL CENTER,1720 E CESAR AVENUE,LOS ANGELES,CA,90033,LOS ANGELES,3232685000,Acute Care Hospitals,Voluntary non-profit - Church
52,52,50104,1,2,1,1,2,2,1,2,1,2,2,2,SAINT FRANCIS MEDICAL CENTER,3630 EAST IMPERIAL HIGHWAY,LYNWOOD,CA,LOS ANGELES,312,SAINT FRANCIS MEDICAL CENTER,3630 EAST IMPERIAL HIGHWAY,LYNWOOD,CA,90262,LOS ANGELES,3109008900,Acute Care Hospitals,Voluntary non-profit - Church
53,53,50107,3,3,3,3,3,4,4,4,3,3,4,3,MARIAN REGIONAL MEDICAL CENTER,1400 E CHURCH ST,SANTA MARIA,CA,SANTA BARBARA,313,MARIAN REGIONAL MEDICAL CENTER,1400 E CHURCH ST,SANTA MARIA,CA,93454,SANTA BARBARA,8057393100,Acute Care Hospitals,Voluntary non-profit - Church
54,54,50108,3,3,3,2,4,3,3,4,4,2,4,3,"SUTTER MEDICAL CENTER, SACRAMENTO",2825 CAPITOL AVENUE,SACRAMENTO,CA,SACRAMENTO,314,"SUTTER MEDICAL CENTER, SACRAMENTO",2825 CAPITOL AVENUE,SACRAMENTO,CA,95816,SACRAMENTO,9167338999,Acute Care Hospitals,Voluntary non-profit - Private
55,55,50110,3,2,1,2,3,2,4,2,2,2,2,2,LOMPOC VALLEY MEDICAL CENTER,1515 E OCEAN AVENUE,LOMPOC,CA,SANTA BARBARA,315,LOMPOC VALLEY MEDICAL CENTER,1515 E OCEAN AVENUE,LOMPOC,CA,93436,SANTA BARBARA,8057373300,Acute Care Hospitals,Government - Hospital District or Authority
56,56,50112,3,4,4,4,4,3,3,4,5,3,5,4,SANTA MONICA - UCLA MED CTR & ORTHOPAEDIC HOSPITAL,1250 16TH STREET,SANTA MONICA,CA,LOS ANGELES,316,SANTA MONICA - UCLA MED CTR & ORTHOPAEDIC HOSPITAL,1250 16TH STREET,SANTA MONICA,CA,90404,LOS ANGELES,3103194000,Acute Care Hospitals,Government - State
57,57,50113,3,2,3,1,3,3,2,4,3,1,3,3,SAN MATEO MEDICAL CENTER,222 W 39TH AVE,SAN MATEO,CA,SAN MATEO,317,SAN MATEO MEDICAL CENTER,222 W 39TH AVE,SAN MATEO,CA,94403,SAN MATEO,6505732222,Acute Care Hospitals,Government - Local
58,58,50115,2,3,3,2,4,3,3,4,4,2,4,3,PALOMAR HEALTH DOWNTOWN CAMPUS,555 E VALLEY PARKWAY,ESCONDIDO,CA,SAN DIEGO,318,PALOMAR HEALTH DOWNTOWN CAMPUS,555 E VALLEY PARKWAY,ESCONDIDO,CA,92025,SAN DIEGO,7607393000,Acute Care Hospitals,Government - Hospital District or Authority
59,59,50116,2,2,2,2,3,3,3,2,2,1,3,2,NORTHRIDGE HOSPITAL MEDICAL CENTER,18300 ROSCOE BLVD,NORTHRIDGE,CA,LOS ANGELES,319,NORTHRIDGE HOSPITAL MEDICAL CENTER,18300 ROSCOE BLVD,NORTHRIDGE,CA,91325,LOS ANGELES,8188858500,Acute Care Hospitals,Voluntary non-profit - Private
60,60,50118,2,3,4,3,4,4,3,3,3,2,3,3,DOCTORS HOSPITAL OF MANTECA,1205 E NORTH STREET,MANTECA,CA,SAN JOAQUIN,320,DOCTORS HOSPITAL OF MANTECA,1205 E NORTH STREET,MANTECA,CA,95336,SAN JOAQUIN,2098233111,Acute Care Hospitals,Voluntary non-profit - Other
61,61,50121,3,3,3,2,4,3,3,2,3,2,3,3,ADVENTIST MEDICAL CENTER,115 MALL DRIVE,HANFORD,CA,KINGS,321,ADVENTIST MEDICAL CENTER,115 MALL DRIVE,HANFORD,CA,93230,KINGS,2094107200,Acute Care Hospitals,Voluntary non-profit - Church
62,62,50122,2,2,2,1,2,2,3,2,2,1,2,2,DAMERON HOSPITAL,525 WEST ACACIA STREET,STOCKTON,CA,SAN JOAQUIN,322,DAMERON HOSPITAL,525 WEST ACACIA STREET,STOCKTON,CA,95203,SAN JOAQUIN,2099445550,Acute Care Hospitals,Voluntary non-profit - Other
63,63,50124,2,2,2,2,3,2,1,2,2,1,2,2,USC VERDUGO HILLS HOSPITAL,1812 VERDUGO BLVD,GLENDALE,CA,LOS ANGELES,323,USC VERDUGO HILLS HOSPITAL,1812 VERDUGO BLVD,GLENDALE,CA,91209,LOS ANGELES,8187907100,Acute Care Hospitals,Voluntary non-profit - Private
64,64,50125,2,2,1,2,3,2,2,2,2,1,2,2,REGIONAL MEDICAL CENTER OF SAN JOSE,225 N JACKSON AVENUE,SAN JOSE,CA,SANTA CLARA,324,REGIONAL MEDICAL CENTER OF SAN JOSE,225 N JACKSON AVENUE,SAN JOSE,CA,95116,SANTA CLARA,4082595000,Acute Care Hospitals,Government - Federal
65,65,50126,3,2,1,2,3,3,3,3,3,2,3,3,VALLEY PRESBYTERIAN HOSPITAL,15107 VANOWEN ST,VAN NUYS,CA,LOS ANGELES,325,VALLEY PRESBYTERIAN HOSPITAL,15107 VANOWEN ST,VAN NUYS,CA,91406,LOS ANGELES,8187826600,Acute Care Hospitals,Voluntary non-profit - Other
66,66,50127,3,3,3,2,3,4,3,4,3,1,3,3,WOODLAND MEMORIAL HOSPITAL,1325 COTTONWOOD STREET,WOODLAND,CA,YOLO,326,WOODLAND MEMORIAL HOSPITAL,1325 COTTONWOOD STREET,WOODLAND,CA,95695,YOLO,5306623961,Acute Care Hospitals,Voluntary non-profit - Other
67,67,50128,2,2,2,2,3,3,3,2,2,1,2,2,TRI-CITY MEDICAL CENTER,4002 VISTA WAY,OCEANSIDE,CA,SAN DIEGO,327,TRI-CITY MEDICAL CENTER,4002 VISTA WAY,OCEANSIDE,CA,92056,SAN DIEGO,7607248411,Acute Care Hospitals,Government - Hospital District or Authority
68,68,50129,2,3,2,2,3,3,2,3,3,2,3,3,ST BERNARDINE MEDICAL CENTER,2101 N WATERMAN AVE,SAN BERNARDINO,CA,SAN BERNARDINO,328,ST BERNARDINE MEDICAL CENTER,2101 N WATERMAN AVE,SAN BERNARDINO,CA,92404,SAN BERNARDINO,9098838711,Acute Care Hospitals,Voluntary non-profit - Private
69,69,50131,3,4,4,3,4,3,3,4,4,3,4,4,NOVATO COMMUNITY HOSPITAL,180 ROWLAND WAY,NOVATO,CA,MARIN,329,NOVATO COMMUNITY HOSPITAL,180 ROWLAND WAY,NOVATO,CA,94945,MARIN,4152091300,Acute Care Hospitals,Voluntary non-profit - Other
70,70,50132,2,3,2,2,3,3,3,1,3,2,2,2,SAN GABRIEL VALLEY MEDICAL CENTER,438 W LAS TUNAS DRIVE,SAN GABRIEL,CA,LOS ANGELES,330,SAN GABRIEL VALLEY MEDICAL CENTER,438 W LAS TUNAS DRIVE,SAN GABRIEL,CA,91776,LOS ANGELES,6262895454,Acute Care Hospitals,Physician
71,71,50133,1,2,1,1,2,3,1,1,1,1,1,1,RIDEOUT MEMORIAL HOSPITAL,726 4TH ST,MARYSVILLE,CA,YUBA,331,RIDEOUT MEMORIAL HOSPITAL,726 4TH ST,MARYSVILLE,CA,95901,YUBA,5307494300,Acute Care Hospitals,Voluntary non-profit - Private
72,72,50135,1,1,1,1,1,1,1,1,1,1,1,1,SOUTHERN CALIFORNIA HOSPITAL AT HOLLYWOOD,6245 DE LONGPRE AVE,HOLLYWOOD,CA,LOS ANGELES,332,SOUTHERN CALIFORNIA HOSPITAL AT HOLLYWOOD,6245 DE LONGPRE AVE,HOLLYWOOD,CA,90028,LOS ANGELES,3234622271,Acute Care Hospitals,Proprietary
73,73,50136,2,2,2,2,3,2,4,2,3,2,3,2,PETALUMA VALLEY HOSPITAL,400 N MCDOWELL BLVD,PETALUMA,CA,SONOMA,333,PETALUMA VALLEY HOSPITAL,400 N MCDOWELL BLVD,PETALUMA,CA,94954,SONOMA,7077781111,Acute Care Hospitals,Voluntary non-profit - Other
74,74,50137,3,3,3,2,4,3,2,4,4,3,4,3,KAISER FOUNDATION HOSPITAL - PANORAMA CITY,13652 CANTARA ST,PANORAMA CITY,CA,LOS ANGELES,334,KAISER FOUNDATION HOSPITAL - PANORAMA CITY,13652 CANTARA ST,PANORAMA CITY,CA,91402,LOS ANGELES,8183753333,Acute Care Hospitals,Voluntary non-profit - Private
75,75,50138,3,3,3,3,3,3,3,4,4,2,4,3,KAISER FOUNDATION HOSPITAL - LOS ANGELES,4867 SUNSET BLVD,LOS ANGELES,CA,LOS ANGELES,335,KAISER FOUNDATION HOSPITAL - LOS ANGELES,4867 SUNSET BLVD,LOS ANGELES,CA,90027,LOS ANGELES,3237834011,Acute Care Hospitals,Voluntary non-profit - Other
76,76,50139,3,3,3,2,3,3,3,4,4,3,3,3,KAISER FOUNDATION HOSPITAL - DOWNEY,9333 IMPERIAL HIGHWAY,DOWNEY,CA,LOS ANGELES,336,KAISER FOUNDATION HOSPITAL - DOWNEY,9333 IMPERIAL HIGHWAY,DOWNEY,CA,90242,LOS ANGELES,5624616007,Acute Care Hospitals,Voluntary non-profit - Other
77,77,50140,3,3,3,3,4,3,3,4,4,3,4,3,KAISER FOUNDATION HOSPITAL FONTANA,9961 SIERRA AVE,FONTANA,CA,SAN BERNARDINO,337,KAISER FOUNDATION HOSPITAL FONTANA,9961 SIERRA AVE,FONTANA,CA,92335,SAN BERNARDINO,9094275500,Acute Care Hospitals,Voluntary non-profit - Private
78,78,50145,4,4,4,3,3,3,3,4,4,3,5,4,COMMUNITY HOSPITAL OF THE MONTEREY PENINSULA,23625 W R HOLMAN HIGHWAY,MONTEREY,CA,MONTEREY,338,COMMUNITY HOSPITAL OF THE MONTEREY PENINSULA,23625 W R HOLMAN HIGHWAY,MONTEREY,CA,93940,MONTEREY,8316245311,Acute Care Hospitals,Voluntary non-profit - Private
79,79,50149,1,2,1,1,2,3,2,2,2,1,2,2,CALIFORNIA HOSPITAL MEDICAL CENTER LA,1401 SOUTH GRAND AVENUE,LOS ANGELES,CA,LOS ANGELES,339,CALIFORNIA HOSPITAL MEDICAL CENTER LA,1401 SOUTH GRAND AVENUE,LOS ANGELES,CA,90015,LOS ANGELES,2137482411,Acute Care Hospitals,Voluntary non-profit - Other
80,80,50150,3,3,3,2,4,4,4,3,2,2,2,3,SIERRA NEVADA MEMORIAL HOSPITAL,155 GLASSON WAY,GRASS VALLEY,CA,NEVADA,340,SIERRA NEVADA MEMORIAL HOSPITAL,155 GLASSON WAY,GRASS VALLEY,CA,95945,NEVADA,5302746000,Acute Care Hospitals,Voluntary non-profit - Other
81,81,50152,2,2,3,2,3,2,3,4,3,1,3,3,SAINT FRANCIS MEMORIAL HOSPITAL,900 HYDE ST,SAN FRANCISCO,CA,SAN FRANCISCO,341,SAINT FRANCIS MEMORIAL HOSPITAL,900 HYDE ST,SAN FRANCISCO,CA,94109,SAN FRANCISCO,4153536000,Acute Care Hospitals,Voluntary non-profit - Private
82,82,50153,2,3,3,2,3,2,2,3,3,1,3,3,O'CONNOR HOSPITAL,2105 FOREST AVENUE,SAN JOSE,CA,SANTA CLARA,342,O'CONNOR HOSPITAL,2105 FOREST AVENUE,SAN JOSE,CA,95128,SANTA CLARA,4089472500,Acute Care Hospitals,Voluntary non-profit - Church
83,83,50158,3,3,3,3,4,3,2,2,3,1,2,3,ENCINO HOSPITAL MEDICAL CENTER,16237 VENTURA BLVD,ENCINO,CA,LOS ANGELES,343,ENCINO HOSPITAL MEDICAL CENTER,16237 VENTURA BLVD,ENCINO,CA,91436,LOS ANGELES,8189955000,Acute Care Hospitals,Proprietary
84,84,50159,2,2,3,2,3,2,2,3,2,1,2,2,VENTURA COUNTY MEDICAL CENTER,300 HILLMONT AVENUE,VENTURA,CA,VENTURA,344,VENTURA COUNTY MEDICAL CENTER,300 HILLMONT AVENUE,VENTURA,CA,93003,VENTURA,8056526075,Acute Care Hospitals,Government - Local
85,85,50167,1,2,2,1,2,2,2,2,2,1,2,2,SAN JOAQUIN GENERAL HOSPITAL,500 W HOSPITAL ROAD,FRENCH CAMP,CA,SAN JOAQUIN,345,SAN JOAQUIN GENERAL HOSPITAL,500 W HOSPITAL ROAD,FRENCH CAMP,CA,95231,SAN JOAQUIN,2094686000,Acute Care Hospitals,Government - Local
86,86,50168,3,4,3,3,4,4,4,4,5,3,4,4,ST JUDE MEDICAL CENTER,101 E VALENCIA MESA DRIVE,FULLERTON,CA,ORANGE,346,ST JUDE MEDICAL CENTER,101 E VALENCIA MESA DRIVE,FULLERTON,CA,92835,ORANGE,7149923000,Acute Care Hospitals,Voluntary non-profit - Church
87,87,50169,3,4,3,3,4,3,4,4,5,3,5,4,PRESBYTERIAN INTERCOMMUNITY HOSPITAL,12401 WASHINGTON BLVD,WHITTIER,CA,LOS ANGELES,347,PRESBYTERIAN INTERCOMMUNITY HOSPITAL,12401 WASHINGTON BLVD,WHITTIER,CA,90602,LOS ANGELES,5266980811,Acute Care Hospitals,Voluntary non-profit - Private
88,88,50174,2,2,3,2,3,2,4,2,3,1,3,3,SANTA ROSA MEMORIAL HOSPITAL,1165 MONTGOMERY DR,SANTA ROSA,CA,SONOMA,348,SANTA ROSA MEMORIAL HOSPITAL,1165 MONTGOMERY DR,SANTA ROSA,CA,95405,SONOMA,7075255300,Acute Care Hospitals,Voluntary non-profit - Private
89,89,50179,2,2,1,2,3,3,3,2,2,1,2,2,EMANUEL MEDICAL CENTER,825 DELBON AVE,TURLOCK,CA,STANISLAUS,349,EMANUEL MEDICAL CENTER,825 DELBON AVE,TURLOCK,CA,95382,STANISLAUS,2096674200,Acute Care Hospitals,Voluntary non-profit - Church
90,90,50180,3,4,3,3,3,3,3,4,4,3,4,3,JOHN MUIR MEDICAL CENTER - WALNUT CREEK CAMPUS,1601 YGNACIO VALLEY RD,WALNUT CREEK,CA,CONTRA COSTA,350,JOHN MUIR MEDICAL CENTER - WALNUT CREEK CAMPUS,1601 YGNACIO VALLEY RD,WALNUT CREEK,CA,94598,CONTRA COSTA,9259393000,Acute Care Hospitals,Voluntary non-profit - Other
91,91,50189,4,3,3,2,3,2,2,2,2,2,1,2,GEORGE L MEE MEMORIAL HOSPITAL,300 CANAL STREET,KING CITY,CA,MONTEREY,351,GEORGE L MEE MEMORIAL HOSPITAL,300 CANAL STREET,KING CITY,CA,93930,MONTEREY,8313856000,Acute Care Hospitals,Voluntary non-profit - Other
92,92,50191,3,2,2,1,3,3,3,2,2,1,2,2,ST MARY MEDICAL CENTER,1050 LINDEN AVE,LONG BEACH,CA,LOS ANGELES,352,ST MARY MEDICAL CENTER,1050 LINDEN AVE,LONG BEACH,CA,90813,LOS ANGELES,5624919000,Acute Care Hospitals,Voluntary non-profit - Church
93,93,50192,2,2,4,2,3,3,3,2,3,2,3,3,ADVENTIST MEDICAL CENTER - REEDLEY,372 W CYPRESS AVE,REEDLEY,CA,FRESNO,353,ADVENTIST MEDICAL CENTER - REEDLEY,372 W CYPRESS AVE,REEDLEY,CA,93654,FRESNO,5596388155,Acute Care Hospitals,Voluntary non-profit - Private
94,94,50194,3,2,3,2,3,2,3,2,3,2,2,2,WATSONVILLE COMMUNITY HOSPITAL,75 NIELSON STREET,WATSONVILLE,CA,SANTA CRUZ,354,WATSONVILLE COMMUNITY HOSPITAL,75 NIELSON STREET,WATSONVILLE,CA,95076,SANTA CRUZ,8317244741,Acute Care Hospitals,Proprietary
95,95,50195,4,3,3,3,4,3,3,4,3,2,3,3,WASHINGTON HOSPITAL,2000 MOWRY AVE,FREMONT,CA,ALAMEDA,355,WASHINGTON HOSPITAL,2000 MOWRY AVE,FREMONT,CA,94538,ALAMEDA,5107971111,Acute Care Hospitals,Government - Hospital District or Authority
96,96,50197,3,4,4,3,4,3,3,4,4,3,4,4,SEQUOIA HOSPITAL,170 ALAMEDA DE LAS PULGAS,REDWOOD CITY,CA,SAN MATEO,356,SEQUOIA HOSPITAL,170 ALAMEDA DE LAS PULGAS,REDWOOD CITY,CA,94062,SAN MATEO,6503675551,Acute Care Hospitals,Voluntary non-profit - Private
97,97,50204,3,4,2,3,4,3,3,3,4,4,3,3,PALMDALE REGIONAL MEDICAL CENTER,38600 MEDICAL CENTER DRIVE,PALMDALE,CA,LOS ANGELES,357,PALMDALE REGIONAL MEDICAL CENTER,38600 MEDICAL CENTER DRIVE,PALMDALE,CA,93552,LOS ANGELES,6613825000,Acute Care Hospitals,Proprietary
98,98,50205,Not Available,Not Available,Not Available,Not Available,Not Available,Not Available,Not Available,Not Available,Not Available,Not Available,Not Available,Not Available,EAST VALLEY GLENDORA HOSPITAL,150 WEST ROUTE 66,GLENDORA,CA,LOS ANGELES,358,EAST VALLEY GLENDORA HOSPITAL,150 WEST ROUTE 66,GLENDORA,CA,91740,LOS ANGELES,6263350231,Acute Care Hospitals,Proprietary
99,99,50211,3,2,3,2,3,2,2,2,3,1,2,2,ALAMEDA HOSPITAL,2070 CLINTON AVENUE,ALAMEDA,CA,ALAMEDA,359,ALAMEDA HOSPITAL,2070 CLINTON AVENUE,ALAMEDA,CA,94501,ALAMEDA,5105223700,Acute Care Hospitals,Government - Hospital District or Authority
100,100,50222,3,3,3,3,4,3,4,4,3,1,3,3,SHARP CHULA VISTA MEDICAL CENTER,751 MEDICAL CENTER COURT,CHULA VISTA,CA,SAN DIEGO,360,SHARP CHULA VISTA MEDICAL CENTER,751 MEDICAL CENTER COURT,CHULA VISTA,CA,91911,SAN DIEGO,6195025800,Acute Care Hospitals,Proprietary
101,101,50224,3,3,3,2,4,3,3,4,4,3,4,3,HOAG MEMORIAL HOSPITAL PRESBYTERIAN,ONE HOAG DRIVE,NEWPORT BEACH,CA,ORANGE,361,HOAG MEMORIAL HOSPITAL PRESBYTERIAN,ONE HOAG DRIVE,NEWPORT BEACH,CA,92663,ORANGE,9497644624,Acute Care Hospitals,Voluntary non-profit - Private
102,102,50225,3,3,2,3,4,2,4,4,3,1,4,3,FEATHER RIVER HOSPITAL,5974 PENTZ ROAD,PARADISE,CA,BUTTE,362,FEATHER RIVER HOSPITAL,5974 PENTZ ROAD,PARADISE,CA,95969,BUTTE,5308779361,Acute Care Hospitals,Voluntary non-profit - Church
103,103,50226,2,3,2,3,3,3,2,2,3,2,2,3,AHMC ANAHEIM REGIONAL MEDICAL CENTER,1111 W LA PALMA AVENUE,ANAHEIM,CA,ORANGE,363,AHMC ANAHEIM REGIONAL MEDICAL CENTER,1111 W LA PALMA AVENUE,ANAHEIM,CA,92801,ORANGE,7147741450,Acute Care Hospitals,Voluntary non-profit - Private
104,104,50228,3,2,3,2,3,3,3,3,3,3,3,3,SAN FRANCISCO GENERAL HOSPITAL,1001 POTRERO AVENUE,SAN FRANCISCO,CA,SAN FRANCISCO,364,SAN FRANCISCO GENERAL HOSPITAL,1001 POTRERO AVENUE,SAN FRANCISCO,CA,94110,SAN FRANCISCO,4152068000,Acute Care Hospitals,Government - Local
105,105,50230,1,2,2,2,3,2,2,1,2,2,2,2,GARDEN GROVE HOSPITAL & MEDICAL CENTER,12601 GARDEN GROVE BLVD,GARDEN GROVE,CA,ORANGE,365,GARDEN GROVE HOSPITAL & MEDICAL CENTER,12601 GARDEN GROVE BLVD,GARDEN GROVE,CA,92843,ORANGE,7145375160,Acute Care Hospitals,Proprietary
106,106,50231,2,2,2,2,3,3,3,2,3,1,3,2,POMONA VALLEY HOSPITAL MEDICAL CENTER,1798 N GAREY AVE,POMONA,CA,LOS ANGELES,366,POMONA VALLEY HOSPITAL MEDICAL CENTER,1798 N GAREY AVE,POMONA,CA,91767,LOS ANGELES,9098659500,Acute Care Hospitals,Voluntary non-profit - Private
107,107,50232,2,4,3,3,4,4,5,4,4,1,4,4,FRENCH HOSPITAL MEDICAL CENTER,1911 JOHNSON AVE,SAN LUIS OBISPO,CA,SAN LUIS OBISPO,367,FRENCH HOSPITAL MEDICAL CENTER,1911 JOHNSON AVE,SAN LUIS OBISPO,CA,93401,SAN LUIS OBISPO,8055435353,Acute Care Hospitals,Voluntary non-profit - Other
108,108,50234,4,4,4,4,4,4,4,4,4,4,4,4,SHARP CORONADO HOSPITAL AND HLTHCR CTR,250 PROSPECT PLACE,CORONADO,CA,SAN DIEGO,368,SHARP CORONADO HOSPITAL AND HLTHCR CTR,250 PROSPECT PLACE,CORONADO,CA,92118,SAN DIEGO,6194356251,Acute Care Hospitals,Proprietary
109,109,50235,3,3,3,2,4,2,2,3,4,2,4,3,PROVIDENCE SAINT JOSEPH MEDICAL CTR,501 SOUTH BUENA VISTA,BURBANK,CA,LOS ANGELES,369,PROVIDENCE SAINT JOSEPH MEDICAL CTR,501 SOUTH BUENA VISTA,BURBANK,CA,91505,LOS ANGELES,8188435111,Acute Care Hospitals,Voluntary non-profit - Church
110,110,50236,3,2,2,2,3,2,2,2,3,2,3,2,ADVENTIST HEALTH SIMI VALLEY,2975 N SYCAMORE DR,SIMI VALLEY,CA,VENTURA,370,ADVENTIST HEALTH SIMI VALLEY,2975 N SYCAMORE DR,SIMI VALLEY,CA,93065,VENTURA,8059556000,Acute Care Hospitals,Voluntary non-profit - Church
111,111,50238,3,3,3,2,3,3,3,3,4,2,4,3,METHODIST HOSPITAL OF SOUTHERN CA,300 W HUNTINGTON DR,ARCADIA,CA,LOS ANGELES,371,METHODIST HOSPITAL OF SOUTHERN CA,300 W HUNTINGTON DR,ARCADIA,CA,91006,LOS ANGELES,6264454441,Acute Care Hospitals,Voluntary non-profit - Private
112,112,50239,2,3,3,3,3,3,4,2,4,3,4,3,GLENDALE ADVENTIST MEDICAL CENTER,1509 E WILSON TERRACE,GLENDALE,CA,LOS ANGELES,372,GLENDALE ADVENTIST MEDICAL CENTER,1509 E WILSON TERRACE,GLENDALE,CA,91206,LOS ANGELES,8184098202,Acute Care Hospitals,Voluntary non-profit - Private
113,113,50242,2,2,3,2,3,2,3,3,2,1,2,2,DOMINICAN HOSPITAL,1555 SOQUEL DRIVE,SANTA CRUZ,CA,SANTA CRUZ,373,DOMINICAN HOSPITAL,1555 SOQUEL DRIVE,SANTA CRUZ,CA,95065,SANTA CRUZ,8314627700,Acute Care Hospitals,Proprietary
114,114,50243,1,2,3,2,3,2,3,2,3,1,3,2,DESERT REGIONAL MEDICAL CENTER,1150 NORTH INDIAN CANYON DRIVE,PALM SPRINGS,CA,RIVERSIDE,374,DESERT REGIONAL MEDICAL CENTER,1150 NORTH INDIAN CANYON DRIVE,PALM SPRINGS,CA,92262,RIVERSIDE,7603236511,Acute Care Hospitals,Proprietary
115,115,50245,1,3,2,2,3,3,2,3,3,2,3,3,ARROWHEAD REGIONAL MEDICAL CENTER,400 NORTH PEPPER AVENUE,COLTON,CA,SAN BERNARDINO,375,ARROWHEAD REGIONAL MEDICAL CENTER,400 NORTH PEPPER AVENUE,COLTON,CA,92324,SAN BERNARDINO,9095801000,Acute Care Hospitals,Government - Local
116,116,50248,2,2,3,2,3,4,4,2,3,1,3,3,NATIVIDAD MEDICAL CENTER,1441 CONSTITUTION BOULEVARD,SALINAS,CA,MONTEREY,376,NATIVIDAD MEDICAL CENTER,1441 CONSTITUTION BOULEVARD,SALINAS,CA,93906,MONTEREY,8317554195,Acute Care Hospitals,Government - Hospital District or Authority
117,117,50254,4,4,4,4,4,4,2,4,4,2,4,4,MARSHALL MEDICAL CENTER,1100 MARSHALL WAY,PLACERVILLE,CA,EL DORADO,377,MARSHALL MEDICAL CENTER,1100 MARSHALL WAY,PLACERVILLE,CA,95667,EL DORADO,5306221441,Acute Care Hospitals,Voluntary non-profit - Private
118,118,50257,2,2,1,2,2,2,2,1,1,1,2,2,GOOD SAMARITAN HOSPITAL,901 OLIVE DRIVE,BAKERSFIELD,CA,KERN,378,GOOD SAMARITAN HOSPITAL,901 OLIVE DRIVE,BAKERSFIELD,CA,93308,KERN,6613994461,Acute Care Hospitals,Proprietary
119,119,50261,2,3,3,2,3,3,3,2,3,2,2,3,SIERRA VIEW MEDICAL CENTER,465 W PUTNAM AVE,PORTERVILLE,CA,TULARE,379,SIERRA VIEW MEDICAL CENTER,465 W PUTNAM AVE,PORTERVILLE,CA,93257,TULARE,5597841110,Acute Care Hospitals,Voluntary non-profit - Private
120,120,50262,3,4,4,4,4,4,4,5,5,3,5,4,RONALD REAGAN U C L A MEDICAL CENTER,757 WESTWOOD PLAZA,LOS ANGELES,CA,LOS ANGELES,380,RONALD REAGAN U C L A MEDICAL CENTER,757 WESTWOOD PLAZA,LOS ANGELES,CA,90095,LOS ANGELES,3108256301,Acute Care Hospitals,Government - State
121,121,50272,3,3,3,3,4,3,3,3,4,2,4,3,REDLANDS COMMUNITY HOSPITAL,350 TERRACINA BLVD,REDLANDS,CA,SAN BERNARDINO,381,REDLANDS COMMUNITY HOSPITAL,350 TERRACINA BLVD,REDLANDS,CA,92373,SAN BERNARDINO,9093355500,Acute Care Hospitals,Government - Federal
122,122,50276,2,2,3,2,2,3,4,2,2,1,3,2,CONTRA COSTA REGIONAL MEDICAL CENTER,2500 ALHAMBRA AVENUE,MARTINEZ,CA,CONTRA COSTA,382,CONTRA COSTA REGIONAL MEDICAL CENTER,2500 ALHAMBRA AVENUE,MARTINEZ,CA,94553,CONTRA COSTA,9253705000,Acute Care Hospitals,Government - Local
123,123,50278,3,3,3,4,4,3,3,4,4,2,4,3,PROVIDENCE HOLY CROSS MEDICAL CENTER,15031 RINALDI ST,MISSION HILLS,CA,LOS ANGELES,383,PROVIDENCE HOLY CROSS MEDICAL CENTER,15031 RINALDI ST,MISSION HILLS,CA,91346,LOS ANGELES,8183658051,Acute Care Hospitals,Voluntary non-profit - Church
124,124,50279,2,3,1,3,2,2,2,1,3,3,2,2,HI-DESERT MEDICAL CENTER,6601 WHITE FEATHER ROAD,JOSHUA TREE,CA,SAN BERNARDINO,384,HI-DESERT MEDICAL CENTER,6601 WHITE FEATHER ROAD,JOSHUA TREE,CA,92252,SAN BERNARDINO,7603663711,Acute Care Hospitals,Government - Hospital District or Authority
125,125,50280,2,3,2,2,3,3,4,3,2,1,3,3,MERCY MEDICAL CENTER REDDING,"2175 ROSALINE AVE, CLAIRMONT HGTS",REDDING,CA,SHASTA,385,MERCY MEDICAL CENTER REDDING,"2175 ROSALINE AVE, CLAIRMONT HGTS",REDDING,CA,96001,SHASTA,5302256102,Acute Care Hospitals,Voluntary non-profit - Private
126,126,50281,3,2,2,2,3,3,3,1,3,2,2,2,ALHAMBRA HOSPITAL MEDICAL CENTER,100 S RAYMOND AVE,ALHAMBRA,CA,LOS ANGELES,386,ALHAMBRA HOSPITAL MEDICAL CENTER,100 S RAYMOND AVE,ALHAMBRA,CA,91801,LOS ANGELES,6265701606,Acute Care Hospitals,Proprietary
127,127,50283,3,4,3,3,4,3,4,4,4,2,4,4,STANFORD HEALTH CARE - VALLEYCARE,5555 WEST LAS POSITAS BOULEVARD,PLEASANTON,CA,ALAMEDA,387,STANFORD HEALTH CARE - VALLEYCARE,5555 WEST LAS POSITAS BOULEVARD,PLEASANTON,CA,94588,ALAMEDA,9254477000,Acute Care Hospitals,Voluntary non-profit - Private
128,128,50289,3,2,2,2,2,2,4,3,2,2,2,2,SETON MEDICAL CENTER,1900 SULLIVAN AVENUE,DALY CITY,CA,SAN MATEO,388,SETON MEDICAL CENTER,1900 SULLIVAN AVENUE,DALY CITY,CA,94015,SAN MATEO,6509924000,Acute Care Hospitals,Voluntary non-profit - Church
129,129,50290,3,3,3,2,4,2,2,3,4,3,4,3,PROVIDENCE SAINT JOHN'S HEALTH CENTER,2121 SANTA MONICA BLVD,SANTA MONICA,CA,LOS ANGELES,389,PROVIDENCE SAINT JOHN'S HEALTH CENTER,2121 SANTA MONICA BLVD,SANTA MONICA,CA,90404,LOS ANGELES,3108295511,Acute Care Hospitals,Voluntary non-profit - Private
130,130,50291,3,4,3,4,4,3,4,4,4,3,4,4,SUTTER SANTA ROSA REGIONAL HOSPITAL,30 MARK WEST SPRINGS ROAD,SANTA ROSA,CA,SONOMA,390,SUTTER SANTA ROSA REGIONAL HOSPITAL,30 MARK WEST SPRINGS ROAD,SANTA ROSA,CA,95403,SONOMA,7075764000,Acute Care Hospitals,Voluntary non-profit - Other
131,131,50292,1,1,1,1,1,1,2,1,1,1,1,1,RIVERSIDE UNIVERSITY HEALTH SYSTEM-MEDICAL CENTER,26520 CACTUS AVENUE,MORENO VALLEY,CA,RIVERSIDE,391,RIVERSIDE UNIVERSITY HEALTH SYSTEM-MEDICAL CENTER,26520 CACTUS AVENUE,MORENO VALLEY,CA,92555,RIVERSIDE,9514864000,Acute Care Hospitals,Government - Local
132,132,50295,2,2,2,2,3,3,2,2,2,1,3,2,MERCY HOSPITAL,2215 TRUXTUN AVENUE,BAKERSFIELD,CA,KERN,392,MERCY HOSPITAL,2215 TRUXTUN AVENUE,BAKERSFIELD,CA,93301,KERN,6616325000,Acute Care Hospitals,Voluntary non-profit - Other
133,133,50296,3,2,3,2,3,3,4,2,2,2,2,3,HAZEL HAWKINS MEMORIAL HOSPITAL,911 SUNSET DRIVE,HOLLISTER,CA,SAN BENITO,393,HAZEL HAWKINS MEMORIAL HOSPITAL,911 SUNSET DRIVE,HOLLISTER,CA,95023,SAN BENITO,8316375711,Acute Care Hospitals,Government - Hospital District or Authority
134,134,50298,2,3,2,2,4,2,3,2,3,3,2,3,BARSTOW COMMUNITY HOSPITAL,820 E MOUNTAIN VIEW STREET,BARSTOW,CA,SAN BERNARDINO,394,BARSTOW COMMUNITY HOSPITAL,820 E MOUNTAIN VIEW STREET,BARSTOW,CA,92311,SAN BERNARDINO,7602561761,Acute Care Hospitals,Proprietary
135,135,50300,1,2,3,2,3,2,3,2,2,1,3,2,ST MARY MEDICAL CENTER,18300 HIGHWAY 18,APPLE VALLEY,CA,SAN BERNARDINO,395,ST MARY MEDICAL CENTER,18300 HIGHWAY 18,APPLE VALLEY,CA,92307,SAN BERNARDINO,7602422311,Acute Care Hospitals,Voluntary non-profit - Private
136,136,50301,2,3,3,3,3,2,4,3,3,1,2,3,UKIAH VALLEY MEDICAL CENTER,275 HOSPITAL DRIVE,UKIAH,CA,MENDOCINO,396,UKIAH VALLEY MEDICAL CENTER,275 HOSPITAL DRIVE,UKIAH,CA,95482,MENDOCINO,7074623111,Acute Care Hospitals,Voluntary non-profit - Church
137,137,50305,1,2,2,1,3,2,2,2,2,1,2,2,ALTA BATES SUMMIT MEDICAL CENTER - ALTA BATES CAMP,2450 ASHBY AVENUE,BERKELEY,CA,ALAMEDA,397,ALTA BATES SUMMIT MEDICAL CENTER - ALTA BATES CAMP,2450 ASHBY AVENUE,BERKELEY,CA,94705,ALAMEDA,5102044444,Acute Care Hospitals,Voluntary non-profit - Private
138,138,50308,3,4,3,3,4,4,3,4,4,3,4,4,EL CAMINO HOSPITAL,2500 GRANT ROAD,MOUNTAIN VIEW,CA,SANTA CLARA,398,EL CAMINO HOSPITAL,2500 GRANT ROAD,MOUNTAIN VIEW,CA,94040,SANTA CLARA,6509407000,Acute Care Hospitals,Government - Hospital District or Authority
139,139,50309,2,3,3,3,3,2,2,3,3,2,4,3,SUTTER ROSEVILLE MEDICAL CENTER,ONE MEDICAL PLAZA,ROSEVILLE,CA,PLACER,399,SUTTER ROSEVILLE MEDICAL CENTER,ONE MEDICAL PLAZA,ROSEVILLE,CA,95661,PLACER,9167811000,Acute Care Hospitals,Voluntary non-profit - Other
140,140,50313,3,3,3,2,4,2,3,4,3,2,3,3,SUTTER TRACY COMMUNITY HOSPITAL,1420 NORTH TRACY BLVD,TRACY,CA,SAN JOAQUIN,400,SUTTER TRACY COMMUNITY HOSPITAL,1420 NORTH TRACY BLVD,TRACY,CA,95376,SAN JOAQUIN,2098351500,Acute Care Hospitals,Voluntary non-profit - Private
141,141,50315,1,2,3,2,2,2,1,2,2,1,2,2,KERN MEDICAL CENTER,1700 MOUNT VERNON AVENUE,BAKERSFIELD,CA,KERN,401,KERN MEDICAL CENTER,1700 MOUNT VERNON AVENUE,BAKERSFIELD,CA,93306,KERN,6613262000,Acute Care Hospitals,Voluntary non-profit - Other
142,142,50320,2,2,3,2,3,3,2,2,3,3,3,3,HIGHLAND HOSPITAL,1411 E 31ST STREET,OAKLAND,CA,ALAMEDA,402,HIGHLAND HOSPITAL,1411 E 31ST STREET,OAKLAND,CA,94602,ALAMEDA,5104374800,Acute Care Hospitals,Government - Hospital District or Authority
143,143,50324,3,4,3,3,4,3,3,4,4,3,4,3,SCRIPPS MEMORIAL HOSPITAL LA JOLLA,9888 GENESEE AVENUE,LA JOLLA,CA,SAN DIEGO,403,SCRIPPS MEMORIAL HOSPITAL LA JOLLA,9888 GENESEE AVENUE,LA JOLLA,CA,92037,SAN DIEGO,8586264123,Acute Care Hospitals,Voluntary non-profit - Other
144,144,50327,1,3,3,2,3,3,4,3,4,1,4,3,LOMA LINDA UNIVERSITY MEDICAL CENTER,11234 ANDERSON ST,LOMA LINDA,CA,SAN BERNARDINO,404,LOMA LINDA UNIVERSITY MEDICAL CENTER,11234 ANDERSON ST,LOMA LINDA,CA,92354,SAN BERNARDINO,9095584000,Acute Care Hospitals,Voluntary non-profit - Private
145,145,50329,2,2,2,2,2,2,2,2,2,1,2,2,CORONA REGIONAL MEDICAL CENTER,800 SOUTH MAIN STREET,CORONA,CA,RIVERSIDE,405,CORONA REGIONAL MEDICAL CENTER,800 SOUTH MAIN STREET,CORONA,CA,92882,RIVERSIDE,9517374343,Acute Care Hospitals,Proprietary
146,146,50334,3,3,3,3,3,3,3,3,3,1,3,3,SALINAS VALLEY MEMORIAL HOSPITAL,450 EAST ROMIE LANE,SALINAS,CA,MONTEREY,406,SALINAS VALLEY MEMORIAL HOSPITAL,450 EAST ROMIE LANE,SALINAS,CA,93901,MONTEREY,8317574333,Acute Care Hospitals,Voluntary non-profit - Other
147,147,50335,2,3,3,3,3,3,4,3,3,2,3,3,ADVENTIST HEALTH SONORA,1000 GREENLEY ROAD,SONORA,CA,TUOLUMNE,407,ADVENTIST HEALTH SONORA,1000 GREENLEY ROAD,SONORA,CA,95370,TUOLUMNE,2095323161,Acute Care Hospitals,Voluntary non-profit - Church
148,148,50336,2,3,2,2,3,3,3,2,3,3,3,3,LODI MEMORIAL HOSPITAL,975 S FAIRMONT AVENUE,LODI,CA,SAN JOAQUIN,408,LODI MEMORIAL HOSPITAL,975 S FAIRMONT AVENUE,LODI,CA,95240,SAN JOAQUIN,2093343411,Acute Care Hospitals,Voluntary non-profit - Other
149,149,50342,3,2,1,2,3,2,3,3,2,1,3,2,PIONEERS MEMORIAL HEALTHCARE DISTRICT,207 WEST LEGION ROAD,BRAWLEY,CA,IMPERIAL,409,PIONEERS MEMORIAL HEALTHCARE DISTRICT,207 WEST LEGION ROAD,BRAWLEY,CA,92227,IMPERIAL,7603513333,Acute Care Hospitals,Government - Hospital District or Authority
150,150,50348,3,3,3,3,3,3,3,4,4,3,4,3,UNIVERSITY OF CALIFORNIA IRVINE MED CENTER,101 CITY DRIVE SOUTH,ORANGE,CA,ORANGE,410,UNIVERSITY OF CALIFORNIA IRVINE MED CENTER,101 CITY DRIVE SOUTH,ORANGE,CA,92868,ORANGE,7144566112,Acute Care Hospitals,Government - Local
151,151,50350,3,2,2,2,2,2,2,3,2,1,2,2,BEVERLY HOSPITAL,309 W BEVERLY BLVD,MONTEBELLO,CA,LOS ANGELES,411,BEVERLY HOSPITAL,309 W BEVERLY BLVD,MONTEBELLO,CA,90640,LOS ANGELES,3237261222,Acute Care Hospitals,Voluntary non-profit - Private
152,152,50351,3,4,3,3,4,3,3,4,5,3,5,4,TORRANCE MEMORIAL MEDICAL CENTER,3330 LOMITA BLVD,TORRANCE,CA,LOS ANGELES,412,TORRANCE MEMORIAL MEDICAL CENTER,3330 LOMITA BLVD,TORRANCE,CA,90509,LOS ANGELES,3103259110,Acute Care Hospitals,Voluntary non-profit - Other
153,153,50352,4,4,4,4,3,4,4,4,4,3,4,4,BARTON MEMORIAL HOSPITAL,2170 SOUTH AVENUE,SOUTH LAKE TAHOE,CA,EL DORADO,413,BARTON MEMORIAL HOSPITAL,2170 SOUTH AVENUE,SOUTH LAKE TAHOE,CA,96150,EL DORADO,5305413420,Acute Care Hospitals,Voluntary non-profit - Private
154,154,50353,3,3,3,2,3,3,2,3,4,2,4,3,PROVIDENCE LITTLE COMPANY OF MARY MED CTR TORRANCE,4101 TORRANCE BLVD,TORRANCE,CA,LOS ANGELES,414,PROVIDENCE LITTLE COMPANY OF MARY MED CTR TORRANCE,4101 TORRANCE BLVD,TORRANCE,CA,90503,LOS ANGELES,3105407676,Acute Care Hospitals,Voluntary non-profit - Church
155,155,50357,4,4,4,4,4,4,5,5,5,4,5,4,GOLETA VALLEY COTTAGE HOSPITAL,351 S PATTERSON AVE,SANTA BARBARA,CA,SANTA BARBARA,415,GOLETA VALLEY COTTAGE HOSPITAL,351 S PATTERSON AVE,SANTA BARBARA,CA,93111,SANTA BARBARA,8056816446,Acute Care Hospitals,Voluntary non-profit - Other
156,156,50359,2,2,1,2,2,1,1,2,1,1,1,2,TULARE REGIONAL MEDICAL CENTER,869 NORTH CHERRY AVENUE,TULARE,CA,TULARE,416,TULARE REGIONAL MEDICAL CENTER,869 NORTH CHERRY AVENUE,TULARE,CA,93274,TULARE,5596880821,Acute Care Hospitals,Government - Hospital District or Authority
157,157,50360,1,2,3,2,3,2,4,2,3,1,3,2,MARIN GENERAL HOSPITAL,"250 BON AIR ROAD, PO BOX 8010",GREENBRAE,CA,MARIN,417,MARIN GENERAL HOSPITAL,"250 BON AIR ROAD, PO BOX 8010",GREENBRAE,CA,94904,MARIN,4159257900,Acute Care Hospitals,Government - Local
158,158,50367,2,4,3,3,4,3,4,4,3,1,3,3,NORTHBAY MEDICAL CENTER,1200 B  GALE WILSON BLVD,FAIRFIELD,CA,SOLANO,418,NORTHBAY MEDICAL CENTER,1200 B  GALE WILSON BLVD,FAIRFIELD,CA,94533,SOLANO,7076465000,Acute Care Hospitals,Voluntary non-profit - Other
159,159,50373,2,2,3,2,2,2,2,4,3,2,3,2,LAC+USC MEDICAL CENTER,"1200 N STATE ST, ROOM C2K100",LOS ANGELES,CA,LOS ANGELES,419,LAC+USC MEDICAL CENTER,"1200 N STATE ST, ROOM C2K100",LOS ANGELES,CA,90033,LOS ANGELES,3232262800,Acute Care Hospitals,Government - Local
160,160,50376,1,2,3,2,3,3,2,3,3,1,3,2,LAC/HARBOR-UCLA MED CENTER,1000 W CARSON ST,TORRANCE,CA,LOS ANGELES,420,LAC/HARBOR-UCLA MED CENTER,1000 W CARSON ST,TORRANCE,CA,90502,LOS ANGELES,3102222101,Acute Care Hospitals,Government - Local
161,161,50378,2,2,2,1,2,2,2,1,2,1,2,2,PACIFICA HOSPITAL OF THE VALLEY,9449 SAN FERNANDO RD,SUN VALLEY,CA,LOS ANGELES,421,PACIFICA HOSPITAL OF THE VALLEY,9449 SAN FERNANDO RD,SUN VALLEY,CA,91352,LOS ANGELES,8187673310,Acute Care Hospitals,Proprietary
162,162,50380,2,2,3,2,3,2,3,2,3,1,3,2,GOOD SAMARITAN HOSPITAL,2425 SAMARITAN DRIVE,SAN JOSE,CA,SANTA CLARA,422,GOOD SAMARITAN HOSPITAL,2425 SAMARITAN DRIVE,SAN JOSE,CA,95124,SANTA CLARA,4085592011,Acute Care Hospitals,Proprietary
163,163,50382,3,2,2,3,3,3,3,2,3,2,3,3,CITRUS VALLEY MEDICAL CENTER-IC CAMPUS,210 W  SAN BERNARDINO ROAD,COVINA,CA,LOS ANGELES,423,CITRUS VALLEY MEDICAL CENTER-IC CAMPUS,210 W  SAN BERNARDINO ROAD,COVINA,CA,91723,LOS ANGELES,6268142468,Acute Care Hospitals,Proprietary
164,164,50390,1,2,1,1,2,1,2,1,1,1,1,1,HEMET VALLEY MEDICAL CENTER,1117 EAST DEVONSHIRE,HEMET,CA,RIVERSIDE,424,HEMET VALLEY MEDICAL CENTER,1117 EAST DEVONSHIRE,HEMET,CA,92543,RIVERSIDE,9516522811,Acute Care Hospitals,Government - State
165,165,50393,3,2,2,2,2,2,2,2,2,1,2,2,PIH HOSPITAL - DOWNEY,11500 BROOKSHIRE AVENUE,DOWNEY,CA,LOS ANGELES,425,PIH HOSPITAL - DOWNEY,11500 BROOKSHIRE AVENUE,DOWNEY,CA,90241,LOS ANGELES,5269045000,Acute Care Hospitals,Voluntary non-profit - Private
166,166,50394,2,3,3,2,3,3,3,3,2,1,3,3,COMMUNITY MEMORIAL HOSPITAL SAN BUENAVENTURA,147 N BRENT ST,VENTURA,CA,VENTURA,426,COMMUNITY MEMORIAL HOSPITAL SAN BUENAVENTURA,147 N BRENT ST,VENTURA,CA,93003,VENTURA,8056525011,Acute Care Hospitals,Voluntary non-profit - Private
167,167,50396,3,4,4,3,4,3,3,4,4,3,5,4,SANTA BARBARA COTTAGE HOSPITAL,400 WEST PUEBLO,SANTA BARBARA,CA,SANTA BARBARA,427,SANTA BARBARA COTTAGE HOSPITAL,400 WEST PUEBLO,SANTA BARBARA,CA,93102,SANTA BARBARA,8056827111,Acute Care Hospitals,Voluntary non-profit - Private
168,168,50397,Not Available,Not Available,Not Available,Not Available,Not Available,Not Available,Not Available,Not Available,Not Available,Not Available,Not Available,Not Available,COALINGA REGIONAL MEDICAL CENTER,1191 PHELPS AVENUE,COALINGA,CA,FRESNO,428,COALINGA REGIONAL MEDICAL CENTER,1191 PHELPS AVENUE,COALINGA,CA,93210,FRESNO,5599356400,Acute Care Hospitals,Government - Hospital District or Authority
169,169,50407,3,3,2,4,2,3,4,3,3,2,2,3,CHINESE HOSPITAL,845 JACKSON ST,SAN FRANCISCO,CA,SAN FRANCISCO,429,CHINESE HOSPITAL,845 JACKSON ST,SAN FRANCISCO,CA,94133,SAN FRANCISCO,4159822400,Acute Care Hospitals,Voluntary non-profit - Private
170,170,50411,3,3,3,3,4,3,3,3,4,3,3,3,KAISER FOUNDATION HOSPITAL - SOUTH BAY,25825 SOUTH VERMONT AVENUE,HARBOR CITY,CA,LOS ANGELES,430,KAISER FOUNDATION HOSPITAL - SOUTH BAY,25825 SOUTH VERMONT AVENUE,HARBOR CITY,CA,90710,LOS ANGELES,3105176441,Acute Care Hospitals,Voluntary non-profit - Other
171,171,50414,2,3,3,2,3,3,3,4,3,2,3,3,MERCY HOSPITAL OF FOLSOM,1650 CREEKSIDE DRIVE,FOLSOM,CA,SACRAMENTO,431,MERCY HOSPITAL OF FOLSOM,1650 CREEKSIDE DRIVE,FOLSOM,CA,95630,SACRAMENTO,9169837400,Acute Care Hospitals,Voluntary non-profit - Private
172,172,50417,2,2,1,3,2,2,2,2,1,2,1,2,SUTTER COAST HOSPITAL,800 E WASHINGTON BLVD,CRESCENT CITY,CA,DEL NORTE,432,SUTTER COAST HOSPITAL,800 E WASHINGTON BLVD,CRESCENT CITY,CA,95531,DEL NORTE,7074648880,Acute Care Hospitals,Government - Hospital District or Authority
173,173,50423,Not Available,Not Available,Not Available,Not Available,Not Available,Not Available,Not Available,Not Available,Not Available,Not Available,Not Available,Not Available,PALO VERDE HOSPITAL,250 NORTH FIRST STREET,BLYTHE,CA,RIVERSIDE,433,PALO VERDE HOSPITAL,250 NORTH FIRST STREET,BLYTHE,CA,92225,RIVERSIDE,7609224115,Acute Care Hospitals,Government - Hospital District or Authority
174,174,50424,3,4,4,3,4,4,4,4,4,3,4,4,SCRIPPS GREEN HOSPITAL,10666 NORTH TORREY PINES ROAD,LA JOLLA,CA,SAN DIEGO,434,SCRIPPS GREEN HOSPITAL,10666 NORTH TORREY PINES ROAD,LA JOLLA,CA,92037,SAN DIEGO,8584559100,Acute Care Hospitals,Voluntary non-profit - Private
175,175,50425,2,2,3,2,3,2,3,3,3,1,3,3,KAISER FOUNDATION HOSPITAL - SACRAMENTO,2025 MORSE AVENUE,SACRAMENTO,CA,SACRAMENTO,435,KAISER FOUNDATION HOSPITAL - SACRAMENTO,2025 MORSE AVENUE,SACRAMENTO,CA,95825,SACRAMENTO,9169735000,Acute Care Hospitals,Voluntary non-profit - Private
176,176,50426,2,1,1,1,3,1,1,1,2,1,1,1,WEST ANAHEIM MEDICAL CENTER,3033 W ORANGE AVENUE,ANAHEIM,CA,ORANGE,436,WEST ANAHEIM MEDICAL CENTER,3033 W ORANGE AVENUE,ANAHEIM,CA,92804,ORANGE,7148273000,Acute Care Hospitals,Proprietary
177,177,50438,3,3,3,3,3,3,3,4,4,3,5,3,HUNTINGTON MEMORIAL HOSPITAL,100 W  CALIFORNIA BLVD,PASADENA,CA,LOS ANGELES,437,HUNTINGTON MEMORIAL HOSPITAL,100 W  CALIFORNIA BLVD,PASADENA,CA,91109,LOS ANGELES,6263975000,Acute Care Hospitals,Voluntary non-profit - Other
178,178,50441,3,4,3,3,3,3,4,4,4,1,4,3,STANFORD HEALTH CARE,300 PASTEUR DRIVE,STANFORD,CA,SANTA CLARA,438,STANFORD HEALTH CARE,300 PASTEUR DRIVE,STANFORD,CA,94305,SANTA CLARA,6507235708,Acute Care Hospitals,Voluntary non-profit - Private
179,179,50444,2,2,1,2,3,3,2,2,2,2,2,2,MERCY MEDICAL CENTER,333 MERCY AVENUE,MERCED,CA,MERCED,439,MERCY MEDICAL CENTER,333 MERCY AVENUE,MERCED,CA,95340,MERCED,2095645000,Acute Care Hospitals,Voluntary non-profit - Private
180,180,50454,4,4,4,4,4,3,4,4,5,3,5,4,UCSF MEDICAL CENTER,"505 PARNASSUS AVE, BOX 0296",SAN FRANCISCO,CA,SAN FRANCISCO,440,UCSF MEDICAL CENTER,"505 PARNASSUS AVE, BOX 0296",SAN FRANCISCO,CA,94143,SAN FRANCISCO,4153532733,Acute Care Hospitals,Voluntary non-profit - Other
181,181,50455,1,2,3,2,3,2,2,3,3,2,3,2,ADVENTIST HEALTH BAKERSFIELD,2615 CHESTER AVENUE,BAKERSFIELD,CA,KERN,441,ADVENTIST HEALTH BAKERSFIELD,2615 CHESTER AVENUE,BAKERSFIELD,CA,93301,KERN,6613953000,Acute Care Hospitals,Voluntary non-profit - Private
182,182,50457,3,2,3,1,3,4,3,2,2,1,3,3,ST MARY'S MEDICAL CENTER,450 STANYAN ST,SAN FRANCISCO,CA,SAN FRANCISCO,442,ST MARY'S MEDICAL CENTER,450 STANYAN ST,SAN FRANCISCO,CA,94117,SAN FRANCISCO,4156681000,Acute Care Hospitals,Voluntary non-profit - Private
183,183,50464,2,3,3,2,3,3,3,2,3,1,3,3,DOCTORS MEDICAL CENTER,1441 FLORIDA AVENUE,MODESTO,CA,STANISLAUS,443,DOCTORS MEDICAL CENTER,1441 FLORIDA AVENUE,MODESTO,CA,95350,STANISLAUS,2095781211,Acute Care Hospitals,Proprietary
184,184,50468,1,1,1,1,1,1,1,1,1,1,1,1,MEMORIAL HOSPITAL OF GARDENA,1145 W REDONDO BEACH BLVD,GARDENA,CA,LOS ANGELES,444,MEMORIAL HOSPITAL OF GARDENA,1145 W REDONDO BEACH BLVD,GARDENA,CA,90247,LOS ANGELES,3105324200,Acute Care Hospitals,Proprietary
185,185,50471,2,2,3,2,2,2,3,2,3,2,3,2,GOOD SAMARITAN HOSPITAL,1225 WILSHIRE BOULEVARD,LOS ANGELES,CA,LOS ANGELES,445,GOOD SAMARITAN HOSPITAL,1225 WILSHIRE BOULEVARD,LOS ANGELES,CA,90017,LOS ANGELES,2139772121,Acute Care Hospitals,Proprietary
186,186,50481,1,2,2,2,3,2,2,2,3,1,3,2,WEST HILLS HOSPITAL & MEDICAL CENTER,7300 MEDICAL CENTER DR,WEST HILLS,CA,LOS ANGELES,446,WEST HILLS HOSPITAL & MEDICAL CENTER,7300 MEDICAL CENTER DR,WEST HILLS,CA,91307,LOS ANGELES,8186764100,Acute Care Hospitals,Proprietary
187,187,50485,3,3,3,2,3,3,2,4,4,1,4,3,LONG BEACH MEMORIAL MEDICAL CENTER,2801 ATLANTIC AVE,LONG BEACH,CA,LOS ANGELES,447,LONG BEACH MEMORIAL MEDICAL CENTER,2801 ATLANTIC AVE,LONG BEACH,CA,90806,LOS ANGELES,5629332000,Acute Care Hospitals,Voluntary non-profit - Other
188,188,50488,3,3,3,2,4,3,3,4,4,3,4,3,EDEN MEDICAL CENTER,20103 LAKE CHABOT ROAD,CASTRO VALLEY,CA,ALAMEDA,448,EDEN MEDICAL CENTER,20103 LAKE CHABOT ROAD,CASTRO VALLEY,CA,94546,ALAMEDA,5105371234,Acute Care Hospitals,Voluntary non-profit - Other
189,189,50492,3,3,3,2,4,3,4,3,4,3,4,3,CLOVIS COMMUNITY MEDICAL CENTER,2755 HERNDON AVE,CLOVIS,CA,FRESNO,449,CLOVIS COMMUNITY MEDICAL CENTER,2755 HERNDON AVE,CLOVIS,CA,93611,FRESNO,5593244000,Acute Care Hospitals,Voluntary non-profit - Private
190,190,50496,3,4,3,3,4,3,4,4,4,2,4,4,JOHN MUIR MEDICAL CENTER - CONCORD CAMPUS,2540 EAST ST,CONCORD,CA,CONTRA COSTA,450,JOHN MUIR MEDICAL CENTER - CONCORD CAMPUS,2540 EAST ST,CONCORD,CA,94520,CONTRA COSTA,9256828200,Acute Care Hospitals,Voluntary non-profit - Private
191,191,50498,4,4,3,3,4,3,4,4,4,2,4,4,SUTTER AUBURN FAITH HOSPITAL,11815 EDUCATION STREET,AUBURN,CA,PLACER,451,SUTTER AUBURN FAITH HOSPITAL,11815 EDUCATION STREET,AUBURN,CA,95603,PLACER,5308884500,Acute Care Hospitals,Voluntary non-profit - Other
192,192,50502,1,2,2,2,2,2,2,3,2,1,2,2,SAINT VINCENT MEDICAL CENTER,2131 W 3RD ST,LOS ANGELES,CA,LOS ANGELES,452,SAINT VINCENT MEDICAL CENTER,2131 W 3RD ST,LOS ANGELES,CA,90057,LOS ANGELES,2134847111,Acute Care Hospitals,Voluntary non-profit - Church
193,193,50503,2,3,3,2,3,2,2,3,3,1,3,3,SCRIPPS MEMORIAL HOSPITAL - ENCINITAS,354 SANTA FE DRIVE,ENCINITAS,CA,SAN DIEGO,453,SCRIPPS MEMORIAL HOSPITAL - ENCINITAS,354 SANTA FE DRIVE,ENCINITAS,CA,92024,SAN DIEGO,7607536501,Acute Care Hospitals,Voluntary non-profit - Private
194,194,50506,2,3,3,2,3,3,4,3,3,1,3,3,SIERRA VISTA REGIONAL MEDICAL CENTER,1010 MURRAY ST,SAN LUIS OBISPO,CA,SAN LUIS OBISPO,454,SIERRA VISTA REGIONAL MEDICAL CENTER,1010 MURRAY ST,SAN LUIS OBISPO,CA,93405,SAN LUIS OBISPO,8505467600,Acute Care Hospitals,Proprietary
195,195,50510,3,4,4,4,4,3,4,4,3,1,4,4,KAISER FOUNDATION HOSPITAL,99 MONTECILLO RD,SAN RAFAEL,CA,MARIN,455,KAISER FOUNDATION HOSPITAL,99 MONTECILLO RD,SAN RAFAEL,CA,94903,MARIN,4154442000,Acute Care Hospitals,Voluntary non-profit - Other
196,196,50512,3,2,4,2,4,2,3,4,3,1,3,3,KAISER FOUNDATION HOSPITAL - FREMONT,39400 PASEO PADRE PKWY,FREMONT,CA,ALAMEDA,456,KAISER FOUNDATION HOSPITAL - FREMONT,39400 PASEO PADRE PKWY,FREMONT,CA,94538,ALAMEDA,5107844000,Acute Care Hospitals,Voluntary non-profit - Other
197,197,50515,3,3,3,3,4,3,3,4,3,1,3,3,KAISER FOUNDATION HOSPITAL - SAN DIEGO,4647 ZION AVE,SAN DIEGO,CA,SAN DIEGO,457,KAISER FOUNDATION HOSPITAL - SAN DIEGO,4647 ZION AVE,SAN DIEGO,CA,92120,SAN DIEGO,6195285000,Acute Care Hospitals,Voluntary non-profit - Other
198,198,50516,2,3,3,2,3,3,3,3,3,1,2,3,MERCY SAN JUAN MEDICAL CENTER,6501 COYLE AVE,CARMICHAEL,CA,SACRAMENTO,458,MERCY SAN JUAN MEDICAL CENTER,6501 COYLE AVE,CARMICHAEL,CA,95608,SACRAMENTO,9165375000,Acute Care Hospitals,Voluntary non-profit - Other
199,199,50517,2,1,1,1,1,1,2,1,1,1,1,1,VICTOR VALLEY GLOBAL MEDICAL CENTER,15248 11TH ST,VICTORVILLE,CA,SAN BERNARDINO,459,VICTOR VALLEY GLOBAL MEDICAL CENTER,15248 11TH ST,VICTORVILLE,CA,92392,SAN BERNARDINO,7602458691,Acute Care Hospitals,Voluntary non-profit - Private
200,200,50523,2,2,2,2,3,2,2,3,2,1,2,2,SUTTER DELTA MEDICAL CENTER,3901 LONE TREE WAY,ANTIOCH,CA,CONTRA COSTA,460,SUTTER DELTA MEDICAL CENTER,3901 LONE TREE WAY,ANTIOCH,CA,94509,CONTRA COSTA,9257797200,Acute Care Hospitals,Voluntary non-profit - Private
201,201,50526,1,1,1,1,1,1,1,1,1,1,1,1,HUNTINGTON BEACH HOSPITAL,17772 BEACH BLVD,HUNTINGTON BEACH,CA,ORANGE,461,HUNTINGTON BEACH HOSPITAL,17772 BEACH BLVD,HUNTINGTON BEACH,CA,92647,ORANGE,7148435000,Acute Care Hospitals,Proprietary
202,202,50528,4,3,2,4,3,2,3,2,2,1,2,3,MEMORIAL HOSPITAL LOS BANOS,520 WEST I ST,LOS BANOS,CA,MERCED,462,MEMORIAL HOSPITAL LOS BANOS,520 WEST I ST,LOS BANOS,CA,93635,MERCED,2098260591,Acute Care Hospitals,Voluntary non-profit - Private
203,203,50534,3,3,3,3,3,3,2,2,3,1,2,3,JOHN F KENNEDY MEMORIAL HOSPITAL,47111 MONROE STREET,INDIO,CA,RIVERSIDE,463,JOHN F KENNEDY MEMORIAL HOSPITAL,47111 MONROE STREET,INDIO,CA,92201,RIVERSIDE,7603476191,Acute Care Hospitals,Proprietary
204,204,50537,4,4,4,4,4,4,4,4,5,3,5,4,SUTTER DAVIS HOSPITAL,2000 SUTTER PLACE,DAVIS,CA,YOLO,464,SUTTER DAVIS HOSPITAL,2000 SUTTER PLACE,DAVIS,CA,95616,YOLO,5307566440,Acute Care Hospitals,Voluntary non-profit - Private
205,205,50541,4,3,4,3,4,3,3,4,4,3,4,4,KAISER FOUNDATION HOSPITAL - REDWOOD CITY,1100 VETERANS BOULEVARD,REDWOOD CITY,CA,SAN MATEO,465,KAISER FOUNDATION HOSPITAL - REDWOOD CITY,1100 VETERANS BOULEVARD,REDWOOD CITY,CA,94063,SAN MATEO,6502992000,Acute Care Hospitals,Voluntary non-profit - Other
206,206,50543,Not Available,Not Available,Not Available,Not Available,Not Available,Not Available,Not Available,Not Available,Not Available,Not Available,Not Available,Not Available,COLLEGE HOSPITAL COSTA MESA,301 VICTORIA STREET,COSTA MESA,CA,ORANGE,466,COLLEGE HOSPITAL COSTA MESA,301 VICTORIA STREET,COSTA MESA,CA,92627,ORANGE,9496422734,Acute Care Hospitals,Proprietary
207,207,50546,Not Available,Not Available,Not Available,Not Available,Not Available,Not Available,Not Available,Not Available,Not Available,Not Available,Not Available,Not Available,PORTERVILLE DEVELOPMENTAL CENTER,26501 AVENUE 140,PORTERVILLE,CA,TULARE,467,PORTERVILLE DEVELOPMENTAL CENTER,26501 AVENUE 140,PORTERVILLE,CA,93257,TULARE,5597822222,Acute Care Hospitals,Government - State
208,208,50547,Not Available,Not Available,Not Available,Not Available,Not Available,Not Available,Not Available,Not Available,Not Available,Not Available,Not Available,Not Available,SONOMA DEVELOPMENTAL CENTER,15000 ARNOLD DRIVE   /  P O BOX 1493,ELDRIDGE,CA,SONOMA,468,SONOMA DEVELOPMENTAL CENTER,15000 ARNOLD DRIVE   /  P O BOX 1493,ELDRIDGE,CA,95431,SONOMA,7079386000,Acute Care Hospitals,Government - Federal
209,209,50548,Not Available,Not Available,Not Available,Not Available,Not Available,Not Available,Not Available,Not Available,Not Available,Not Available,Not Available,Not Available,FAIRVIEW DEVELOPMENTAL CENTER,2501 HARBOR BOULEVARD,COSTA MESA,CA,ORANGE,469,FAIRVIEW DEVELOPMENTAL CENTER,2501 HARBOR BOULEVARD,COSTA MESA,CA,92626,ORANGE,7149575000,Acute Care Hospitals,Government - Local
210,210,50549,2,2,3,2,3,2,3,2,3,3,3,3,LOS ROBLES HOSPITAL & MEDICAL CENTER,215 W JANSS RD,THOUSAND OAKS,CA,VENTURA,470,LOS ROBLES HOSPITAL & MEDICAL CENTER,215 W JANSS RD,THOUSAND OAKS,CA,91360,VENTURA,8054972727,Acute Care Hospitals,Proprietary
211,211,50551,1,3,3,2,3,3,3,2,2,1,2,2,LOS ALAMITOS MEDICAL CENTER,3751 KATELLA AVENUE,LOS ALAMITOS,CA,ORANGE,471,LOS ALAMITOS MEDICAL CENTER,3751 KATELLA AVENUE,LOS ALAMITOS,CA,90720,ORANGE,5627993220,Acute Care Hospitals,Proprietary
212,212,50552,Not Available,Not Available,Not Available,Not Available,Not Available,Not Available,Not Available,Not Available,Not Available,Not Available,Not Available,Not Available,MOTION PICTURE & TELEVISION HOSPITAL,23388 MULHOLLAND DRIVE,WOODLAND HILLS,CA,LOS ANGELES,472,MOTION PICTURE & TELEVISION HOSPITAL,23388 MULHOLLAND DRIVE,WOODLAND HILLS,CA,91364,LOS ANGELES,8188761771,Acute Care Hospitals,Voluntary non-profit - Other
213,213,50557,2,2,2,2,3,2,3,3,3,2,3,2,MEMORIAL MEDICAL CENTER,1700 COFFEE RD,MODESTO,CA,STANISLAUS,473,MEMORIAL MEDICAL CENTER,1700 COFFEE RD,MODESTO,CA,95355,STANISLAUS,2095264500,Acute Care Hospitals,Voluntary non-profit - Private
214,214,50561,2,3,3,3,3,3,2,3,4,3,3,3,KAISER FOUNDATION HOSPITAL - WEST LA,6041 CADILLAC AVE,LOS ANGELES,CA,LOS ANGELES,474,KAISER FOUNDATION HOSPITAL - WEST LA,6041 CADILLAC AVE,LOS ANGELES,CA,90034,LOS ANGELES,2138572201,Acute Care Hospitals,Voluntary non-profit - Private
215,215,50567,3,3,3,3,4,3,4,3,4,3,4,3,MISSION HOSPITAL REGIONAL MED CENTER,27700 MEDICAL CENTER RD,MISSION VIEJO,CA,ORANGE,475,MISSION HOSPITAL REGIONAL MED CENTER,27700 MEDICAL CENTER RD,MISSION VIEJO,CA,92691,ORANGE,9493641400,Acute Care Hospitals,Voluntary non-profit - Private
216,216,50568,3,2,1,2,2,2,3,2,2,1,2,2,MADERA COMMUNITY HOSPITAL,1250 E ALMOND AVE,MADERA,CA,MADERA,476,MADERA COMMUNITY HOSPITAL,1250 E ALMOND AVE,MADERA,CA,93637,MADERA,5596755555,Acute Care Hospitals,Voluntary non-profit - Other
217,217,50570,2,2,1,2,3,3,3,1,2,1,2,2,FOUNTAIN VALLEY REGIONAL HOSPITAL & MEDICAL CENTER,17100 EUCLID STREET,FOUNTAIN VALLEY,CA,ORANGE,477,FOUNTAIN VALLEY REGIONAL HOSPITAL & MEDICAL CENTER,17100 EUCLID STREET,FOUNTAIN VALLEY,CA,92708,ORANGE,7149667200,Acute Care Hospitals,Proprietary
218,218,50573,3,3,3,3,4,3,3,4,4,2,4,3,EISENHOWER MEDICAL CENTER,39-000 BOB HOPE DRIVE,RANCHO MIRAGE,CA,RIVERSIDE,478,EISENHOWER MEDICAL CENTER,39-000 BOB HOPE DRIVE,RANCHO MIRAGE,CA,92270,RIVERSIDE,7603403911,Acute Care Hospitals,Proprietary
219,219,50580,2,2,2,3,3,3,2,2,3,2,3,2,LA PALMA INTERCOMMUNITY HOSPITAL,7901 WALKER STREET,LA PALMA,CA,ORANGE,479,LA PALMA INTERCOMMUNITY HOSPITAL,7901 WALKER STREET,LA PALMA,CA,90623,ORANGE,7146707400,Acute Care Hospitals,Proprietary
220,220,50581,1,2,3,2,3,3,2,2,2,1,2,2,LAKEWOOD REGIONAL MEDICAL CENTER,3700 E SOUTH ST,LAKEWOOD,CA,LOS ANGELES,480,LAKEWOOD REGIONAL MEDICAL CENTER,3700 E SOUTH ST,LAKEWOOD,CA,90712,LOS ANGELES,5626026751,Acute Care Hospitals,Proprietary
221,221,50586,2,3,3,2,3,3,2,2,3,2,3,3,CHINO VALLEY MEDICAL CENTER,5451 WALNUT AVE,CHINO,CA,SAN BERNARDINO,481,CHINO VALLEY MEDICAL CENTER,5451 WALNUT AVE,CHINO,CA,91710,SAN BERNARDINO,9096276111,Acute Care Hospitals,Proprietary
222,222,50588,3,2,2,1,3,2,3,2,2,2,2,2,SAN DIMAS COMMUNITY HOSPITAL,1350 W COVINA BLVD,SAN DIMAS,CA,LOS ANGELES,482,SAN DIMAS COMMUNITY HOSPITAL,1350 W COVINA BLVD,SAN DIMAS,CA,91773,LOS ANGELES,9095996811,Acute Care Hospitals,Proprietary
223,223,50589,3,3,2,2,3,2,3,2,3,1,3,2,PLACENTIA LINDA HOSPITAL,1301 N ROSE DRIVE,PLACENTIA,CA,ORANGE,483,PLACENTIA LINDA HOSPITAL,1301 N ROSE DRIVE,PLACENTIA,CA,92870,ORANGE,7149932000,Acute Care Hospitals,Proprietary
224,224,50590,2,2,2,2,3,3,3,2,2,1,2,2,METHODIST HOSPITAL OF SACRAMENTO,7500 HOSPITAL DRIVE,SACRAMENTO,CA,SACRAMENTO,484,METHODIST HOSPITAL OF SACRAMENTO,7500 HOSPITAL DRIVE,SACRAMENTO,CA,95823,SACRAMENTO,9164236010,Acute Care Hospitals,Voluntary non-profit - Other
225,225,50597,3,4,4,4,4,4,2,3,4,2,4,4,FOOTHILL PRESBYTERIAN HOSPITAL,250 S GRAND AVE,GLENDORA,CA,LOS ANGELES,485,FOOTHILL PRESBYTERIAN HOSPITAL,250 S GRAND AVE,GLENDORA,CA,91740,LOS ANGELES,6269638411,Acute Care Hospitals,Voluntary non-profit - Private
226,226,50599,2,3,3,2,3,3,3,4,3,1,4,3,UNIVERSITY OF CALIFORNIA DAVIS MEDICAL CENTER,2315 STOCKTON BOULEVARD,SACRAMENTO,CA,SACRAMENTO,486,UNIVERSITY OF CALIFORNIA DAVIS MEDICAL CENTER,2315 STOCKTON BOULEVARD,SACRAMENTO,CA,95817,SACRAMENTO,9167342011,Acute Care Hospitals,Voluntary non-profit - Other
227,227,50603,3,3,3,2,4,2,3,4,4,1,4,3,SADDLEBACK MEMORIAL MEDICAL CENTER,24451 HEALTH CENTER DRIVE,LAGUNA HILLS,CA,ORANGE,487,SADDLEBACK MEMORIAL MEDICAL CENTER,24451 HEALTH CENTER DRIVE,LAGUNA HILLS,CA,92653,ORANGE,9498374500,Acute Care Hospitals,Voluntary non-profit - Private
228,228,50604,3,3,3,2,4,3,3,4,3,1,3,3,KAISER FOUNDATION HOSPITAL-SAN JOSE,250 HOSPITAL PARKWAY,SAN JOSE,CA,SANTA CLARA,488,KAISER FOUNDATION HOSPITAL-SAN JOSE,250 HOSPITAL PARKWAY,SAN JOSE,CA,95119,SANTA CLARA,4089727000,Acute Care Hospitals,Voluntary non-profit - Other
229,229,50608,3,2,3,2,3,2,3,2,3,1,2,2,DELANO REGIONAL MEDICAL CENTER,1401 GARCES HIGHWAY,DELANO,CA,KERN,489,DELANO REGIONAL MEDICAL CENTER,1401 GARCES HIGHWAY,DELANO,CA,93215,KERN,6617254800,Acute Care Hospitals,Proprietary
230,230,50609,3,4,4,3,4,3,3,4,5,3,4,4,KAISER FOUNDATION HOSPITAL - ORANGE COUNTY - ANAHE,3440 E LA PALMA AVE,ANAHEIM,CA,ORANGE,490,KAISER FOUNDATION HOSPITAL - ORANGE COUNTY - ANAHE,3440 E LA PALMA AVE,ANAHEIM,CA,92806,ORANGE,7142794000,Acute Care Hospitals,Voluntary non-profit - Other
231,231,50616,2,3,3,2,3,3,3,3,3,1,3,3,ST JOHNS PLEASANT VALLEY HOSPITAL,2309 ANTONIO AVE,CAMARILLO,CA,VENTURA,491,ST JOHNS PLEASANT VALLEY HOSPITAL,2309 ANTONIO AVE,CAMARILLO,CA,93010,VENTURA,8053895800,Acute Care Hospitals,Voluntary non-profit - Church
232,232,50624,3,3,3,3,3,3,2,3,3,1,3,3,HENRY MAYO NEWHALL  HOSPITAL,23845  MCBEAN PKWY,VALENCIA,CA,LOS ANGELES,492,HENRY MAYO NEWHALL  HOSPITAL,23845  MCBEAN PKWY,VALENCIA,CA,91355,LOS ANGELES,6612538000,Acute Care Hospitals,Voluntary non-profit - Private
233,233,50625,3,3,3,3,3,2,3,4,4,2,4,3,CEDARS-SINAI MEDICAL CENTER,8700 BEVERLY BLVD,LOS ANGELES,CA,LOS ANGELES,493,CEDARS-SINAI MEDICAL CENTER,8700 BEVERLY BLVD,LOS ANGELES,CA,90048,LOS ANGELES,3104235000,Acute Care Hospitals,Voluntary non-profit - Other
234,234,50633,2,4,3,3,4,4,4,2,3,2,2,3,TWIN CITIES COMMUNITY HOSPITAL,1100 LAS TABLAS RD,TEMPLETON,CA,SAN LUIS OBISPO,494,TWIN CITIES COMMUNITY HOSPITAL,1100 LAS TABLAS RD,TEMPLETON,CA,93465,SAN LUIS OBISPO,8054343500,Acute Care Hospitals,Proprietary
235,235,50636,2,4,3,3,4,3,4,4,3,1,3,3,POMERADO HOSPITAL,15615 POMERADO ROAD,POWAY,CA,SAN DIEGO,495,POMERADO HOSPITAL,15615 POMERADO ROAD,POWAY,CA,92064,SAN DIEGO,8584856511,Acute Care Hospitals,Government - Hospital District or Authority
236,236,50641,3,2,1,2,2,2,2,1,2,2,2,2,EAST LOS ANGELES DOCTORS HOSPITAL,4060 WHITTIER BLVD,LOS ANGELES,CA,LOS ANGELES,496,EAST LOS ANGELES DOCTORS HOSPITAL,4060 WHITTIER BLVD,LOS ANGELES,CA,90023,LOS ANGELES,3232685514,Acute Care Hospitals,Proprietary
237,237,50663,1,1,1,1,1,1,1,1,1,1,1,1,LOS ANGELES COMMUNITY HOSPITAL,4081 E OLYMPIC BLVD,LOS ANGELES,CA,LOS ANGELES,497,LOS ANGELES COMMUNITY HOSPITAL,4081 E OLYMPIC BLVD,LOS ANGELES,CA,90023,LOS ANGELES,3232670477,Acute Care Hospitals,Proprietary
238,238,50668,Not Available,Not Available,Not Available,Not Available,Not Available,Not Available,Not Available,Not Available,Not Available,Not Available,Not Available,Not Available,LAGUNA HONDA HOSPITAL & REHABILITATION CENTER,375 LAGUNA HONDA BLVD,SAN FRANCISCO,CA,SAN FRANCISCO,498,LAGUNA HONDA HOSPITAL & REHABILITATION CENTER,375 LAGUNA HONDA BLVD,SAN FRANCISCO,CA,94116,SAN FRANCISCO,4157592300,Acute Care Hospitals,Government - Local
239,239,50674,2,3,3,3,4,3,3,4,4,2,4,3,KAISER FOUNDATION HOSP SO SACRAMENTO,6600 BRUCEVILLE ROAD,SACRAMENTO,CA,SACRAMENTO,499,KAISER FOUNDATION HOSP SO SACRAMENTO,6600 BRUCEVILLE ROAD,SACRAMENTO,CA,95823,SACRAMENTO,9166882000,Acute Care Hospitals,Voluntary non-profit - Other
240,240,50677,4,4,4,4,4,4,3,4,4,2,4,4,KAISER FOUNDATION HOSPITAL - WOODLAND HILLS,5601 DE SOTO,WOODLAND HILLS,CA,LOS ANGELES,500,KAISER FOUNDATION HOSPITAL - WOODLAND HILLS,5601 DE SOTO,WOODLAND HILLS,CA,91367,LOS ANGELES,8187193800,Acute Care Hospitals,Voluntary non-profit - Private
241,241,50678,3,3,3,3,3,3,3,4,3,1,3,3,ORANGE COAST MEMORIAL MEDICAL CENTER,9920 TALBERT AVENUE,FOUNTAIN VALLEY,CA,ORANGE,501,ORANGE COAST MEMORIAL MEDICAL CENTER,9920 TALBERT AVENUE,FOUNTAIN VALLEY,CA,92708,ORANGE,7143787406,Acute Care Hospitals,Proprietary
242,242,50684,1,1,1,1,2,1,2,1,1,1,1,1,MENIFEE VALLEY MEDICAL CENTER,28400 MCCALL B0ULEVARD,SUN CITY,CA,RIVERSIDE,502,MENIFEE VALLEY MEDICAL CENTER,28400 MCCALL B0ULEVARD,SUN CITY,CA,92585,RIVERSIDE,9516798888,Acute Care Hospitals,Physician
243,243,50686,3,3,3,3,4,3,3,3,4,1,4,3,"KAISER FOUNDATION HOSPITAL, RIVERSIDE",10800 MAGNOLIA AVENUE,RIVERSIDE,CA,RIVERSIDE,503,"KAISER FOUNDATION HOSPITAL, RIVERSIDE",10800 MAGNOLIA AVENUE,RIVERSIDE,CA,92505,RIVERSIDE,9513532000,Acute Care Hospitals,Voluntary non-profit - Other
244,244,50688,4,3,3,2,4,3,2,3,3,1,2,3,SAINT LOUISE REGIONAL HOSPITAL,9400 NO NAME UNO,GILROY,CA,SANTA CLARA,504,SAINT LOUISE REGIONAL HOSPITAL,9400 NO NAME UNO,GILROY,CA,95020,SANTA CLARA,4088482000,Acute Care Hospitals,Voluntary non-profit - Church
245,245,50689,1,2,3,2,3,2,3,2,2,2,3,2,SAN RAMON REGIONAL MEDICAL CTR,6001 NORRIS CANYON ROAD,SAN RAMON,CA,CONTRA COSTA,505,SAN RAMON REGIONAL MEDICAL CTR,6001 NORRIS CANYON ROAD,SAN RAMON,CA,94583,CONTRA COSTA,9252759200,Acute Care Hospitals,Proprietary
246,246,50690,3,4,3,3,4,3,4,4,4,2,4,4,KAISER FOUNDATION HOSPITAL-SANTA ROSA,401 BICENTENNIAL WAY,SANTA ROSA,CA,SONOMA,506,KAISER FOUNDATION HOSPITAL-SANTA ROSA,401 BICENTENNIAL WAY,SANTA ROSA,CA,95403,SONOMA,7075714000,Acute Care Hospitals,Voluntary non-profit - Other
247,247,50696,3,3,3,2,3,3,3,4,4,3,4,3,KECK HOSPITAL OF USC,1500 SAN PABLO ST,LOS ANGELES,CA,LOS ANGELES,507,KECK HOSPITAL OF USC,1500 SAN PABLO ST,LOS ANGELES,CA,90033,LOS ANGELES,3234428656,Acute Care Hospitals,Voluntary non-profit - Other
248,248,50697,Not Available,Not Available,Not Available,Not Available,Not Available,Not Available,Not Available,Not Available,Not Available,Not Available,Not Available,Not Available,PATIENTS' HOSPITAL OF REDDING,2900 EUREKA WAY,REDDING,CA,SHASTA,508,PATIENTS' HOSPITAL OF REDDING,2900 EUREKA WAY,REDDING,CA,96001,SHASTA,5302258700,Acute Care Hospitals,Physician
249,249,50701,1,2,2,2,3,2,3,2,3,2,2,2,SOUTHWEST HEALTHCARE SYSTEM,25500 MEDICAL CENTER DRIVE,MURRIETA,CA,RIVERSIDE,509,SOUTHWEST HEALTHCARE SYSTEM,25500 MEDICAL CENTER DRIVE,MURRIETA,CA,92562,RIVERSIDE,9516966000,Acute Care Hospitals,Proprietary
250,250,50704,2,2,2,2,2,2,2,1,2,1,1,2,MISSION COMMUNITY HOSPITAL,14850 ROSCOE BLVD,PANORAMA CITY,CA,LOS ANGELES,510,MISSION COMMUNITY HOSPITAL,14850 ROSCOE BLVD,PANORAMA CITY,CA,91402,LOS ANGELES,8189043100,Acute Care Hospitals,Voluntary non-profit - Private
251,251,50708,5,5,4,5,5,5,5,5,5,5,5,5,FRESNO SURGICAL HOSPITAL,6125 NORTH FRESNO ST,FRESNO,CA,FRESNO,511,FRESNO SURGICAL HOSPITAL,6125 NORTH FRESNO ST,FRESNO,CA,93710,FRESNO,5594318000,Acute Care Hospitals,Proprietary
252,252,50709,2,2,1,2,2,2,2,1,2,2,2,2,DESERT VALLEY HOSPITAL,16850 BEAR VALLEY RD,VICTORVILLE,CA,SAN BERNARDINO,512,DESERT VALLEY HOSPITAL,16850 BEAR VALLEY RD,VICTORVILLE,CA,92395,SAN BERNARDINO,7602418000,Acute Care Hospitals,Proprietary
253,253,50710,2,3,3,3,4,3,3,4,4,2,4,3,KAISER FOUNDATION HOSPITAL - FRESNO,7300 NORTH FRESNO ST,FRESNO,CA,FRESNO,513,KAISER FOUNDATION HOSPITAL - FRESNO,7300 NORTH FRESNO ST,FRESNO,CA,93720,FRESNO,5594484500,Acute Care Hospitals,Voluntary non-profit - Private
254,254,50714,3,4,3,4,4,3,4,4,5,4,5,4,SUTTER MATERNITY & SURGERY CENTER OF SANTA CRUZ,2900 CHANTICLEER AVENUE,SANTA CRUZ,CA,SANTA CRUZ,514,SUTTER MATERNITY & SURGERY CENTER OF SANTA CRUZ,2900 CHANTICLEER AVENUE,SANTA CRUZ,CA,95065,SANTA CRUZ,8314772200,Acute Care Hospitals,Voluntary non-profit - Private
255,255,50717,2,3,3,3,3,2,4,5,3,1,4,3,LAC/RANCHO LOS AMIGOS NATIONAL REHABILITATION  CTR,7601 EAST IMPERIAL HIGHWAY,DOWNEY,CA,LOS ANGELES,515,LAC/RANCHO LOS AMIGOS NATIONAL REHABILITATION  CTR,7601 EAST IMPERIAL HIGHWAY,DOWNEY,CA,90242,LOS ANGELES,5624017022,Acute Care Hospitals,Government - Local
256,256,50723,3,3,4,3,4,4,4,4,4,3,4,4,KAISER FOUNDATION HOSPITAL - BALDWIN PARK,1011 BALDWIN PARK BLVD,BALDWIN PARK,CA,LOS ANGELES,516,KAISER FOUNDATION HOSPITAL - BALDWIN PARK,1011 BALDWIN PARK BLVD,BALDWIN PARK,CA,91706,LOS ANGELES,6268511011,Acute Care Hospitals,Voluntary non-profit - Other
257,257,50724,3,3,3,3,3,2,3,4,4,2,4,3,BAKERSFIELD HEART HOSPITAL,3001 SILLECT AVENUE,BAKERSFIELD,CA,KERN,517,BAKERSFIELD HEART HOSPITAL,3001 SILLECT AVENUE,BAKERSFIELD,CA,93308,KERN,6613166000,Acute Care Hospitals,Proprietary
258,258,50726,5,5,5,5,5,5,5,5,5,5,5,5,STANISLAUS SURGICAL HOSPITAL,1421 OAKDALE ROAD,MODESTO,CA,STANISLAUS,518,STANISLAUS SURGICAL HOSPITAL,1421 OAKDALE ROAD,MODESTO,CA,95355,STANISLAUS,2095722700,Acute Care Hospitals,Proprietary
259,259,50727,1,2,1,2,2,1,1,1,1,1,1,1,COMMUNITY HOSPITAL OF LONG BEACH,1720 TERMINO AVENUE,LONG BEACH,CA,LOS ANGELES,519,COMMUNITY HOSPITAL OF LONG BEACH,1720 TERMINO AVENUE,LONG BEACH,CA,90804,LOS ANGELES,5624940600,Acute Care Hospitals,Voluntary non-profit - Private
260,260,50735,2,2,2,2,3,3,2,1,2,1,2,2,WHITTIER HOSPITAL MEDICAL CENTER,9080 COLIMA RD,WHITTIER,CA,LOS ANGELES,520,WHITTIER HOSPITAL MEDICAL CENTER,9080 COLIMA RD,WHITTIER,CA,90605,LOS ANGELES,5629453561,Acute Care Hospitals,Proprietary
261,261,50736,2,2,2,2,3,3,2,1,3,1,3,2,MONTEREY PARK HOSPITAL,900 S ATLANTIC BLVD,MONTEREY PARK,CA,LOS ANGELES,521,MONTEREY PARK HOSPITAL,900 S ATLANTIC BLVD,MONTEREY PARK,CA,91754,LOS ANGELES,6265709000,Acute Care Hospitals,Proprietary
262,262,50737,1,2,2,2,3,2,2,1,2,1,2,2,GARFIELD MEDICAL CENTER,525 N GARFIELD AVE,MONTEREY PARK,CA,LOS ANGELES,522,GARFIELD MEDICAL CENTER,525 N GARFIELD AVE,MONTEREY PARK,CA,91754,LOS ANGELES,6265732222,Acute Care Hospitals,Proprietary
263,263,50738,2,2,1,1,3,2,2,1,2,2,2,2,GREATER EL MONTE COMMUNITY HOSPITAL,1701 SANTA ANITA AVE,SOUTH EL MONTE,CA,LOS ANGELES,523,GREATER EL MONTE COMMUNITY HOSPITAL,1701 SANTA ANITA AVE,SOUTH EL MONTE,CA,91733,LOS ANGELES,6263507975,Acute Care Hospitals,Voluntary non-profit - Private
264,264,50739,1,2,1,2,2,2,1,2,2,1,1,2,CENTINELA HOSPITAL MEDICAL CENTER,555 EAST HARDY STREET,INGLEWOOD,CA,LOS ANGELES,524,CENTINELA HOSPITAL MEDICAL CENTER,555 EAST HARDY STREET,INGLEWOOD,CA,90301,LOS ANGELES,3106734660,Acute Care Hospitals,Proprietary
265,265,50740,2,3,3,3,3,3,3,3,3,3,3,3,MARINA DEL REY HOSPITAL,4650 LINCOLN BLVD,MARINA DEL REY,CA,LOS ANGELES,525,MARINA DEL REY HOSPITAL,4650 LINCOLN BLVD,MARINA DEL REY,CA,90291,LOS ANGELES,3108238911,Acute Care Hospitals,Proprietary
266,266,50742,1,1,1,1,2,1,2,1,1,2,1,1,OLYMPIA MEDICAL CENTER,5900 WEST OLYMPIC BOULEVARD,LOS ANGELES,CA,LOS ANGELES,526,OLYMPIA MEDICAL CENTER,5900 WEST OLYMPIC BOULEVARD,LOS ANGELES,CA,90036,LOS ANGELES,3106575900,Acute Care Hospitals,Proprietary
267,267,50744,2,2,2,2,2,3,2,1,2,1,1,2,ANAHEIM GLOBAL MEDICAL CENTER,1025 S ANAHEIM BLVD,ANAHEIM,CA,ORANGE,527,ANAHEIM GLOBAL MEDICAL CENTER,1025 S ANAHEIM BLVD,ANAHEIM,CA,92805,ORANGE,7145336220,Acute Care Hospitals,Proprietary
268,268,50745,2,2,2,1,3,1,2,1,2,2,1,2,CHAPMAN GLOBAL MEDICAL CENTER,2601 E CHAPMAN AVE,ORANGE,CA,ORANGE,528,CHAPMAN GLOBAL MEDICAL CENTER,2601 E CHAPMAN AVE,ORANGE,CA,92869,ORANGE,7146330011,Acute Care Hospitals,Proprietary
269,269,50746,1,2,1,1,2,2,2,1,2,1,2,2,ORANGE COUNTY GLOBAL MEDICAL CENTER,1001 NORTH TUSTIN AVENUE,SANTA ANA,CA,ORANGE,529,ORANGE COUNTY GLOBAL MEDICAL CENTER,1001 NORTH TUSTIN AVENUE,SANTA ANA,CA,92705,ORANGE,7149533610,Acute Care Hospitals,Proprietary
270,270,50747,2,1,1,1,2,2,2,1,2,1,1,1,SOUTH COAST GLOBAL MEDICAL CENTER,2701 S BRISTOL ST,SANTA ANA,CA,ORANGE,530,SOUTH COAST GLOBAL MEDICAL CENTER,2701 S BRISTOL ST,SANTA ANA,CA,92704,ORANGE,7147545454,Acute Care Hospitals,Proprietary
271,271,50748,3,3,3,3,3,2,2,3,4,2,4,3,KAISER FOUNDATION HOSPITAL MANTECA,1777 WEST YOSEMITE AVE,MANTECA,CA,SAN JOAQUIN,531,KAISER FOUNDATION HOSPITAL MANTECA,1777 WEST YOSEMITE AVE,MANTECA,CA,95337,SAN JOAQUIN,2098253700,Acute Care Hospitals,Voluntary non-profit - Private
272,272,50751,Not Available,Not Available,Not Available,Not Available,Not Available,Not Available,Not Available,Not Available,Not Available,Not Available,Not Available,Not Available,MIRACLE MILE MEDICAL CENTER,6000 SAN VICENTE BLVD,LOS ANGELES,CA,LOS ANGELES,532,MIRACLE MILE MEDICAL CENTER,6000 SAN VICENTE BLVD,LOS ANGELES,CA,90036,LOS ANGELES,3239301040,Acute Care Hospitals,Proprietary
273,273,50754,Not Available,Not Available,Not Available,Not Available,Not Available,Not Available,Not Available,Not Available,Not Available,Not Available,Not Available,Not Available,MENLO PARK SURGICAL HOSPITAL,570 WILLOW ROAD,MENLO PARK,CA,SAN MATEO,533,MENLO PARK SURGICAL HOSPITAL,570 WILLOW ROAD,MENLO PARK,CA,94025,SAN MATEO,6503248500,Acute Care Hospitals,Voluntary non-profit - Private
274,274,50755,2,1,1,1,1,2,1,1,1,1,1,1,SHERMAN OAKS HOSPITAL,4929 VAN NUYS BLVD,SHERMAN OAKS,CA,LOS ANGELES,534,SHERMAN OAKS HOSPITAL,4929 VAN NUYS BLVD,SHERMAN OAKS,CA,91403,LOS ANGELES,8189817111,Acute Care Hospitals,Voluntary non-profit - Private
275,275,50757,1,2,2,2,3,2,2,2,2,2,2,2,ALVARADO HOSPITAL MEDICAL CENTER,6655 ALVARADO ROAD,SAN DIEGO,CA,SAN DIEGO,535,ALVARADO HOSPITAL MEDICAL CENTER,6655 ALVARADO ROAD,SAN DIEGO,CA,92120,SAN DIEGO,6192293172,Acute Care Hospitals,Proprietary
276,276,50758,3,2,2,3,2,2,2,1,2,1,2,2,MONTCLAIR HOSPITAL MEDICAL CENTER,5000 SAN BERNARDINO ST,MONTCLAIR,CA,SAN BERNARDINO,536,MONTCLAIR HOSPITAL MEDICAL CENTER,5000 SAN BERNARDINO ST,MONTCLAIR,CA,91763,SAN BERNARDINO,9096258300,Acute Care Hospitals,Voluntary non-profit - Private
277,277,50760,2,3,3,2,4,2,4,4,4,2,4,3,KAISER FOUNDATION HOSPITAL - ANTIOCH,4501 SAND CREEK ROAD,ANTIOCH,CA,CONTRA COSTA,537,KAISER FOUNDATION HOSPITAL - ANTIOCH,4501 SAND CREEK ROAD,ANTIOCH,CA,94531,CONTRA COSTA,9258136500,Acute Care Hospitals,Proprietary
278,278,50761,2,2,3,2,3,2,2,2,3,1,3,2,PROVIDENCE TARZANA MEDICAL CENTER,18321 CLARK STREET,TARZANA,CA,LOS ANGELES,538,PROVIDENCE TARZANA MEDICAL CENTER,18321 CLARK STREET,TARZANA,CA,91356,LOS ANGELES,8188810800,Acute Care Hospitals,Voluntary non-profit - Private
279,279,50763,Not Available,Not Available,Not Available,Not Available,Not Available,Not Available,Not Available,Not Available,Not Available,Not Available,Not Available,Not Available,SILVER LAKE MEDICAL CENTER,1711 WEST TEMPLE STREET,LOS ANGELES,CA,LOS ANGELES,539,SILVER LAKE MEDICAL CENTER,1711 WEST TEMPLE STREET,LOS ANGELES,CA,90026,LOS ANGELES,2139896123,Acute Care Hospitals,Proprietary
280,280,50764,1,2,2,2,2,2,2,3,3,1,3,2,SHASTA REGIONAL MEDICAL CENTER,1100 BUTTE ST,REDDING,CA,SHASTA,540,SHASTA REGIONAL MEDICAL CENTER,1100 BUTTE ST,REDDING,CA,96001,SHASTA,5302445454,Acute Care Hospitals,Proprietary
281,281,50765,2,3,4,2,4,3,2,4,4,1,4,3,KAISER FOUNDATION HOSPITAL-MORENO VALLEY,27300 IRIS AVENUE,MORENO VALLEY,CA,RIVERSIDE,541,KAISER FOUNDATION HOSPITAL-MORENO VALLEY,27300 IRIS AVENUE,MORENO VALLEY,CA,92555,RIVERSIDE,9512516000,Acute Care Hospitals,Voluntary non-profit - Other
282,282,50766,4,5,5,5,5,5,5,5,5,5,5,5,SUTTER SURGICAL HOSPITAL - NORTH VALLEY,455 PLUMAS BLVD,YUBA CITY,CA,SUTTER,542,SUTTER SURGICAL HOSPITAL - NORTH VALLEY,455 PLUMAS BLVD,YUBA CITY,CA,95991,SUTTER,5307495700,Acute Care Hospitals,Physician
283,283,50767,3,4,3,3,3,3,3,4,4,2,4,3,KAISER FOUNDATION HOSPITAL - VACAVILLE,1 QUALITY DRIVE,VACAVILLE,CA,SOLANO,543,KAISER FOUNDATION HOSPITAL - VACAVILLE,1 QUALITY DRIVE,VACAVILLE,CA,95688,SOLANO,7076244000,Acute Care Hospitals,Proprietary
284,284,50769,4,5,4,4,4,5,5,5,5,4,5,5,HOAG ORTHOPEDIC INSTITUTE,16250 SAND CANYON AVENUE,IRVINE,CA,ORANGE,544,HOAG ORTHOPEDIC INSTITUTE,16250 SAND CANYON AVENUE,IRVINE,CA,92618,ORANGE,9497275000,Acute Care Hospitals,Proprietary
285,285,50770,2,2,3,2,3,2,3,3,4,4,4,3,LOMA LINDA UNIVERSITY MEDICAL CENTER-MURRIETA,28062 BAXTER ROAD,MURRIETA,CA,RIVERSIDE,545,LOMA LINDA UNIVERSITY MEDICAL CENTER-MURRIETA,28062 BAXTER ROAD,MURRIETA,CA,92563,RIVERSIDE,9512904000,Acute Care Hospitals,Voluntary non-profit - Private
286,286,50771,1,1,1,1,1,2,1,1,1,1,1,1,COAST PLAZA HOSPITAL,13100 STUDERBAKER ROAD,NORWALK,CA,LOS ANGELES,546,COAST PLAZA HOSPITAL,13100 STUDERBAKER ROAD,NORWALK,CA,90650,LOS ANGELES,3103560550,Acute Care Hospitals,Proprietary
287,287,50772,3,3,3,3,4,3,3,4,4,1,4,3,KAISER FOUNDATION HOSPITAL - ROSEVILLE,1600 EUREKA ROAD,ROSEVILLE,CA,PLACER,547,KAISER FOUNDATION HOSPITAL - ROSEVILLE,1600 EUREKA ROAD,ROSEVILLE,CA,95661,PLACER,9167844000,Acute Care Hospitals,Voluntary non-profit - Private
288,288,50773,2,2,2,2,4,2,2,2,3,3,3,2,SAN LEANDRO HOSPITAL,13855 E 14TH STREET,SAN LEANDRO,CA,ALAMEDA,548,SAN LEANDRO HOSPITAL,13855 E 14TH STREET,SAN LEANDRO,CA,94578,ALAMEDA,5103576500,Acute Care Hospitals,Government - Hospital District or Authority
289,289,50775,3,4,3,3,4,3,3,3,4,3,4,3,TEMECULA VALLEY HOSPITAL,31700 TEMECULA PKWY,TEMECULA,CA,RIVERSIDE,549,TEMECULA VALLEY HOSPITAL,31700 TEMECULA PKWY,TEMECULA,CA,92592,RIVERSIDE,9513312200,Acute Care Hospitals,Proprietary
290,290,50776,3,2,2,1,3,2,1,2,2,1,1,2,COLLEGE MEDICAL CENTER,2776 PACIFIC AVENUE,LONG BEACH,CA,LOS ANGELES,550,COLLEGE MEDICAL CENTER,2776 PACIFIC AVENUE,LONG BEACH,CA,90806,LOS ANGELES,5625951911,Acute Care Hospitals,Proprietary
291,291,50777,3,3,3,3,4,2,3,3,4,3,4,3,KAISER FOUNDATION HOSPITAL - SAN LEANDRO,2500 MERCED STREET,SAN LEANDRO,CA,ALAMEDA,551,KAISER FOUNDATION HOSPITAL - SAN LEANDRO,2500 MERCED STREET,SAN LEANDRO,CA,94577,ALAMEDA,5104541000,Acute Care Hospitals,Voluntary non-profit - Private
292,292,50778,1,3,3,2,3,3,4,2,4,2,4,3,LOMA LINDA UNIVERSITY CHILDREN'S HOSPITAL,11234 ANDERSON STREET SUITE A,LOMA LINDA,CA,SAN BERNARDINO,552,LOMA LINDA UNIVERSITY CHILDREN'S HOSPITAL,11234 ANDERSON STREET SUITE A,LOMA LINDA,CA,92354,SAN BERNARDINO,9095588000,Acute Care Hospitals,Voluntary non-profit - Church
293,293,50779,3,4,3,2,3,3,4,3,4,4,4,3,"MARTIN LUTHER KING, JR. COMMUNITY HOSPITAL",1680 EAST 120TH STREET,LOS ANGELES,CA,LOS ANGELES,553,"MARTIN LUTHER KING, JR. COMMUNITY HOSPITAL",1680 EAST 120TH STREET,LOS ANGELES,CA,90059,LOS ANGELES,4248356808,Acute Care Hospitals,Voluntary non-profit - Private
294,294,50780,2,1,1,1,1,1,1,1,1,1,1,1,FOOTHILL REGIONAL MEDICAL CENTER,14662 NEWPORT AVE,TUSTIN,CA,ORANGE,554,FOOTHILL REGIONAL MEDICAL CENTER,14662 NEWPORT AVE,TUSTIN,CA,92780,ORANGE,7146197700,Acute Care Hospitals,Proprietary
295,295,50781,Not Available,Not Available,Not Available,Not Available,Not Available,Not Available,Not Available,Not Available,Not Available,Not Available,Not Available,Not Available,SONOMA WEST MEDICAL CENTER,501 PETALUMA AVENUE,SEBASTOPOL,CA,SONOMA,555,SONOMA WEST MEDICAL CENTER,501 PETALUMA AVENUE,SEBASTOPOL,CA,95472,SONOMA,7078238511,Acute Care Hospitals,Government - Local
296,296,50782,Not Available,Not Available,Not Available,Not Available,Not Available,Not Available,Not Available,Not Available,Not Available,Not Available,Not Available,Not Available,CASA COLINA HOSPITAL,255 E BONITA AVE,POMONA,CA,LOS ANGELES,556,CASA COLINA HOSPITAL,255 E BONITA AVE,POMONA,CA,91767,LOS ANGELES,9095967733,Acute Care Hospitals,Voluntary non-profit - Private
297,297,51300,Not Available,Not Available,Not Available,Not Available,Not Available,Not Available,Not Available,Not Available,Not Available,Not Available,Not Available,Not Available,EASTERN PLUMAS HOSPITAL - PORTOLA CAMPUS,500 FIRST AVENUE,PORTOLA,CA,PLUMAS,557,EASTERN PLUMAS HOSPITAL - PORTOLA CAMPUS,500 FIRST AVENUE,PORTOLA,CA,96122,PLUMAS,5308324277,Critical Access Hospitals,Government - Hospital District or Authority
298,298,51301,Not Available,Not Available,Not Available,Not Available,Not Available,Not Available,Not Available,Not Available,Not Available,Not Available,Not Available,Not Available,ADVENTIST HEALTH MEDICAL CENTER TEHACHAPI VALLEY,115 WEST E STREET,TEHACHAPI,CA,KERN,558,ADVENTIST HEALTH MEDICAL CENTER TEHACHAPI VALLEY,115 WEST E STREET,TEHACHAPI,CA,93561,KERN,6618223241,Critical Access Hospitals,Government - Hospital District or Authority
299,299,51302,Not Available,Not Available,Not Available,Not Available,Not Available,Not Available,Not Available,Not Available,Not Available,Not Available,Not Available,Not Available,SOUTHERN INYO HOSPITAL,501 EAST LOCUST STREET,LONE PINE,CA,INYO,559,SOUTHERN INYO HOSPITAL,501 EAST LOCUST STREET,LONE PINE,CA,93545,INYO,7608765501,Critical Access Hospitals,Government - Hospital District or Authority
300,300,51303,3,5,5,5,5,5,4,5,5,4,5,5,MAMMOTH HOSPITAL,85 SIERRA PARK ROAD PO BOX 660,MAMMOTH LAKES,CA,MONO,560,MAMMOTH HOSPITAL,85 SIERRA PARK ROAD PO BOX 660,MAMMOTH LAKES,CA,93546,MONO,7609343311,Critical Access Hospitals,Government - Hospital District or Authority
301,301,51304,Not Available,Not Available,Not Available,Not Available,Not Available,Not Available,Not Available,Not Available,Not Available,Not Available,Not Available,Not Available,JOHN C FREMONT HEALTHCARE DISTRICT,5189 HOSPITAL ROAD,MARIPOSA,CA,MARIPOSA,561,JOHN C FREMONT HEALTHCARE DISTRICT,5189 HOSPITAL ROAD,MARIPOSA,CA,95338,MARIPOSA,2099663631,Critical Access Hospitals,Government - Hospital District or Authority
302,302,51305,Not Available,Not Available,Not Available,Not Available,Not Available,Not Available,Not Available,Not Available,Not Available,Not Available,Not Available,Not Available,MAYERS MEMORIAL HOSPITAL,43563 HWY 299 EAST,FALL RIVER MILLS,CA,SHASTA,562,MAYERS MEMORIAL HOSPITAL,43563 HWY 299 EAST,FALL RIVER MILLS,CA,96028,SHASTA,5303365511,Critical Access Hospitals,Government - Hospital District or Authority
303,303,51306,Not Available,Not Available,Not Available,Not Available,Not Available,Not Available,Not Available,Not Available,Not Available,Not Available,Not Available,Not Available,GLENN MEDICAL CENTER,1133 W SYCAMORE ST,WILLOWS,CA,GLENN,563,GLENN MEDICAL CENTER,1133 W SYCAMORE ST,WILLOWS,CA,95988,GLENN,5309341818,Critical Access Hospitals,Government - Federal
304,304,51307,Not Available,Not Available,Not Available,Not Available,Not Available,Not Available,Not Available,Not Available,Not Available,Not Available,Not Available,Not Available,CATALINA ISLAND MEDICAL CENTER,100 FALLS CANYON ROAD,AVALON,CA,LOS ANGELES,564,CATALINA ISLAND MEDICAL CENTER,100 FALLS CANYON ROAD,AVALON,CA,90704,LOS ANGELES,3105100700,Critical Access Hospitals,Voluntary non-profit - Church
305,305,51308,Not Available,Not Available,Not Available,Not Available,Not Available,Not Available,Not Available,Not Available,Not Available,Not Available,Not Available,Not Available,SURPRISE VALLEY COMMUNITY HOSPITAL,741 NORTH MAIN STREET,CEDARVILLE,CA,MODOC,565,SURPRISE VALLEY COMMUNITY HOSPITAL,741 NORTH MAIN STREET,CEDARVILLE,CA,96104,MODOC,5302796111,Critical Access Hospitals,Government - Hospital District or Authority
306,306,51309,Not Available,Not Available,Not Available,Not Available,Not Available,Not Available,Not Available,Not Available,Not Available,Not Available,Not Available,Not Available,JEROLD PHELPS COMMUNITY HOSPITAL,733 CEDAR ST,GARBERVILLE,CA,HUMBOLDT,566,JEROLD PHELPS COMMUNITY HOSPITAL,733 CEDAR ST,GARBERVILLE,CA,95542,HUMBOLDT,7079233921,Critical Access Hospitals,Government - Hospital District or Authority
307,307,51310,4,4,5,4,5,4,5,4,5,4,5,4,FRANK R HOWARD MEMORIAL HOSPITAL,1 MARCELA DR,WILLITS,CA,MENDOCINO,567,FRANK R HOWARD MEMORIAL HOSPITAL,1 MARCELA DR,WILLITS,CA,95490,MENDOCINO,7074563031,Critical Access Hospitals,Voluntary non-profit - Church
308,308,51311,Not Available,Not Available,Not Available,Not Available,Not Available,Not Available,Not Available,Not Available,Not Available,Not Available,Not Available,Not Available,ORCHARD HOSPITAL,240 SPRUCE STREET,GRIDLEY,CA,BUTTE,568,ORCHARD HOSPITAL,240 SPRUCE STREET,GRIDLEY,CA,95948,BUTTE,5308465671,Critical Access Hospitals,Voluntary non-profit - Private
309,309,51312,Not Available,Not Available,Not Available,Not Available,Not Available,Not Available,Not Available,Not Available,Not Available,Not Available,Not Available,Not Available,MOUNTAINS COMMUNITY HOSPITAL,29101 HOSPITAL ROAD,LAKE ARROWHEAD,CA,SAN BERNARDINO,569,MOUNTAINS COMMUNITY HOSPITAL,29101 HOSPITAL ROAD,LAKE ARROWHEAD,CA,92352,SAN BERNARDINO,9093363651,Critical Access Hospitals,Government - Hospital District or Authority
310,310,51314,Not Available,Not Available,Not Available,Not Available,Not Available,Not Available,Not Available,Not Available,Not Available,Not Available,Not Available,Not Available,KERN VALLEY HEALTHCARE DISTRICT,6412 LAUREL AVE,LAKE ISABELLA,CA,KERN,570,KERN VALLEY HEALTHCARE DISTRICT,6412 LAUREL AVE,LAKE ISABELLA,CA,93240,KERN,7603792681,Critical Access Hospitals,Government - Hospital District or Authority
311,311,51315,Not Available,Not Available,Not Available,Not Available,Not Available,Not Available,Not Available,Not Available,Not Available,Not Available,Not Available,Not Available,TRINITY HOSPITAL,60 EASTER AVENUE,WEAVERVILLE,CA,TRINITY,571,TRINITY HOSPITAL,60 EASTER AVENUE,WEAVERVILLE,CA,96093,TRINITY,5306235541,Critical Access Hospitals,Government - Hospital District or Authority
312,312,51316,3,4,3,4,4,3,3,3,3,2,3,3,FAIRCHILD MEDICAL CENTER,444 BRUCE STREET,YREKA,CA,SISKIYOU,572,FAIRCHILD MEDICAL CENTER,444 BRUCE STREET,YREKA,CA,96097,SISKIYOU,5308424121,Critical Access Hospitals,Voluntary non-profit - Other
313,313,51317,2,3,3,4,3,2,4,3,2,3,3,3,ST HELENA HOSPITAL-CLEARLAKE,15630 18TH AVE - HWY 53,CLEARLAKE,CA,LAKE,573,ST HELENA HOSPITAL-CLEARLAKE,15630 18TH AVE - HWY 53,CLEARLAKE,CA,95422,LAKE,7079946486,Critical Access Hospitals,Voluntary non-profit - Church
314,314,51318,Not Available,Not Available,Not Available,Not Available,Not Available,Not Available,Not Available,Not Available,Not Available,Not Available,Not Available,Not Available,REDWOOD MEMORIAL HOSPITAL,3300 RENNER DRIVE,FORTUNA,CA,HUMBOLDT,574,REDWOOD MEMORIAL HOSPITAL,3300 RENNER DRIVE,FORTUNA,CA,95540,HUMBOLDT,7074458121,Critical Access Hospitals,Voluntary non-profit - Private
315,315,51319,4,4,3,4,4,4,4,4,3,2,4,4,MERCY MEDICAL CENTER MT SHASTA,914 PINE STREET,MOUNT SHASTA,CA,SISKIYOU,575,MERCY MEDICAL CENTER MT SHASTA,914 PINE STREET,MOUNT SHASTA,CA,96067,SISKIYOU,5309266111,Critical Access Hospitals,Voluntary non-profit - Other
316,316,51320,3,4,4,4,4,4,5,4,4,3,3,4,BANNER LASSEN MEDICAL CENTER,1800 SPRING RIDGE DRIVE,SUSANVILLE,CA,LASSEN,576,BANNER LASSEN MEDICAL CENTER,1800 SPRING RIDGE DRIVE,SUSANVILLE,CA,96130,LASSEN,5302522000,Critical Access Hospitals,Voluntary non-profit - Private
317,317,51321,3,2,1,4,3,2,3,2,2,1,3,2,HEALDSBURG DISTRICT HOSPITAL,1375 UNIVERSITY AVENUE,HEALDSBURG,CA,SONOMA,577,HEALDSBURG DISTRICT HOSPITAL,1375 UNIVERSITY AVENUE,HEALDSBURG,CA,95448,SONOMA,7074316500,Critical Access Hospitals,Government - Hospital District or Authority
318,318,51323,Not Available,Not Available,Not Available,Not Available,Not Available,Not Available,Not Available,Not Available,Not Available,Not Available,Not Available,Not Available,COLORADO RIVER MEDICAL CENTER,1401 BAILEY AVE,NEEDLES,CA,SAN BERNARDINO,578,COLORADO RIVER MEDICAL CENTER,1401 BAILEY AVE,NEEDLES,CA,92363,SAN BERNARDINO,7603264531,Critical Access Hospitals,Voluntary non-profit - Private
319,319,51324,4,4,4,5,4,4,4,4,4,3,4,4,NORTHERN INYO HOSPITAL,150 PIONEER LANE,BISHOP,CA,INYO,579,NORTHERN INYO HOSPITAL,150 PIONEER LANE,BISHOP,CA,93514,INYO,7608735811,Critical Access Hospitals,Government - Hospital District or Authority
320,320,51325,2,3,2,3,4,4,4,3,2,3,2,3,MENDOCINO COAST DISTRICT HOSPITAL,700 RIVER DR,FORT BRAGG,CA,MENDOCINO,580,MENDOCINO COAST DISTRICT HOSPITAL,700 RIVER DR,FORT BRAGG,CA,95437,MENDOCINO,7079611234,Critical Access Hospitals,Government - Hospital District or Authority
321,321,51326,Not Available,Not Available,Not Available,Not Available,Not Available,Not Available,Not Available,Not Available,Not Available,Not Available,Not Available,Not Available,PLUMAS DISTRICT HOSPITAL,1065 BUCKS LAKE ROAD,QUINCY,CA,PLUMAS,581,PLUMAS DISTRICT HOSPITAL,1065 BUCKS LAKE ROAD,QUINCY,CA,95971,PLUMAS,5302832121,Critical Access Hospitals,Government - Hospital District or Authority
322,322,51327,Not Available,Not Available,Not Available,Not Available,Not Available,Not Available,Not Available,Not Available,Not Available,Not Available,Not Available,Not Available,SENECA DISTRICT HOSPITAL,130 BRENTWOOD DRIVE,CHESTER,CA,PLUMAS,582,SENECA DISTRICT HOSPITAL,130 BRENTWOOD DRIVE,CHESTER,CA,96020,PLUMAS,5302582121,Critical Access Hospitals,Government - Hospital District or Authority
323,323,51328,5,5,4,4,4,4,4,4,5,3,5,4,TAHOE FOREST HOSPITAL,10121 PINE AVE,TRUCKEE,CA,NEVADA,583,TAHOE FOREST HOSPITAL,10121 PINE AVE,TRUCKEE,CA,96161,NEVADA,5305876011,Critical Access Hospitals,Government - Hospital District or Authority
324,324,51329,3,4,3,4,3,3,5,3,3,3,3,3,SUTTER LAKESIDE HOSPITAL,5176 HILL ROAD EAST,LAKEPORT,CA,LAKE,584,SUTTER LAKESIDE HOSPITAL,5176 HILL ROAD EAST,LAKEPORT,CA,95453,LAKE,7072625000,Critical Access Hospitals,Voluntary non-profit - Private
325,325,51330,Not Available,Not Available,Not Available,Not Available,Not Available,Not Available,Not Available,Not Available,Not Available,Not Available,Not Available,Not Available,MODOC MEDICAL CENTER,228 W MCDOWELL AVE,ALTURAS,CA,MODOC,585,MODOC MEDICAL CENTER,228 W MCDOWELL AVE,ALTURAS,CA,96101,MODOC,5302335131,Critical Access Hospitals,Government - Hospital District or Authority
326,326,51331,Not Available,Not Available,Not Available,Not Available,Not Available,Not Available,Not Available,Not Available,Not Available,Not Available,Not Available,Not Available,SANTA YNEZ VALLEY COTTAGE HOSPITAL,2050 VIBORG RD,SOLVANG,CA,SANTA BARBARA,586,SANTA YNEZ VALLEY COTTAGE HOSPITAL,2050 VIBORG RD,SOLVANG,CA,93463,SANTA BARBARA,8056886431,Critical Access Hospitals,Voluntary non-profit - Private
327,327,51332,4,4,3,4,4,3,4,4,3,3,3,4,MARK TWAIN MEDICAL CENTER,768 MOUNTAIN RANCH RD,SAN ANDREAS,CA,CALAVERAS,587,MARK TWAIN MEDICAL CENTER,768 MOUNTAIN RANCH RD,SAN ANDREAS,CA,95249,CALAVERAS,2097542515,Critical Access Hospitals,Voluntary non-profit - Other
328,328,51333,Not Available,Not Available,Not Available,Not Available,Not Available,Not Available,Not Available,Not Available,Not Available,Not Available,Not Available,Not Available,RIDGECREST REGIONAL HOSPITAL,1081 NORTH CHINA LAKE BLVD,RIDGECREST,CA,KERN,588,RIDGECREST REGIONAL HOSPITAL,1081 NORTH CHINA LAKE BLVD,RIDGECREST,CA,93555,KERN,7604463551,Critical Access Hospitals,Voluntary non-profit - Private
329,329,51334,4,5,4,4,4,5,4,4,4,3,4,4,OJAI VALLEY COMMUNITY HOSPITAL,1306 MARICOPA HWY,OJAI,CA,VENTURA,589,OJAI VALLEY COMMUNITY HOSPITAL,1306 MARICOPA HWY,OJAI,CA,93023,VENTURA,8056402280,Critical Access Hospitals,Voluntary non-profit - Private
330,330,51335,Not Available,Not Available,Not Available,Not Available,Not Available,Not Available,Not Available,Not Available,Not Available,Not Available,Not Available,Not Available,BEAR VALLEY COMMUNITY HOSPITAL,41870 GARSTIN DR,BIG BEAR LAKE,CA,SAN BERNARDINO,590,BEAR VALLEY COMMUNITY HOSPITAL,41870 GARSTIN DR,BIG BEAR LAKE,CA,92315,SAN BERNARDINO,9098666501,Critical Access Hospitals,Government - Hospital District or Authority
331,331,53300,Not Available,Not Available,Not Available,Not Available,Not Available,Not Available,Not Available,Not Available,Not Available,Not Available,Not Available,Not Available,VALLEY CHILDREN'S HOSPITAL,9300 VALLEY CHILDRENS PLACE,MADERA,CA,FRESNO,591,VALLEY CHILDREN'S HOSPITAL,9300 VALLEY CHILDRENS PLACE,MADERA,CA,93636,FRESNO,5593535116,Childrens,Voluntary non-profit - Private
332,332,53301,Not Available,Not Available,Not Available,Not Available,Not Available,Not Available,Not Available,Not Available,Not Available,Not Available,Not Available,Not Available,CHILDREN'S HOSPITAL & RESEARCH CENTER OAKLAND,747 52ND STREET,OAKLAND,CA,ALAMEDA,592,CHILDREN'S HOSPITAL & RESEARCH CENTER OAKLAND,747 52ND STREET,OAKLAND,CA,94609,ALAMEDA,5104283000,Childrens,Voluntary non-profit - Private
333,333,53302,Not Available,Not Available,Not Available,Not Available,Not Available,Not Available,Not Available,Not Available,Not Available,Not Available,Not Available,Not Available,CHILDREN'S HOSP OF LOS ANGELES,4650 SUNSET BLVD,LOS ANGELES,CA,LOS ANGELES,593,CHILDREN'S HOSP OF LOS ANGELES,4650 SUNSET BLVD,LOS ANGELES,CA,90027,LOS ANGELES,3236692164,Childrens,Voluntary non-profit - Private
334,334,53303,Not Available,Not Available,Not Available,Not Available,Not Available,Not Available,Not Available,Not Available,Not Available,Not Available,Not Available,Not Available,RADY CHILDREN'S HOSPITAL - SAN DIEGO,3020 CHILDRENS WAY,SAN DIEGO,CA,SAN DIEGO,594,RADY CHILDREN'S HOSPITAL - SAN DIEGO,3020 CHILDRENS WAY,SAN DIEGO,CA,92123,SAN DIEGO,8585761700,Childrens,Voluntary non-profit - Other
335,335,53304,Not Available,Not Available,Not Available,Not Available,Not Available,Not Available,Not Available,Not Available,Not Available,Not Available,Not Available,Not Available,CHILDREN'S HOSPITAL OF ORANGE COUNTY,1201 W LA VETA AVE,ORANGE,CA,ORANGE,595,CHILDREN'S HOSPITAL OF ORANGE COUNTY,1201 W LA VETA AVE,ORANGE,CA,92868,ORANGE,7149973000,Childrens,Voluntary non-profit - Other
336,336,53305,Not Available,Not Available,Not Available,Not Available,Not Available,Not Available,Not Available,Not Available,Not Available,Not Available,Not Available,Not Available,LUCILE SALTER PACKARD CHILDREN'S HSP AT STANFORD,725 WELCH ROAD,PALO ALTO,CA,SANTA CLARA,596,LUCILE SALTER PACKARD CHILDREN'S HSP AT STANFORD,725 WELCH ROAD,PALO ALTO,CA,94304,SANTA CLARA,6504978000,Childrens,Voluntary non-profit - Private
337,337,53306,Not Available,Not Available,Not Available,Not Available,Not Available,Not Available,Not Available,Not Available,Not Available,Not Available,Not Available,Not Available,CHILDREN'S HOSPITAL AT MISSION,"27700 MEDICAL CENTER RD, 5TH FLOOR",MISSION VIEJO,CA,ORANGE,597,CHILDREN'S HOSPITAL AT MISSION,"27700 MEDICAL CENTER RD, 5TH FLOOR",MISSION VIEJO,CA,92691,ORANGE,9493652408,Childrens,Voluntary non-profit - Private
338,338,53308,Not Available,Not Available,Not Available,Not Available,Not Available,Not Available,Not Available,Not Available,Not Available,Not Available,Not Available,Not Available,HEALTHBRIDGE CHILDREN'S HOSPITAL - ORANGE,393 S TUSTIN STREET,ORANGE,CA,ORANGE,598,HEALTHBRIDGE CHILDREN'S HOSPITAL - ORANGE,393 S TUSTIN STREET,ORANGE,CA,92866,ORANGE,7142892400,Childrens,Proprietary
339,339,53309,Not Available,Not Available,Not Available,Not Available,Not Available,Not Available,Not Available,Not Available,Not Available,Not Available,Not Available,Not Available,MILLER CHILDREN'S HOSPITAL,2801 ATLANTIC AVENUE,LONG BEACH,CA,LOS ANGELES,599,MILLER CHILDREN'S HOSPITAL,2801 ATLANTIC AVENUE,LONG BEACH,CA,90806,LOS ANGELES,5629338001,Childrens,Voluntary non-profit - Other
340,340,53310,Not Available,Not Available,Not Available,Not Available,Not Available,Not Available,Not Available,Not Available,Not Available,Not Available,Not Available,Not Available,SHRINERS HOSPITALS FOR CHILDREN,3160 GENEVA STREET,LOS ANGELES,CA,LOS ANGELES,600,SHRINERS HOSPITALS FOR CHILDREN,3160 GENEVA STREET,LOS ANGELES,CA,90020,LOS ANGELES,2133883151,Childrens,Voluntary non-profit - Private
341,341,53311,Not Available,Not Available,Not Available,Not Available,Not Available,Not Available,Not Available,Not Available,Not Available,Not Available,Not Available,Not Available,SHRINERS HOSPITALS FOR CHILDREN NORTHERN CALIF,2425 STOCKTON BOULEVARD,SACRAMENTO,CA,SACRAMENTO,601,SHRINERS HOSPITALS FOR CHILDREN NORTHERN CALIF,2425 STOCKTON BOULEVARD,SACRAMENTO,CA,95817,SACRAMENTO,9164532000,Childrens,Voluntary non-profit - Private
