,Provider ID,Hospital Name,Address,City,State,ZIP Code,County Name,Phone Number,Hospital Type,Hospital Ownership
260,50002,ST ROSE HOSPITAL,27200 CALAROGA AVE,HAYWARD,CA,94545,ALAMEDA,5107826200,Acute Care Hospitals,Voluntary non-profit - Church
261,50006,ST JOSEPH HOSPITAL,2700 DOLBEER ST,EUREKA,CA,95501,HUMBOLDT,7074458121,Acute Care Hospitals,Voluntary non-profit - Private
262,50007,MILLS-PENINSULA MEDICAL CENTER,1501 TROUSDALE DRIVE,BURLINGAME,CA,94010,SAN MATEO,6506965270,Acute Care Hospitals,Voluntary non-profit - Private
263,50008,CALIFORNIA PACIFIC MEDICAL CTR-DAVIES CAMPUS HOSP,601 DUBOCE AVE,SAN FRANCISCO,CA,94117,SAN FRANCISCO,4156006000,Acute Care Hospitals,Voluntary non-profit - Other
264,50009,QUEEN OF THE VALLEY MEDICAL CENTER,1000 TRANCAS ST,NAPA,CA,94558,NAPA,7072524411,Acute Care Hospitals,Voluntary non-profit - Church
265,50013,ST HELENA HOSPITAL,10 WOODLAND ROAD,SAINT HELENA,CA,94574,NAPA,7079633611,Acute Care Hospitals,Voluntary non-profit - Private
266,50014,SUTTER AMADOR HOSPITAL,200 MISSION BLVD,JACKSON,CA,95642,AMADOR,2092237500,Acute Care Hospitals,Voluntary non-profit - Private
267,50017,MERCY GENERAL HOSPITAL,4001 J ST,SACRAMENTO,CA,95819,SACRAMENTO,9164534453,Acute Care Hospitals,Voluntary non-profit - Church
268,50018,PACIFIC ALLIANCE MEDICAL CENTER,531 W COLLEGE ST,LOS ANGELES,CA,90012,LOS ANGELES,2136248411,Acute Care Hospitals,Proprietary
269,50022,RIVERSIDE COMMUNITY HOSPITAL,4445 MAGNOLIA AVENUE,RIVERSIDE,CA,92501,RIVERSIDE,9517883000,Acute Care Hospitals,Proprietary
270,50024,PARADISE VALLEY HOSPITAL,2400 EAST 4TH ST,NATIONAL CITY,CA,91950,SAN DIEGO,6194704321,Acute Care Hospitals,Proprietary
271,50025,UC SAN DIEGO HEALTH HILLCREST - HILLCREST MED CTR,200 WEST ARBOR DRIVE,SAN DIEGO,CA,92103,SAN DIEGO,6195436222,Acute Care Hospitals,Voluntary non-profit - Other
272,50026,GROSSMONT HOSPITAL,5555 GROSSMONT CENTER DRIVE BOX 58,LA MESA,CA,91942,SAN DIEGO,6194650711,Acute Care Hospitals,Government - Hospital District or Authority
273,50028,MAD RIVER COMMUNITY HOSPITAL,3800 JANES RD,ARCATA,CA,95521,HUMBOLDT,7078223621,Acute Care Hospitals,Proprietary
274,50030,OROVILLE HOSPITAL,2767 OLIVE HIGHWAY,OROVILLE,CA,95966,BUTTE,5305338500,Acute Care Hospitals,Voluntary non-profit - Private
275,50036,BAKERSFIELD MEMORIAL HOSPITAL,420 34TH ST,BAKERSFIELD,CA,93301,KERN,6613271792,Acute Care Hospitals,Voluntary non-profit - Private
276,50038,SANTA CLARA VALLEY MEDICAL CENTER,751 SOUTH BASCOM AVENUE,SAN JOSE,CA,95128,SANTA CLARA,4088855000,Acute Care Hospitals,Government - Local
277,50039,ENLOE MEDICAL CENTER,1531 ESPLANADE,CHICO,CA,95926,BUTTE,5303327300,Acute Care Hospitals,Voluntary non-profit - Private
278,50040,LAC/OLIVE VIEW-UCLA MEDICAL CENTER,14445 OLIVE VIEW DRIVE,SYLMAR,CA,91342,LOS ANGELES,8183641555,Acute Care Hospitals,Voluntary non-profit - Other
279,50042,ST ELIZABETH COMMUNITY HOSPITAL,2550 SISTER MARY COLUMBA DRIVE,RED BLUFF,CA,96080,TEHAMA,5305298012,Acute Care Hospitals,Voluntary non-profit - Church
280,50043,ALTA BATES SUMMIT MEDICAL CENTER,350 HAWTHORNE AVENUE,OAKLAND,CA,94609,ALAMEDA,5106554000,Acute Care Hospitals,Voluntary non-profit - Private
281,50045,EL CENTRO REGIONAL MEDICAL CENTER,1415 ROSS AVENUE,EL CENTRO,CA,92243,IMPERIAL,7603397100,Acute Care Hospitals,Government - Local
282,50047,CALIFORNIA PACIFIC MEDICAL CTR-PACIFIC CAMPUS HOSP,2333 BUCHANAN STREET,SAN FRANCISCO,CA,94115,SAN FRANCISCO,4156006000,Acute Care Hospitals,Voluntary non-profit - Private
283,50054,SAN GORGONIO MEMORIAL HOSPITAL,600 NORTH HIGHLAND SPRINGS AVENUE,BANNING,CA,92220,RIVERSIDE,9518451121,Acute Care Hospitals,Government - Hospital District or Authority
284,50055,CALIFORNIA PACIFIC MEDICAL CTR - ST. LUKE'S CAMPUS,3555 CESAR CHAVEZ STREET,SAN FRANCISCO,CA,94110,SAN FRANCISCO,4156416562,Acute Care Hospitals,Voluntary non-profit - Church
285,50056,ANTELOPE VALLEY HOSPITAL,1600 W AVE J,LANCASTER,CA,93534,LOS ANGELES,6619495000,Acute Care Hospitals,Government - Hospital District or Authority
286,50057,KAWEAH DELTA MEDICAL CENTER,400 W MINERAL KING AVE,VISALIA,CA,93291,TULARE,5596242000,Acute Care Hospitals,Government - Hospital District or Authority
287,50058,GLENDALE MEM HOSPITAL & HLTH CENTER,1420 S CENTRAL AVE,GLENDALE,CA,91204,LOS ANGELES,8185021900,Acute Care Hospitals,Voluntary non-profit - Private
288,50060,COMMUNITY REGIONAL MEDICAL CENTER,2823 FRESNO STREET,FRESNO,CA,93721,FRESNO,5594596000,Acute Care Hospitals,Voluntary non-profit - Private
289,50063,HOLLYWOOD PRESBYTERIAN MEDICAL CENTER,1300 N VERMONT AVE,LOS ANGELES,CA,90027,LOS ANGELES,2134133000,Acute Care Hospitals,Proprietary
290,50067,OAK VALLEY HOSPITAL DISTRICT,350 S OAK AVE,OAKDALE,CA,95361,STANISLAUS,2098473011,Acute Care Hospitals,Government - Hospital District or Authority
291,50069,ST JOSEPH HOSPITAL,1100 WEST STEWART DR,ORANGE,CA,92868,ORANGE,7146339111,Acute Care Hospitals,Voluntary non-profit - Church
292,50070,KAISER FOUNDATION HOSPITAL - SOUTH SAN FRANCISCO,1200 EL CAMINO REAL,SOUTH SAN FRANCISCO,CA,94080,SAN MATEO,6507423200,Acute Care Hospitals,Voluntary non-profit - Private
293,50071,KAISER FOUNDATION HOSPITAL-SANTA CLARA,700 LAWRENCE EXPRESSWAY,SANTA CLARA,CA,95051,SANTA CLARA,4082366400,Acute Care Hospitals,Voluntary non-profit - Other
294,50072,KAISER FOUNDATION HOSPITAL - WALNUT CREEK,1425 S MAIN STREET,WALNUT CREEK,CA,94596,CONTRA COSTA,9252954000,Acute Care Hospitals,Voluntary non-profit - Other
295,50073,KAISER FOUNDATION HOSPITAL AND REHAB CENTER,975 SERENO DR,VALLEJO,CA,94589,SOLANO,7076511000,Acute Care Hospitals,Voluntary non-profit - Other
296,50075,KAISER FOUNDATION HOSPITAL - OAKLAND/RICHMOND,275 W MACARTHUR BOULEVARD,OAKLAND,CA,94611,ALAMEDA,5107521000,Acute Care Hospitals,Voluntary non-profit - Other
297,50076,KAISER FOUNDATION HOSPITAL - SAN FRANCISCO,2425 GEARY BLVD,SAN FRANCISCO,CA,94115,SAN FRANCISCO,4158332646,Acute Care Hospitals,Voluntary non-profit - Other
298,50077,SCRIPPS MERCY HOSPITAL,4077 5TH AVE,SAN DIEGO,CA,92103,SAN DIEGO,6192948111,Acute Care Hospitals,Voluntary non-profit - Private
299,50078,PROVIDENCE LITTLE CO OF MARY MED CTR SAN PEDRO,1300 W 7TH ST,SAN PEDRO,CA,90732,LOS ANGELES,3108323311,Acute Care Hospitals,Voluntary non-profit - Private
300,50082,ST JOHNS REGIONAL MEDICAL CENTER,1600 N ROSE AVE,OXNARD,CA,93030,VENTURA,8059882500,Acute Care Hospitals,Voluntary non-profit - Private
301,50084,ST JOSEPH'S MEDICAL CENTER OF STOCKTON,1800 N CALIFORNIA ST,STOCKTON,CA,95204,SAN JOAQUIN,2099432000,Acute Care Hospitals,Voluntary non-profit - Church
302,50089,COMMUNITY HOSPITAL OF SAN BERNARDINO,1805 MEDICAL CENTER DRIVE,SAN BERNARDINO,CA,92411,SAN BERNARDINO,9098876333,Acute Care Hospitals,Voluntary non-profit - Private
303,50090,SONOMA VALLEY HOSPITAL,347 ANDRIEUX ST,SONOMA,CA,95476,SONOMA,7079355000,Acute Care Hospitals,Government - Hospital District or Authority
304,50091,COMMUNITY HOSPITAL OF HUNTINGTON PARK,2623 E SLAUSON AVE,HUNTINGTON PARK,CA,90255,LOS ANGELES,3235831931,Acute Care Hospitals,Proprietary
305,50093,SAINT AGNES MEDICAL CENTER,1303 E HERNDON AVE,FRESNO,CA,93710,FRESNO,5594503000,Acute Care Hospitals,Voluntary non-profit - Church
306,50096,"WEST COVINA MEDICAL CENTER, INC",725 S ORANGE AVE,WEST COVINA,CA,91790,LOS ANGELES,6263388481,Acute Care Hospitals,Proprietary
307,50099,SAN ANTONIO REGIONAL HOSPITAL,999 SAN BERNARDINO ROAD,UPLAND,CA,91786,SAN BERNARDINO,7149852811,Acute Care Hospitals,Voluntary non-profit - Other
308,50100,SHARP MEMORIAL HOSPITAL,7901 FROST ST,SAN DIEGO,CA,92123,SAN DIEGO,8589393400,Acute Care Hospitals,Voluntary non-profit - Other
309,50101,SUTTER SOLANO MEDICAL CENTER,300 HOSPITAL DR,VALLEJO,CA,94589,SOLANO,7075545280,Acute Care Hospitals,Voluntary non-profit - Private
310,50102,PARKVIEW COMMUNITY HOSPITAL MEDICAL CENTER,3865 JACKSON STREET,RIVERSIDE,CA,92503,RIVERSIDE,9516882211,Acute Care Hospitals,Voluntary non-profit - Private
311,50103,WHITE MEMORIAL MEDICAL CENTER,1720 E CESAR AVENUE,LOS ANGELES,CA,90033,LOS ANGELES,3232685000,Acute Care Hospitals,Voluntary non-profit - Church
312,50104,SAINT FRANCIS MEDICAL CENTER,3630 EAST IMPERIAL HIGHWAY,LYNWOOD,CA,90262,LOS ANGELES,3109008900,Acute Care Hospitals,Voluntary non-profit - Church
313,50107,MARIAN REGIONAL MEDICAL CENTER,1400 E CHURCH ST,SANTA MARIA,CA,93454,SANTA BARBARA,8057393100,Acute Care Hospitals,Voluntary non-profit - Church
314,50108,"SUTTER MEDICAL CENTER, SACRAMENTO",2825 CAPITOL AVENUE,SACRAMENTO,CA,95816,SACRAMENTO,9167338999,Acute Care Hospitals,Voluntary non-profit - Private
315,50110,LOMPOC VALLEY MEDICAL CENTER,1515 E OCEAN AVENUE,LOMPOC,CA,93436,SANTA BARBARA,8057373300,Acute Care Hospitals,Government - Hospital District or Authority
316,50112,SANTA MONICA - UCLA MED CTR & ORTHOPAEDIC HOSPITAL,1250 16TH STREET,SANTA MONICA,CA,90404,LOS ANGELES,3103194000,Acute Care Hospitals,Government - State
317,50113,SAN MATEO MEDICAL CENTER,222 W 39TH AVE,SAN MATEO,CA,94403,SAN MATEO,6505732222,Acute Care Hospitals,Government - Local
318,50115,PALOMAR HEALTH DOWNTOWN CAMPUS,555 E VALLEY PARKWAY,ESCONDIDO,CA,92025,SAN DIEGO,7607393000,Acute Care Hospitals,Government - Hospital District or Authority
319,50116,NORTHRIDGE HOSPITAL MEDICAL CENTER,18300 ROSCOE BLVD,NORTHRIDGE,CA,91325,LOS ANGELES,8188858500,Acute Care Hospitals,Voluntary non-profit - Private
320,50118,DOCTORS HOSPITAL OF MANTECA,1205 E NORTH STREET,MANTECA,CA,95336,SAN JOAQUIN,2098233111,Acute Care Hospitals,Voluntary non-profit - Other
321,50121,ADVENTIST MEDICAL CENTER,115 MALL DRIVE,HANFORD,CA,93230,KINGS,2094107200,Acute Care Hospitals,Voluntary non-profit - Church
322,50122,DAMERON HOSPITAL,525 WEST ACACIA STREET,STOCKTON,CA,95203,SAN JOAQUIN,2099445550,Acute Care Hospitals,Voluntary non-profit - Other
323,50124,USC VERDUGO HILLS HOSPITAL,1812 VERDUGO BLVD,GLENDALE,CA,91209,LOS ANGELES,8187907100,Acute Care Hospitals,Voluntary non-profit - Private
324,50125,REGIONAL MEDICAL CENTER OF SAN JOSE,225 N JACKSON AVENUE,SAN JOSE,CA,95116,SANTA CLARA,4082595000,Acute Care Hospitals,Government - Federal
325,50126,VALLEY PRESBYTERIAN HOSPITAL,15107 VANOWEN ST,VAN NUYS,CA,91406,LOS ANGELES,8187826600,Acute Care Hospitals,Voluntary non-profit - Other
326,50127,WOODLAND MEMORIAL HOSPITAL,1325 COTTONWOOD STREET,WOODLAND,CA,95695,YOLO,5306623961,Acute Care Hospitals,Voluntary non-profit - Other
327,50128,TRI-CITY MEDICAL CENTER,4002 VISTA WAY,OCEANSIDE,CA,92056,SAN DIEGO,7607248411,Acute Care Hospitals,Government - Hospital District or Authority
328,50129,ST BERNARDINE MEDICAL CENTER,2101 N WATERMAN AVE,SAN BERNARDINO,CA,92404,SAN BERNARDINO,9098838711,Acute Care Hospitals,Voluntary non-profit - Private
329,50131,NOVATO COMMUNITY HOSPITAL,180 ROWLAND WAY,NOVATO,CA,94945,MARIN,4152091300,Acute Care Hospitals,Voluntary non-profit - Other
330,50132,SAN GABRIEL VALLEY MEDICAL CENTER,438 W LAS TUNAS DRIVE,SAN GABRIEL,CA,91776,LOS ANGELES,6262895454,Acute Care Hospitals,Physician
331,50133,RIDEOUT MEMORIAL HOSPITAL,726 4TH ST,MARYSVILLE,CA,95901,YUBA,5307494300,Acute Care Hospitals,Voluntary non-profit - Private
332,50135,SOUTHERN CALIFORNIA HOSPITAL AT HOLLYWOOD,6245 DE LONGPRE AVE,HOLLYWOOD,CA,90028,LOS ANGELES,3234622271,Acute Care Hospitals,Proprietary
333,50136,PETALUMA VALLEY HOSPITAL,400 N MCDOWELL BLVD,PETALUMA,CA,94954,SONOMA,7077781111,Acute Care Hospitals,Voluntary non-profit - Other
334,50137,KAISER FOUNDATION HOSPITAL - PANORAMA CITY,13652 CANTARA ST,PANORAMA CITY,CA,91402,LOS ANGELES,8183753333,Acute Care Hospitals,Voluntary non-profit - Private
335,50138,KAISER FOUNDATION HOSPITAL - LOS ANGELES,4867 SUNSET BLVD,LOS ANGELES,CA,90027,LOS ANGELES,3237834011,Acute Care Hospitals,Voluntary non-profit - Other
336,50139,KAISER FOUNDATION HOSPITAL - DOWNEY,9333 IMPERIAL HIGHWAY,DOWNEY,CA,90242,LOS ANGELES,5624616007,Acute Care Hospitals,Voluntary non-profit - Other
337,50140,KAISER FOUNDATION HOSPITAL FONTANA,9961 SIERRA AVE,FONTANA,CA,92335,SAN BERNARDINO,9094275500,Acute Care Hospitals,Voluntary non-profit - Private
338,50145,COMMUNITY HOSPITAL OF THE MONTEREY PENINSULA,23625 W R HOLMAN HIGHWAY,MONTEREY,CA,93940,MONTEREY,8316245311,Acute Care Hospitals,Voluntary non-profit - Private
339,50149,CALIFORNIA HOSPITAL MEDICAL CENTER LA,1401 SOUTH GRAND AVENUE,LOS ANGELES,CA,90015,LOS ANGELES,2137482411,Acute Care Hospitals,Voluntary non-profit - Other
340,50150,SIERRA NEVADA MEMORIAL HOSPITAL,155 GLASSON WAY,GRASS VALLEY,CA,95945,NEVADA,5302746000,Acute Care Hospitals,Voluntary non-profit - Other
341,50152,SAINT FRANCIS MEMORIAL HOSPITAL,900 HYDE ST,SAN FRANCISCO,CA,94109,SAN FRANCISCO,4153536000,Acute Care Hospitals,Voluntary non-profit - Private
342,50153,O'CONNOR HOSPITAL,2105 FOREST AVENUE,SAN JOSE,CA,95128,SANTA CLARA,4089472500,Acute Care Hospitals,Voluntary non-profit - Church
343,50158,ENCINO HOSPITAL MEDICAL CENTER,16237 VENTURA BLVD,ENCINO,CA,91436,LOS ANGELES,8189955000,Acute Care Hospitals,Proprietary
344,50159,VENTURA COUNTY MEDICAL CENTER,300 HILLMONT AVENUE,VENTURA,CA,93003,VENTURA,8056526075,Acute Care Hospitals,Government - Local
345,50167,SAN JOAQUIN GENERAL HOSPITAL,500 W HOSPITAL ROAD,FRENCH CAMP,CA,95231,SAN JOAQUIN,2094686000,Acute Care Hospitals,Government - Local
346,50168,ST JUDE MEDICAL CENTER,101 E VALENCIA MESA DRIVE,FULLERTON,CA,92835,ORANGE,7149923000,Acute Care Hospitals,Voluntary non-profit - Church
347,50169,PRESBYTERIAN INTERCOMMUNITY HOSPITAL,12401 WASHINGTON BLVD,WHITTIER,CA,90602,LOS ANGELES,5266980811,Acute Care Hospitals,Voluntary non-profit - Private
348,50174,SANTA ROSA MEMORIAL HOSPITAL,1165 MONTGOMERY DR,SANTA ROSA,CA,95405,SONOMA,7075255300,Acute Care Hospitals,Voluntary non-profit - Private
349,50179,EMANUEL MEDICAL CENTER,825 DELBON AVE,TURLOCK,CA,95382,STANISLAUS,2096674200,Acute Care Hospitals,Voluntary non-profit - Church
350,50180,JOHN MUIR MEDICAL CENTER - WALNUT CREEK CAMPUS,1601 YGNACIO VALLEY RD,WALNUT CREEK,CA,94598,CONTRA COSTA,9259393000,Acute Care Hospitals,Voluntary non-profit - Other
351,50189,GEORGE L MEE MEMORIAL HOSPITAL,300 CANAL STREET,KING CITY,CA,93930,MONTEREY,8313856000,Acute Care Hospitals,Voluntary non-profit - Other
352,50191,ST MARY MEDICAL CENTER,1050 LINDEN AVE,LONG BEACH,CA,90813,LOS ANGELES,5624919000,Acute Care Hospitals,Voluntary non-profit - Church
353,50192,ADVENTIST MEDICAL CENTER - REEDLEY,372 W CYPRESS AVE,REEDLEY,CA,93654,FRESNO,5596388155,Acute Care Hospitals,Voluntary non-profit - Private
354,50194,WATSONVILLE COMMUNITY HOSPITAL,75 NIELSON STREET,WATSONVILLE,CA,95076,SANTA CRUZ,8317244741,Acute Care Hospitals,Proprietary
355,50195,WASHINGTON HOSPITAL,2000 MOWRY AVE,FREMONT,CA,94538,ALAMEDA,5107971111,Acute Care Hospitals,Government - Hospital District or Authority
356,50197,SEQUOIA HOSPITAL,170 ALAMEDA DE LAS PULGAS,REDWOOD CITY,CA,94062,SAN MATEO,6503675551,Acute Care Hospitals,Voluntary non-profit - Private
357,50204,PALMDALE REGIONAL MEDICAL CENTER,38600 MEDICAL CENTER DRIVE,PALMDALE,CA,93552,LOS ANGELES,6613825000,Acute Care Hospitals,Proprietary
358,50205,EAST VALLEY GLENDORA HOSPITAL,150 WEST ROUTE 66,GLENDORA,CA,91740,LOS ANGELES,6263350231,Acute Care Hospitals,Proprietary
359,50211,ALAMEDA HOSPITAL,2070 CLINTON AVENUE,ALAMEDA,CA,94501,ALAMEDA,5105223700,Acute Care Hospitals,Government - Hospital District or Authority
360,50222,SHARP CHULA VISTA MEDICAL CENTER,751 MEDICAL CENTER COURT,CHULA VISTA,CA,91911,SAN DIEGO,6195025800,Acute Care Hospitals,Proprietary
361,50224,HOAG MEMORIAL HOSPITAL PRESBYTERIAN,ONE HOAG DRIVE,NEWPORT BEACH,CA,92663,ORANGE,9497644624,Acute Care Hospitals,Voluntary non-profit - Private
362,50225,FEATHER RIVER HOSPITAL,5974 PENTZ ROAD,PARADISE,CA,95969,BUTTE,5308779361,Acute Care Hospitals,Voluntary non-profit - Church
363,50226,AHMC ANAHEIM REGIONAL MEDICAL CENTER,1111 W LA PALMA AVENUE,ANAHEIM,CA,92801,ORANGE,7147741450,Acute Care Hospitals,Voluntary non-profit - Private
364,50228,SAN FRANCISCO GENERAL HOSPITAL,1001 POTRERO AVENUE,SAN FRANCISCO,CA,94110,SAN FRANCISCO,4152068000,Acute Care Hospitals,Government - Local
365,50230,GARDEN GROVE HOSPITAL & MEDICAL CENTER,12601 GARDEN GROVE BLVD,GARDEN GROVE,CA,92843,ORANGE,7145375160,Acute Care Hospitals,Proprietary
366,50231,POMONA VALLEY HOSPITAL MEDICAL CENTER,1798 N GAREY AVE,POMONA,CA,91767,LOS ANGELES,9098659500,Acute Care Hospitals,Voluntary non-profit - Private
367,50232,FRENCH HOSPITAL MEDICAL CENTER,1911 JOHNSON AVE,SAN LUIS OBISPO,CA,93401,SAN LUIS OBISPO,8055435353,Acute Care Hospitals,Voluntary non-profit - Other
368,50234,SHARP CORONADO HOSPITAL AND HLTHCR CTR,250 PROSPECT PLACE,CORONADO,CA,92118,SAN DIEGO,6194356251,Acute Care Hospitals,Proprietary
369,50235,PROVIDENCE SAINT JOSEPH MEDICAL CTR,501 SOUTH BUENA VISTA,BURBANK,CA,91505,LOS ANGELES,8188435111,Acute Care Hospitals,Voluntary non-profit - Church
370,50236,ADVENTIST HEALTH SIMI VALLEY,2975 N SYCAMORE DR,SIMI VALLEY,CA,93065,VENTURA,8059556000,Acute Care Hospitals,Voluntary non-profit - Church
371,50238,METHODIST HOSPITAL OF SOUTHERN CA,300 W HUNTINGTON DR,ARCADIA,CA,91006,LOS ANGELES,6264454441,Acute Care Hospitals,Voluntary non-profit - Private
372,50239,GLENDALE ADVENTIST MEDICAL CENTER,1509 E WILSON TERRACE,GLENDALE,CA,91206,LOS ANGELES,8184098202,Acute Care Hospitals,Voluntary non-profit - Private
373,50242,DOMINICAN HOSPITAL,1555 SOQUEL DRIVE,SANTA CRUZ,CA,95065,SANTA CRUZ,8314627700,Acute Care Hospitals,Proprietary
374,50243,DESERT REGIONAL MEDICAL CENTER,1150 NORTH INDIAN CANYON DRIVE,PALM SPRINGS,CA,92262,RIVERSIDE,7603236511,Acute Care Hospitals,Proprietary
375,50245,ARROWHEAD REGIONAL MEDICAL CENTER,400 NORTH PEPPER AVENUE,COLTON,CA,92324,SAN BERNARDINO,9095801000,Acute Care Hospitals,Government - Local
376,50248,NATIVIDAD MEDICAL CENTER,1441 CONSTITUTION BOULEVARD,SALINAS,CA,93906,MONTEREY,8317554195,Acute Care Hospitals,Government - Hospital District or Authority
377,50254,MARSHALL MEDICAL CENTER,1100 MARSHALL WAY,PLACERVILLE,CA,95667,EL DORADO,5306221441,Acute Care Hospitals,Voluntary non-profit - Private
378,50257,GOOD SAMARITAN HOSPITAL,901 OLIVE DRIVE,BAKERSFIELD,CA,93308,KERN,6613994461,Acute Care Hospitals,Proprietary
379,50261,SIERRA VIEW MEDICAL CENTER,465 W PUTNAM AVE,PORTERVILLE,CA,93257,TULARE,5597841110,Acute Care Hospitals,Voluntary non-profit - Private
380,50262,RONALD REAGAN U C L A MEDICAL CENTER,757 WESTWOOD PLAZA,LOS ANGELES,CA,90095,LOS ANGELES,3108256301,Acute Care Hospitals,Government - State
381,50272,REDLANDS COMMUNITY HOSPITAL,350 TERRACINA BLVD,REDLANDS,CA,92373,SAN BERNARDINO,9093355500,Acute Care Hospitals,Government - Federal
382,50276,CONTRA COSTA REGIONAL MEDICAL CENTER,2500 ALHAMBRA AVENUE,MARTINEZ,CA,94553,CONTRA COSTA,9253705000,Acute Care Hospitals,Government - Local
383,50278,PROVIDENCE HOLY CROSS MEDICAL CENTER,15031 RINALDI ST,MISSION HILLS,CA,91346,LOS ANGELES,8183658051,Acute Care Hospitals,Voluntary non-profit - Church
384,50279,HI-DESERT MEDICAL CENTER,6601 WHITE FEATHER ROAD,JOSHUA TREE,CA,92252,SAN BERNARDINO,7603663711,Acute Care Hospitals,Government - Hospital District or Authority
385,50280,MERCY MEDICAL CENTER REDDING,"2175 ROSALINE AVE, CLAIRMONT HGTS",REDDING,CA,96001,SHASTA,5302256102,Acute Care Hospitals,Voluntary non-profit - Private
386,50281,ALHAMBRA HOSPITAL MEDICAL CENTER,100 S RAYMOND AVE,ALHAMBRA,CA,91801,LOS ANGELES,6265701606,Acute Care Hospitals,Proprietary
387,50283,STANFORD HEALTH CARE - VALLEYCARE,5555 WEST LAS POSITAS BOULEVARD,PLEASANTON,CA,94588,ALAMEDA,9254477000,Acute Care Hospitals,Voluntary non-profit - Private
388,50289,SETON MEDICAL CENTER,1900 SULLIVAN AVENUE,DALY CITY,CA,94015,SAN MATEO,6509924000,Acute Care Hospitals,Voluntary non-profit - Church
389,50290,PROVIDENCE SAINT JOHN'S HEALTH CENTER,2121 SANTA MONICA BLVD,SANTA MONICA,CA,90404,LOS ANGELES,3108295511,Acute Care Hospitals,Voluntary non-profit - Private
390,50291,SUTTER SANTA ROSA REGIONAL HOSPITAL,30 MARK WEST SPRINGS ROAD,SANTA ROSA,CA,95403,SONOMA,7075764000,Acute Care Hospitals,Voluntary non-profit - Other
391,50292,RIVERSIDE UNIVERSITY HEALTH SYSTEM-MEDICAL CENTER,26520 CACTUS AVENUE,MORENO VALLEY,CA,92555,RIVERSIDE,9514864000,Acute Care Hospitals,Government - Local
392,50295,MERCY HOSPITAL,2215 TRUXTUN AVENUE,BAKERSFIELD,CA,93301,KERN,6616325000,Acute Care Hospitals,Voluntary non-profit - Other
393,50296,HAZEL HAWKINS MEMORIAL HOSPITAL,911 SUNSET DRIVE,HOLLISTER,CA,95023,SAN BENITO,8316375711,Acute Care Hospitals,Government - Hospital District or Authority
394,50298,BARSTOW COMMUNITY HOSPITAL,820 E MOUNTAIN VIEW STREET,BARSTOW,CA,92311,SAN BERNARDINO,7602561761,Acute Care Hospitals,Proprietary
395,50300,ST MARY MEDICAL CENTER,18300 HIGHWAY 18,APPLE VALLEY,CA,92307,SAN BERNARDINO,7602422311,Acute Care Hospitals,Voluntary non-profit - Private
396,50301,UKIAH VALLEY MEDICAL CENTER,275 HOSPITAL DRIVE,UKIAH,CA,95482,MENDOCINO,7074623111,Acute Care Hospitals,Voluntary non-profit - Church
397,50305,ALTA BATES SUMMIT MEDICAL CENTER - ALTA BATES CAMP,2450 ASHBY AVENUE,BERKELEY,CA,94705,ALAMEDA,5102044444,Acute Care Hospitals,Voluntary non-profit - Private
398,50308,EL CAMINO HOSPITAL,2500 GRANT ROAD,MOUNTAIN VIEW,CA,94040,SANTA CLARA,6509407000,Acute Care Hospitals,Government - Hospital District or Authority
399,50309,SUTTER ROSEVILLE MEDICAL CENTER,ONE MEDICAL PLAZA,ROSEVILLE,CA,95661,PLACER,9167811000,Acute Care Hospitals,Voluntary non-profit - Other
400,50313,SUTTER TRACY COMMUNITY HOSPITAL,1420 NORTH TRACY BLVD,TRACY,CA,95376,SAN JOAQUIN,2098351500,Acute Care Hospitals,Voluntary non-profit - Private
401,50315,KERN MEDICAL CENTER,1700 MOUNT VERNON AVENUE,BAKERSFIELD,CA,93306,KERN,6613262000,Acute Care Hospitals,Voluntary non-profit - Other
402,50320,HIGHLAND HOSPITAL,1411 E 31ST STREET,OAKLAND,CA,94602,ALAMEDA,5104374800,Acute Care Hospitals,Government - Hospital District or Authority
403,50324,SCRIPPS MEMORIAL HOSPITAL LA JOLLA,9888 GENESEE AVENUE,LA JOLLA,CA,92037,SAN DIEGO,8586264123,Acute Care Hospitals,Voluntary non-profit - Other
404,50327,LOMA LINDA UNIVERSITY MEDICAL CENTER,11234 ANDERSON ST,LOMA LINDA,CA,92354,SAN BERNARDINO,9095584000,Acute Care Hospitals,Voluntary non-profit - Private
405,50329,CORONA REGIONAL MEDICAL CENTER,800 SOUTH MAIN STREET,CORONA,CA,92882,RIVERSIDE,9517374343,Acute Care Hospitals,Proprietary
406,50334,SALINAS VALLEY MEMORIAL HOSPITAL,450 EAST ROMIE LANE,SALINAS,CA,93901,MONTEREY,8317574333,Acute Care Hospitals,Voluntary non-profit - Other
407,50335,ADVENTIST HEALTH SONORA,1000 GREENLEY ROAD,SONORA,CA,95370,TUOLUMNE,2095323161,Acute Care Hospitals,Voluntary non-profit - Church
408,50336,LODI MEMORIAL HOSPITAL,975 S FAIRMONT AVENUE,LODI,CA,95240,SAN JOAQUIN,2093343411,Acute Care Hospitals,Voluntary non-profit - Other
409,50342,PIONEERS MEMORIAL HEALTHCARE DISTRICT,207 WEST LEGION ROAD,BRAWLEY,CA,92227,IMPERIAL,7603513333,Acute Care Hospitals,Government - Hospital District or Authority
410,50348,UNIVERSITY OF CALIFORNIA IRVINE MED CENTER,101 CITY DRIVE SOUTH,ORANGE,CA,92868,ORANGE,7144566112,Acute Care Hospitals,Government - Local
411,50350,BEVERLY HOSPITAL,309 W BEVERLY BLVD,MONTEBELLO,CA,90640,LOS ANGELES,3237261222,Acute Care Hospitals,Voluntary non-profit - Private
412,50351,TORRANCE MEMORIAL MEDICAL CENTER,3330 LOMITA BLVD,TORRANCE,CA,90509,LOS ANGELES,3103259110,Acute Care Hospitals,Voluntary non-profit - Other
413,50352,BARTON MEMORIAL HOSPITAL,2170 SOUTH AVENUE,SOUTH LAKE TAHOE,CA,96150,EL DORADO,5305413420,Acute Care Hospitals,Voluntary non-profit - Private
414,50353,PROVIDENCE LITTLE COMPANY OF MARY MED CTR TORRANCE,4101 TORRANCE BLVD,TORRANCE,CA,90503,LOS ANGELES,3105407676,Acute Care Hospitals,Voluntary non-profit - Church
415,50357,GOLETA VALLEY COTTAGE HOSPITAL,351 S PATTERSON AVE,SANTA BARBARA,CA,93111,SANTA BARBARA,8056816446,Acute Care Hospitals,Voluntary non-profit - Other
416,50359,TULARE REGIONAL MEDICAL CENTER,869 NORTH CHERRY AVENUE,TULARE,CA,93274,TULARE,5596880821,Acute Care Hospitals,Government - Hospital District or Authority
417,50360,MARIN GENERAL HOSPITAL,"250 BON AIR ROAD, PO BOX 8010",GREENBRAE,CA,94904,MARIN,4159257900,Acute Care Hospitals,Government - Local
418,50367,NORTHBAY MEDICAL CENTER,1200 B  GALE WILSON BLVD,FAIRFIELD,CA,94533,SOLANO,7076465000,Acute Care Hospitals,Voluntary non-profit - Other
419,50373,LAC+USC MEDICAL CENTER,"1200 N STATE ST, ROOM C2K100",LOS ANGELES,CA,90033,LOS ANGELES,3232262800,Acute Care Hospitals,Government - Local
420,50376,LAC/HARBOR-UCLA MED CENTER,1000 W CARSON ST,TORRANCE,CA,90502,LOS ANGELES,3102222101,Acute Care Hospitals,Government - Local
421,50378,PACIFICA HOSPITAL OF THE VALLEY,9449 SAN FERNANDO RD,SUN VALLEY,CA,91352,LOS ANGELES,8187673310,Acute Care Hospitals,Proprietary
422,50380,GOOD SAMARITAN HOSPITAL,2425 SAMARITAN DRIVE,SAN JOSE,CA,95124,SANTA CLARA,4085592011,Acute Care Hospitals,Proprietary
423,50382,CITRUS VALLEY MEDICAL CENTER-IC CAMPUS,210 W  SAN BERNARDINO ROAD,COVINA,CA,91723,LOS ANGELES,6268142468,Acute Care Hospitals,Proprietary
424,50390,HEMET VALLEY MEDICAL CENTER,1117 EAST DEVONSHIRE,HEMET,CA,92543,RIVERSIDE,9516522811,Acute Care Hospitals,Government - State
425,50393,PIH HOSPITAL - DOWNEY,11500 BROOKSHIRE AVENUE,DOWNEY,CA,90241,LOS ANGELES,5269045000,Acute Care Hospitals,Voluntary non-profit - Private
426,50394,COMMUNITY MEMORIAL HOSPITAL SAN BUENAVENTURA,147 N BRENT ST,VENTURA,CA,93003,VENTURA,8056525011,Acute Care Hospitals,Voluntary non-profit - Private
427,50396,SANTA BARBARA COTTAGE HOSPITAL,400 WEST PUEBLO,SANTA BARBARA,CA,93102,SANTA BARBARA,8056827111,Acute Care Hospitals,Voluntary non-profit - Private
428,50397,COALINGA REGIONAL MEDICAL CENTER,1191 PHELPS AVENUE,COALINGA,CA,93210,FRESNO,5599356400,Acute Care Hospitals,Government - Hospital District or Authority
429,50407,CHINESE HOSPITAL,845 JACKSON ST,SAN FRANCISCO,CA,94133,SAN FRANCISCO,4159822400,Acute Care Hospitals,Voluntary non-profit - Private
430,50411,KAISER FOUNDATION HOSPITAL - SOUTH BAY,25825 SOUTH VERMONT AVENUE,HARBOR CITY,CA,90710,LOS ANGELES,3105176441,Acute Care Hospitals,Voluntary non-profit - Other
431,50414,MERCY HOSPITAL OF FOLSOM,1650 CREEKSIDE DRIVE,FOLSOM,CA,95630,SACRAMENTO,9169837400,Acute Care Hospitals,Voluntary non-profit - Private
432,50417,SUTTER COAST HOSPITAL,800 E WASHINGTON BLVD,CRESCENT CITY,CA,95531,DEL NORTE,7074648880,Acute Care Hospitals,Government - Hospital District or Authority
433,50423,PALO VERDE HOSPITAL,250 NORTH FIRST STREET,BLYTHE,CA,92225,RIVERSIDE,7609224115,Acute Care Hospitals,Government - Hospital District or Authority
434,50424,SCRIPPS GREEN HOSPITAL,10666 NORTH TORREY PINES ROAD,LA JOLLA,CA,92037,SAN DIEGO,8584559100,Acute Care Hospitals,Voluntary non-profit - Private
435,50425,KAISER FOUNDATION HOSPITAL - SACRAMENTO,2025 MORSE AVENUE,SACRAMENTO,CA,95825,SACRAMENTO,9169735000,Acute Care Hospitals,Voluntary non-profit - Private
436,50426,WEST ANAHEIM MEDICAL CENTER,3033 W ORANGE AVENUE,ANAHEIM,CA,92804,ORANGE,7148273000,Acute Care Hospitals,Proprietary
437,50438,HUNTINGTON MEMORIAL HOSPITAL,100 W  CALIFORNIA BLVD,PASADENA,CA,91109,LOS ANGELES,6263975000,Acute Care Hospitals,Voluntary non-profit - Other
438,50441,STANFORD HEALTH CARE,300 PASTEUR DRIVE,STANFORD,CA,94305,SANTA CLARA,6507235708,Acute Care Hospitals,Voluntary non-profit - Private
439,50444,MERCY MEDICAL CENTER,333 MERCY AVENUE,MERCED,CA,95340,MERCED,2095645000,Acute Care Hospitals,Voluntary non-profit - Private
440,50454,UCSF MEDICAL CENTER,"505 PARNASSUS AVE, BOX 0296",SAN FRANCISCO,CA,94143,SAN FRANCISCO,4153532733,Acute Care Hospitals,Voluntary non-profit - Other
441,50455,ADVENTIST HEALTH BAKERSFIELD,2615 CHESTER AVENUE,BAKERSFIELD,CA,93301,KERN,6613953000,Acute Care Hospitals,Voluntary non-profit - Private
442,50457,ST MARY'S MEDICAL CENTER,450 STANYAN ST,SAN FRANCISCO,CA,94117,SAN FRANCISCO,4156681000,Acute Care Hospitals,Voluntary non-profit - Private
443,50464,DOCTORS MEDICAL CENTER,1441 FLORIDA AVENUE,MODESTO,CA,95350,STANISLAUS,2095781211,Acute Care Hospitals,Proprietary
444,50468,MEMORIAL HOSPITAL OF GARDENA,1145 W REDONDO BEACH BLVD,GARDENA,CA,90247,LOS ANGELES,3105324200,Acute Care Hospitals,Proprietary
445,50471,GOOD SAMARITAN HOSPITAL,1225 WILSHIRE BOULEVARD,LOS ANGELES,CA,90017,LOS ANGELES,2139772121,Acute Care Hospitals,Proprietary
446,50481,WEST HILLS HOSPITAL & MEDICAL CENTER,7300 MEDICAL CENTER DR,WEST HILLS,CA,91307,LOS ANGELES,8186764100,Acute Care Hospitals,Proprietary
447,50485,LONG BEACH MEMORIAL MEDICAL CENTER,2801 ATLANTIC AVE,LONG BEACH,CA,90806,LOS ANGELES,5629332000,Acute Care Hospitals,Voluntary non-profit - Other
448,50488,EDEN MEDICAL CENTER,20103 LAKE CHABOT ROAD,CASTRO VALLEY,CA,94546,ALAMEDA,5105371234,Acute Care Hospitals,Voluntary non-profit - Other
449,50492,CLOVIS COMMUNITY MEDICAL CENTER,2755 HERNDON AVE,CLOVIS,CA,93611,FRESNO,5593244000,Acute Care Hospitals,Voluntary non-profit - Private
450,50496,JOHN MUIR MEDICAL CENTER - CONCORD CAMPUS,2540 EAST ST,CONCORD,CA,94520,CONTRA COSTA,9256828200,Acute Care Hospitals,Voluntary non-profit - Private
451,50498,SUTTER AUBURN FAITH HOSPITAL,11815 EDUCATION STREET,AUBURN,CA,95603,PLACER,5308884500,Acute Care Hospitals,Voluntary non-profit - Other
452,50502,SAINT VINCENT MEDICAL CENTER,2131 W 3RD ST,LOS ANGELES,CA,90057,LOS ANGELES,2134847111,Acute Care Hospitals,Voluntary non-profit - Church
453,50503,SCRIPPS MEMORIAL HOSPITAL - ENCINITAS,354 SANTA FE DRIVE,ENCINITAS,CA,92024,SAN DIEGO,7607536501,Acute Care Hospitals,Voluntary non-profit - Private
454,50506,SIERRA VISTA REGIONAL MEDICAL CENTER,1010 MURRAY ST,SAN LUIS OBISPO,CA,93405,SAN LUIS OBISPO,8505467600,Acute Care Hospitals,Proprietary
455,50510,KAISER FOUNDATION HOSPITAL,99 MONTECILLO RD,SAN RAFAEL,CA,94903,MARIN,4154442000,Acute Care Hospitals,Voluntary non-profit - Other
456,50512,KAISER FOUNDATION HOSPITAL - FREMONT,39400 PASEO PADRE PKWY,FREMONT,CA,94538,ALAMEDA,5107844000,Acute Care Hospitals,Voluntary non-profit - Other
457,50515,KAISER FOUNDATION HOSPITAL - SAN DIEGO,4647 ZION AVE,SAN DIEGO,CA,92120,SAN DIEGO,6195285000,Acute Care Hospitals,Voluntary non-profit - Other
458,50516,MERCY SAN JUAN MEDICAL CENTER,6501 COYLE AVE,CARMICHAEL,CA,95608,SACRAMENTO,9165375000,Acute Care Hospitals,Voluntary non-profit - Other
459,50517,VICTOR VALLEY GLOBAL MEDICAL CENTER,15248 11TH ST,VICTORVILLE,CA,92392,SAN BERNARDINO,7602458691,Acute Care Hospitals,Voluntary non-profit - Private
460,50523,SUTTER DELTA MEDICAL CENTER,3901 LONE TREE WAY,ANTIOCH,CA,94509,CONTRA COSTA,9257797200,Acute Care Hospitals,Voluntary non-profit - Private
461,50526,HUNTINGTON BEACH HOSPITAL,17772 BEACH BLVD,HUNTINGTON BEACH,CA,92647,ORANGE,7148435000,Acute Care Hospitals,Proprietary
462,50528,MEMORIAL HOSPITAL LOS BANOS,520 WEST I ST,LOS BANOS,CA,93635,MERCED,2098260591,Acute Care Hospitals,Voluntary non-profit - Private
463,50534,JOHN F KENNEDY MEMORIAL HOSPITAL,47111 MONROE STREET,INDIO,CA,92201,RIVERSIDE,7603476191,Acute Care Hospitals,Proprietary
464,50537,SUTTER DAVIS HOSPITAL,2000 SUTTER PLACE,DAVIS,CA,95616,YOLO,5307566440,Acute Care Hospitals,Voluntary non-profit - Private
465,50541,KAISER FOUNDATION HOSPITAL - REDWOOD CITY,1100 VETERANS BOULEVARD,REDWOOD CITY,CA,94063,SAN MATEO,6502992000,Acute Care Hospitals,Voluntary non-profit - Other
466,50543,COLLEGE HOSPITAL COSTA MESA,301 VICTORIA STREET,COSTA MESA,CA,92627,ORANGE,9496422734,Acute Care Hospitals,Proprietary
467,50546,PORTERVILLE DEVELOPMENTAL CENTER,26501 AVENUE 140,PORTERVILLE,CA,93257,TULARE,5597822222,Acute Care Hospitals,Government - State
468,50547,SONOMA DEVELOPMENTAL CENTER,15000 ARNOLD DRIVE   /  P O BOX 1493,ELDRIDGE,CA,95431,SONOMA,7079386000,Acute Care Hospitals,Government - Federal
469,50548,FAIRVIEW DEVELOPMENTAL CENTER,2501 HARBOR BOULEVARD,COSTA MESA,CA,92626,ORANGE,7149575000,Acute Care Hospitals,Government - Local
470,50549,LOS ROBLES HOSPITAL & MEDICAL CENTER,215 W JANSS RD,THOUSAND OAKS,CA,91360,VENTURA,8054972727,Acute Care Hospitals,Proprietary
471,50551,LOS ALAMITOS MEDICAL CENTER,3751 KATELLA AVENUE,LOS ALAMITOS,CA,90720,ORANGE,5627993220,Acute Care Hospitals,Proprietary
472,50552,MOTION PICTURE & TELEVISION HOSPITAL,23388 MULHOLLAND DRIVE,WOODLAND HILLS,CA,91364,LOS ANGELES,8188761771,Acute Care Hospitals,Voluntary non-profit - Other
473,50557,MEMORIAL MEDICAL CENTER,1700 COFFEE RD,MODESTO,CA,95355,STANISLAUS,2095264500,Acute Care Hospitals,Voluntary non-profit - Private
474,50561,KAISER FOUNDATION HOSPITAL - WEST LA,6041 CADILLAC AVE,LOS ANGELES,CA,90034,LOS ANGELES,2138572201,Acute Care Hospitals,Voluntary non-profit - Private
475,50567,MISSION HOSPITAL REGIONAL MED CENTER,27700 MEDICAL CENTER RD,MISSION VIEJO,CA,92691,ORANGE,9493641400,Acute Care Hospitals,Voluntary non-profit - Private
476,50568,MADERA COMMUNITY HOSPITAL,1250 E ALMOND AVE,MADERA,CA,93637,MADERA,5596755555,Acute Care Hospitals,Voluntary non-profit - Other
477,50570,FOUNTAIN VALLEY REGIONAL HOSPITAL & MEDICAL CENTER,17100 EUCLID STREET,FOUNTAIN VALLEY,CA,92708,ORANGE,7149667200,Acute Care Hospitals,Proprietary
478,50573,EISENHOWER MEDICAL CENTER,39-000 BOB HOPE DRIVE,RANCHO MIRAGE,CA,92270,RIVERSIDE,7603403911,Acute Care Hospitals,Proprietary
479,50580,LA PALMA INTERCOMMUNITY HOSPITAL,7901 WALKER STREET,LA PALMA,CA,90623,ORANGE,7146707400,Acute Care Hospitals,Proprietary
480,50581,LAKEWOOD REGIONAL MEDICAL CENTER,3700 E SOUTH ST,LAKEWOOD,CA,90712,LOS ANGELES,5626026751,Acute Care Hospitals,Proprietary
481,50586,CHINO VALLEY MEDICAL CENTER,5451 WALNUT AVE,CHINO,CA,91710,SAN BERNARDINO,9096276111,Acute Care Hospitals,Proprietary
482,50588,SAN DIMAS COMMUNITY HOSPITAL,1350 W COVINA BLVD,SAN DIMAS,CA,91773,LOS ANGELES,9095996811,Acute Care Hospitals,Proprietary
483,50589,PLACENTIA LINDA HOSPITAL,1301 N ROSE DRIVE,PLACENTIA,CA,92870,ORANGE,7149932000,Acute Care Hospitals,Proprietary
484,50590,METHODIST HOSPITAL OF SACRAMENTO,7500 HOSPITAL DRIVE,SACRAMENTO,CA,95823,SACRAMENTO,9164236010,Acute Care Hospitals,Voluntary non-profit - Other
485,50597,FOOTHILL PRESBYTERIAN HOSPITAL,250 S GRAND AVE,GLENDORA,CA,91740,LOS ANGELES,6269638411,Acute Care Hospitals,Voluntary non-profit - Private
486,50599,UNIVERSITY OF CALIFORNIA DAVIS MEDICAL CENTER,2315 STOCKTON BOULEVARD,SACRAMENTO,CA,95817,SACRAMENTO,9167342011,Acute Care Hospitals,Voluntary non-profit - Other
487,50603,SADDLEBACK MEMORIAL MEDICAL CENTER,24451 HEALTH CENTER DRIVE,LAGUNA HILLS,CA,92653,ORANGE,9498374500,Acute Care Hospitals,Voluntary non-profit - Private
488,50604,KAISER FOUNDATION HOSPITAL-SAN JOSE,250 HOSPITAL PARKWAY,SAN JOSE,CA,95119,SANTA CLARA,4089727000,Acute Care Hospitals,Voluntary non-profit - Other
489,50608,DELANO REGIONAL MEDICAL CENTER,1401 GARCES HIGHWAY,DELANO,CA,93215,KERN,6617254800,Acute Care Hospitals,Proprietary
490,50609,KAISER FOUNDATION HOSPITAL - ORANGE COUNTY - ANAHE,3440 E LA PALMA AVE,ANAHEIM,CA,92806,ORANGE,7142794000,Acute Care Hospitals,Voluntary non-profit - Other
491,50616,ST JOHNS PLEASANT VALLEY HOSPITAL,2309 ANTONIO AVE,CAMARILLO,CA,93010,VENTURA,8053895800,Acute Care Hospitals,Voluntary non-profit - Church
492,50624,HENRY MAYO NEWHALL  HOSPITAL,23845  MCBEAN PKWY,VALENCIA,CA,91355,LOS ANGELES,6612538000,Acute Care Hospitals,Voluntary non-profit - Private
493,50625,CEDARS-SINAI MEDICAL CENTER,8700 BEVERLY BLVD,LOS ANGELES,CA,90048,LOS ANGELES,3104235000,Acute Care Hospitals,Voluntary non-profit - Other
494,50633,TWIN CITIES COMMUNITY HOSPITAL,1100 LAS TABLAS RD,TEMPLETON,CA,93465,SAN LUIS OBISPO,8054343500,Acute Care Hospitals,Proprietary
495,50636,POMERADO HOSPITAL,15615 POMERADO ROAD,POWAY,CA,92064,SAN DIEGO,8584856511,Acute Care Hospitals,Government - Hospital District or Authority
496,50641,EAST LOS ANGELES DOCTORS HOSPITAL,4060 WHITTIER BLVD,LOS ANGELES,CA,90023,LOS ANGELES,3232685514,Acute Care Hospitals,Proprietary
497,50663,LOS ANGELES COMMUNITY HOSPITAL,4081 E OLYMPIC BLVD,LOS ANGELES,CA,90023,LOS ANGELES,3232670477,Acute Care Hospitals,Proprietary
498,50668,LAGUNA HONDA HOSPITAL & REHABILITATION CENTER,375 LAGUNA HONDA BLVD,SAN FRANCISCO,CA,94116,SAN FRANCISCO,4157592300,Acute Care Hospitals,Government - Local
499,50674,KAISER FOUNDATION HOSP SO SACRAMENTO,6600 BRUCEVILLE ROAD,SACRAMENTO,CA,95823,SACRAMENTO,9166882000,Acute Care Hospitals,Voluntary non-profit - Other
500,50677,KAISER FOUNDATION HOSPITAL - WOODLAND HILLS,5601 DE SOTO,WOODLAND HILLS,CA,91367,LOS ANGELES,8187193800,Acute Care Hospitals,Voluntary non-profit - Private
501,50678,ORANGE COAST MEMORIAL MEDICAL CENTER,9920 TALBERT AVENUE,FOUNTAIN VALLEY,CA,92708,ORANGE,7143787406,Acute Care Hospitals,Proprietary
502,50684,MENIFEE VALLEY MEDICAL CENTER,28400 MCCALL B0ULEVARD,SUN CITY,CA,92585,RIVERSIDE,9516798888,Acute Care Hospitals,Physician
503,50686,"KAISER FOUNDATION HOSPITAL, RIVERSIDE",10800 MAGNOLIA AVENUE,RIVERSIDE,CA,92505,RIVERSIDE,9513532000,Acute Care Hospitals,Voluntary non-profit - Other
504,50688,SAINT LOUISE REGIONAL HOSPITAL,9400 NO NAME UNO,GILROY,CA,95020,SANTA CLARA,4088482000,Acute Care Hospitals,Voluntary non-profit - Church
505,50689,SAN RAMON REGIONAL MEDICAL CTR,6001 NORRIS CANYON ROAD,SAN RAMON,CA,94583,CONTRA COSTA,9252759200,Acute Care Hospitals,Proprietary
506,50690,KAISER FOUNDATION HOSPITAL-SANTA ROSA,401 BICENTENNIAL WAY,SANTA ROSA,CA,95403,SONOMA,7075714000,Acute Care Hospitals,Voluntary non-profit - Other
507,50696,KECK HOSPITAL OF USC,1500 SAN PABLO ST,LOS ANGELES,CA,90033,LOS ANGELES,3234428656,Acute Care Hospitals,Voluntary non-profit - Other
508,50697,PATIENTS' HOSPITAL OF REDDING,2900 EUREKA WAY,REDDING,CA,96001,SHASTA,5302258700,Acute Care Hospitals,Physician
509,50701,SOUTHWEST HEALTHCARE SYSTEM,25500 MEDICAL CENTER DRIVE,MURRIETA,CA,92562,RIVERSIDE,9516966000,Acute Care Hospitals,Proprietary
510,50704,MISSION COMMUNITY HOSPITAL,14850 ROSCOE BLVD,PANORAMA CITY,CA,91402,LOS ANGELES,8189043100,Acute Care Hospitals,Voluntary non-profit - Private
511,50708,FRESNO SURGICAL HOSPITAL,6125 NORTH FRESNO ST,FRESNO,CA,93710,FRESNO,5594318000,Acute Care Hospitals,Proprietary
512,50709,DESERT VALLEY HOSPITAL,16850 BEAR VALLEY RD,VICTORVILLE,CA,92395,SAN BERNARDINO,7602418000,Acute Care Hospitals,Proprietary
513,50710,KAISER FOUNDATION HOSPITAL - FRESNO,7300 NORTH FRESNO ST,FRESNO,CA,93720,FRESNO,5594484500,Acute Care Hospitals,Voluntary non-profit - Private
514,50714,SUTTER MATERNITY & SURGERY CENTER OF SANTA CRUZ,2900 CHANTICLEER AVENUE,SANTA CRUZ,CA,95065,SANTA CRUZ,8314772200,Acute Care Hospitals,Voluntary non-profit - Private
515,50717,LAC/RANCHO LOS AMIGOS NATIONAL REHABILITATION  CTR,7601 EAST IMPERIAL HIGHWAY,DOWNEY,CA,90242,LOS ANGELES,5624017022,Acute Care Hospitals,Government - Local
516,50723,KAISER FOUNDATION HOSPITAL - BALDWIN PARK,1011 BALDWIN PARK BLVD,BALDWIN PARK,CA,91706,LOS ANGELES,6268511011,Acute Care Hospitals,Voluntary non-profit - Other
517,50724,BAKERSFIELD HEART HOSPITAL,3001 SILLECT AVENUE,BAKERSFIELD,CA,93308,KERN,6613166000,Acute Care Hospitals,Proprietary
518,50726,STANISLAUS SURGICAL HOSPITAL,1421 OAKDALE ROAD,MODESTO,CA,95355,STANISLAUS,2095722700,Acute Care Hospitals,Proprietary
519,50727,COMMUNITY HOSPITAL OF LONG BEACH,1720 TERMINO AVENUE,LONG BEACH,CA,90804,LOS ANGELES,5624940600,Acute Care Hospitals,Voluntary non-profit - Private
520,50735,WHITTIER HOSPITAL MEDICAL CENTER,9080 COLIMA RD,WHITTIER,CA,90605,LOS ANGELES,5629453561,Acute Care Hospitals,Proprietary
521,50736,MONTEREY PARK HOSPITAL,900 S ATLANTIC BLVD,MONTEREY PARK,CA,91754,LOS ANGELES,6265709000,Acute Care Hospitals,Proprietary
522,50737,GARFIELD MEDICAL CENTER,525 N GARFIELD AVE,MONTEREY PARK,CA,91754,LOS ANGELES,6265732222,Acute Care Hospitals,Proprietary
523,50738,GREATER EL MONTE COMMUNITY HOSPITAL,1701 SANTA ANITA AVE,SOUTH EL MONTE,CA,91733,LOS ANGELES,6263507975,Acute Care Hospitals,Voluntary non-profit - Private
524,50739,CENTINELA HOSPITAL MEDICAL CENTER,555 EAST HARDY STREET,INGLEWOOD,CA,90301,LOS ANGELES,3106734660,Acute Care Hospitals,Proprietary
525,50740,MARINA DEL REY HOSPITAL,4650 LINCOLN BLVD,MARINA DEL REY,CA,90291,LOS ANGELES,3108238911,Acute Care Hospitals,Proprietary
526,50742,OLYMPIA MEDICAL CENTER,5900 WEST OLYMPIC BOULEVARD,LOS ANGELES,CA,90036,LOS ANGELES,3106575900,Acute Care Hospitals,Proprietary
527,50744,ANAHEIM GLOBAL MEDICAL CENTER,1025 S ANAHEIM BLVD,ANAHEIM,CA,92805,ORANGE,7145336220,Acute Care Hospitals,Proprietary
528,50745,CHAPMAN GLOBAL MEDICAL CENTER,2601 E CHAPMAN AVE,ORANGE,CA,92869,ORANGE,7146330011,Acute Care Hospitals,Proprietary
529,50746,ORANGE COUNTY GLOBAL MEDICAL CENTER,1001 NORTH TUSTIN AVENUE,SANTA ANA,CA,92705,ORANGE,7149533610,Acute Care Hospitals,Proprietary
530,50747,SOUTH COAST GLOBAL MEDICAL CENTER,2701 S BRISTOL ST,SANTA ANA,CA,92704,ORANGE,7147545454,Acute Care Hospitals,Proprietary
531,50748,KAISER FOUNDATION HOSPITAL MANTECA,1777 WEST YOSEMITE AVE,MANTECA,CA,95337,SAN JOAQUIN,2098253700,Acute Care Hospitals,Voluntary non-profit - Private
532,50751,MIRACLE MILE MEDICAL CENTER,6000 SAN VICENTE BLVD,LOS ANGELES,CA,90036,LOS ANGELES,3239301040,Acute Care Hospitals,Proprietary
533,50754,MENLO PARK SURGICAL HOSPITAL,570 WILLOW ROAD,MENLO PARK,CA,94025,SAN MATEO,6503248500,Acute Care Hospitals,Voluntary non-profit - Private
534,50755,SHERMAN OAKS HOSPITAL,4929 VAN NUYS BLVD,SHERMAN OAKS,CA,91403,LOS ANGELES,8189817111,Acute Care Hospitals,Voluntary non-profit - Private
535,50757,ALVARADO HOSPITAL MEDICAL CENTER,6655 ALVARADO ROAD,SAN DIEGO,CA,92120,SAN DIEGO,6192293172,Acute Care Hospitals,Proprietary
536,50758,MONTCLAIR HOSPITAL MEDICAL CENTER,5000 SAN BERNARDINO ST,MONTCLAIR,CA,91763,SAN BERNARDINO,9096258300,Acute Care Hospitals,Voluntary non-profit - Private
537,50760,KAISER FOUNDATION HOSPITAL - ANTIOCH,4501 SAND CREEK ROAD,ANTIOCH,CA,94531,CONTRA COSTA,9258136500,Acute Care Hospitals,Proprietary
538,50761,PROVIDENCE TARZANA MEDICAL CENTER,18321 CLARK STREET,TARZANA,CA,91356,LOS ANGELES,8188810800,Acute Care Hospitals,Voluntary non-profit - Private
539,50763,SILVER LAKE MEDICAL CENTER,1711 WEST TEMPLE STREET,LOS ANGELES,CA,90026,LOS ANGELES,2139896123,Acute Care Hospitals,Proprietary
540,50764,SHASTA REGIONAL MEDICAL CENTER,1100 BUTTE ST,REDDING,CA,96001,SHASTA,5302445454,Acute Care Hospitals,Proprietary
541,50765,KAISER FOUNDATION HOSPITAL-MORENO VALLEY,27300 IRIS AVENUE,MORENO VALLEY,CA,92555,RIVERSIDE,9512516000,Acute Care Hospitals,Voluntary non-profit - Other
542,50766,SUTTER SURGICAL HOSPITAL - NORTH VALLEY,455 PLUMAS BLVD,YUBA CITY,CA,95991,SUTTER,5307495700,Acute Care Hospitals,Physician
543,50767,KAISER FOUNDATION HOSPITAL - VACAVILLE,1 QUALITY DRIVE,VACAVILLE,CA,95688,SOLANO,7076244000,Acute Care Hospitals,Proprietary
544,50769,HOAG ORTHOPEDIC INSTITUTE,16250 SAND CANYON AVENUE,IRVINE,CA,92618,ORANGE,9497275000,Acute Care Hospitals,Proprietary
545,50770,LOMA LINDA UNIVERSITY MEDICAL CENTER-MURRIETA,28062 BAXTER ROAD,MURRIETA,CA,92563,RIVERSIDE,9512904000,Acute Care Hospitals,Voluntary non-profit - Private
546,50771,COAST PLAZA HOSPITAL,13100 STUDERBAKER ROAD,NORWALK,CA,90650,LOS ANGELES,3103560550,Acute Care Hospitals,Proprietary
547,50772,KAISER FOUNDATION HOSPITAL - ROSEVILLE,1600 EUREKA ROAD,ROSEVILLE,CA,95661,PLACER,9167844000,Acute Care Hospitals,Voluntary non-profit - Private
548,50773,SAN LEANDRO HOSPITAL,13855 E 14TH STREET,SAN LEANDRO,CA,94578,ALAMEDA,5103576500,Acute Care Hospitals,Government - Hospital District or Authority
549,50775,TEMECULA VALLEY HOSPITAL,31700 TEMECULA PKWY,TEMECULA,CA,92592,RIVERSIDE,9513312200,Acute Care Hospitals,Proprietary
550,50776,COLLEGE MEDICAL CENTER,2776 PACIFIC AVENUE,LONG BEACH,CA,90806,LOS ANGELES,5625951911,Acute Care Hospitals,Proprietary
551,50777,KAISER FOUNDATION HOSPITAL - SAN LEANDRO,2500 MERCED STREET,SAN LEANDRO,CA,94577,ALAMEDA,5104541000,Acute Care Hospitals,Voluntary non-profit - Private
552,50778,LOMA LINDA UNIVERSITY CHILDREN'S HOSPITAL,11234 ANDERSON STREET SUITE A,LOMA LINDA,CA,92354,SAN BERNARDINO,9095588000,Acute Care Hospitals,Voluntary non-profit - Church
553,50779,"MARTIN LUTHER KING, JR. COMMUNITY HOSPITAL",1680 EAST 120TH STREET,LOS ANGELES,CA,90059,LOS ANGELES,4248356808,Acute Care Hospitals,Voluntary non-profit - Private
554,50780,FOOTHILL REGIONAL MEDICAL CENTER,14662 NEWPORT AVE,TUSTIN,CA,92780,ORANGE,7146197700,Acute Care Hospitals,Proprietary
555,50781,SONOMA WEST MEDICAL CENTER,501 PETALUMA AVENUE,SEBASTOPOL,CA,95472,SONOMA,7078238511,Acute Care Hospitals,Government - Local
556,50782,CASA COLINA HOSPITAL,255 E BONITA AVE,POMONA,CA,91767,LOS ANGELES,9095967733,Acute Care Hospitals,Voluntary non-profit - Private
557,51300,EASTERN PLUMAS HOSPITAL - PORTOLA CAMPUS,500 FIRST AVENUE,PORTOLA,CA,96122,PLUMAS,5308324277,Critical Access Hospitals,Government - Hospital District or Authority
558,51301,ADVENTIST HEALTH MEDICAL CENTER TEHACHAPI VALLEY,115 WEST E STREET,TEHACHAPI,CA,93561,KERN,6618223241,Critical Access Hospitals,Government - Hospital District or Authority
559,51302,SOUTHERN INYO HOSPITAL,501 EAST LOCUST STREET,LONE PINE,CA,93545,INYO,7608765501,Critical Access Hospitals,Government - Hospital District or Authority
560,51303,MAMMOTH HOSPITAL,85 SIERRA PARK ROAD PO BOX 660,MAMMOTH LAKES,CA,93546,MONO,7609343311,Critical Access Hospitals,Government - Hospital District or Authority
561,51304,JOHN C FREMONT HEALTHCARE DISTRICT,5189 HOSPITAL ROAD,MARIPOSA,CA,95338,MARIPOSA,2099663631,Critical Access Hospitals,Government - Hospital District or Authority
562,51305,MAYERS MEMORIAL HOSPITAL,43563 HWY 299 EAST,FALL RIVER MILLS,CA,96028,SHASTA,5303365511,Critical Access Hospitals,Government - Hospital District or Authority
563,51306,GLENN MEDICAL CENTER,1133 W SYCAMORE ST,WILLOWS,CA,95988,GLENN,5309341818,Critical Access Hospitals,Government - Federal
564,51307,CATALINA ISLAND MEDICAL CENTER,100 FALLS CANYON ROAD,AVALON,CA,90704,LOS ANGELES,3105100700,Critical Access Hospitals,Voluntary non-profit - Church
565,51308,SURPRISE VALLEY COMMUNITY HOSPITAL,741 NORTH MAIN STREET,CEDARVILLE,CA,96104,MODOC,5302796111,Critical Access Hospitals,Government - Hospital District or Authority
566,51309,JEROLD PHELPS COMMUNITY HOSPITAL,733 CEDAR ST,GARBERVILLE,CA,95542,HUMBOLDT,7079233921,Critical Access Hospitals,Government - Hospital District or Authority
567,51310,FRANK R HOWARD MEMORIAL HOSPITAL,1 MARCELA DR,WILLITS,CA,95490,MENDOCINO,7074563031,Critical Access Hospitals,Voluntary non-profit - Church
568,51311,ORCHARD HOSPITAL,240 SPRUCE STREET,GRIDLEY,CA,95948,BUTTE,5308465671,Critical Access Hospitals,Voluntary non-profit - Private
569,51312,MOUNTAINS COMMUNITY HOSPITAL,29101 HOSPITAL ROAD,LAKE ARROWHEAD,CA,92352,SAN BERNARDINO,9093363651,Critical Access Hospitals,Government - Hospital District or Authority
570,51314,KERN VALLEY HEALTHCARE DISTRICT,6412 LAUREL AVE,LAKE ISABELLA,CA,93240,KERN,7603792681,Critical Access Hospitals,Government - Hospital District or Authority
571,51315,TRINITY HOSPITAL,60 EASTER AVENUE,WEAVERVILLE,CA,96093,TRINITY,5306235541,Critical Access Hospitals,Government - Hospital District or Authority
572,51316,FAIRCHILD MEDICAL CENTER,444 BRUCE STREET,YREKA,CA,96097,SISKIYOU,5308424121,Critical Access Hospitals,Voluntary non-profit - Other
573,51317,ST HELENA HOSPITAL-CLEARLAKE,15630 18TH AVE - HWY 53,CLEARLAKE,CA,95422,LAKE,7079946486,Critical Access Hospitals,Voluntary non-profit - Church
574,51318,REDWOOD MEMORIAL HOSPITAL,3300 RENNER DRIVE,FORTUNA,CA,95540,HUMBOLDT,7074458121,Critical Access Hospitals,Voluntary non-profit - Private
575,51319,MERCY MEDICAL CENTER MT SHASTA,914 PINE STREET,MOUNT SHASTA,CA,96067,SISKIYOU,5309266111,Critical Access Hospitals,Voluntary non-profit - Other
576,51320,BANNER LASSEN MEDICAL CENTER,1800 SPRING RIDGE DRIVE,SUSANVILLE,CA,96130,LASSEN,5302522000,Critical Access Hospitals,Voluntary non-profit - Private
577,51321,HEALDSBURG DISTRICT HOSPITAL,1375 UNIVERSITY AVENUE,HEALDSBURG,CA,95448,SONOMA,7074316500,Critical Access Hospitals,Government - Hospital District or Authority
578,51323,COLORADO RIVER MEDICAL CENTER,1401 BAILEY AVE,NEEDLES,CA,92363,SAN BERNARDINO,7603264531,Critical Access Hospitals,Voluntary non-profit - Private
579,51324,NORTHERN INYO HOSPITAL,150 PIONEER LANE,BISHOP,CA,93514,INYO,7608735811,Critical Access Hospitals,Government - Hospital District or Authority
580,51325,MENDOCINO COAST DISTRICT HOSPITAL,700 RIVER DR,FORT BRAGG,CA,95437,MENDOCINO,7079611234,Critical Access Hospitals,Government - Hospital District or Authority
581,51326,PLUMAS DISTRICT HOSPITAL,1065 BUCKS LAKE ROAD,QUINCY,CA,95971,PLUMAS,5302832121,Critical Access Hospitals,Government - Hospital District or Authority
582,51327,SENECA DISTRICT HOSPITAL,130 BRENTWOOD DRIVE,CHESTER,CA,96020,PLUMAS,5302582121,Critical Access Hospitals,Government - Hospital District or Authority
583,51328,TAHOE FOREST HOSPITAL,10121 PINE AVE,TRUCKEE,CA,96161,NEVADA,5305876011,Critical Access Hospitals,Government - Hospital District or Authority
584,51329,SUTTER LAKESIDE HOSPITAL,5176 HILL ROAD EAST,LAKEPORT,CA,95453,LAKE,7072625000,Critical Access Hospitals,Voluntary non-profit - Private
585,51330,MODOC MEDICAL CENTER,228 W MCDOWELL AVE,ALTURAS,CA,96101,MODOC,5302335131,Critical Access Hospitals,Government - Hospital District or Authority
586,51331,SANTA YNEZ VALLEY COTTAGE HOSPITAL,2050 VIBORG RD,SOLVANG,CA,93463,SANTA BARBARA,8056886431,Critical Access Hospitals,Voluntary non-profit - Private
587,51332,MARK TWAIN MEDICAL CENTER,768 MOUNTAIN RANCH RD,SAN ANDREAS,CA,95249,CALAVERAS,2097542515,Critical Access Hospitals,Voluntary non-profit - Other
588,51333,RIDGECREST REGIONAL HOSPITAL,1081 NORTH CHINA LAKE BLVD,RIDGECREST,CA,93555,KERN,7604463551,Critical Access Hospitals,Voluntary non-profit - Private
589,51334,OJAI VALLEY COMMUNITY HOSPITAL,1306 MARICOPA HWY,OJAI,CA,93023,VENTURA,8056402280,Critical Access Hospitals,Voluntary non-profit - Private
590,51335,BEAR VALLEY COMMUNITY HOSPITAL,41870 GARSTIN DR,BIG BEAR LAKE,CA,92315,SAN BERNARDINO,9098666501,Critical Access Hospitals,Government - Hospital District or Authority
591,53300,VALLEY CHILDREN'S HOSPITAL,9300 VALLEY CHILDRENS PLACE,MADERA,CA,93636,FRESNO,5593535116,Childrens,Voluntary non-profit - Private
592,53301,CHILDREN'S HOSPITAL & RESEARCH CENTER OAKLAND,747 52ND STREET,OAKLAND,CA,94609,ALAMEDA,5104283000,Childrens,Voluntary non-profit - Private
593,53302,CHILDREN'S HOSP OF LOS ANGELES,4650 SUNSET BLVD,LOS ANGELES,CA,90027,LOS ANGELES,3236692164,Childrens,Voluntary non-profit - Private
594,53303,RADY CHILDREN'S HOSPITAL - SAN DIEGO,3020 CHILDRENS WAY,SAN DIEGO,CA,92123,SAN DIEGO,8585761700,Childrens,Voluntary non-profit - Other
595,53304,CHILDREN'S HOSPITAL OF ORANGE COUNTY,1201 W LA VETA AVE,ORANGE,CA,92868,ORANGE,7149973000,Childrens,Voluntary non-profit - Other
596,53305,LUCILE SALTER PACKARD CHILDREN'S HSP AT STANFORD,725 WELCH ROAD,PALO ALTO,CA,94304,SANTA CLARA,6504978000,Childrens,Voluntary non-profit - Private
597,53306,CHILDREN'S HOSPITAL AT MISSION,"27700 MEDICAL CENTER RD, 5TH FLOOR",MISSION VIEJO,CA,92691,ORANGE,9493652408,Childrens,Voluntary non-profit - Private
598,53308,HEALTHBRIDGE CHILDREN'S HOSPITAL - ORANGE,393 S TUSTIN STREET,ORANGE,CA,92866,ORANGE,7142892400,Childrens,Proprietary
599,53309,MILLER CHILDREN'S HOSPITAL,2801 ATLANTIC AVENUE,LONG BEACH,CA,90806,LOS ANGELES,5629338001,Childrens,Voluntary non-profit - Other
600,53310,SHRINERS HOSPITALS FOR CHILDREN,3160 GENEVA STREET,LOS ANGELES,CA,90020,LOS ANGELES,2133883151,Childrens,Voluntary non-profit - Private
601,53311,SHRINERS HOSPITALS FOR CHILDREN NORTHERN CALIF,2425 STOCKTON BOULEVARD,SACRAMENTO,CA,95817,SACRAMENTO,9164532000,Childrens,Voluntary non-profit - Private
