,Provider ID,Cleanliness,Nurse_com,Doc_com,Staff_responsiveness,Pain_management,Comm_medicine,Discharge_info,Care_transition,Overall_Hos_Rating,Quietness,Recomm_hos,Summary_star,Hospital Name,Address,City,State,County Name
0,50002,2,2,2,2,2,2,2,1,2,2,2,2,ST ROSE HOSPITAL,27200 CALAROGA AVE,HAYWARD,CA,ALAMEDA
1,50006,2,2,2,2,3,2,3,2,2,1,3,2,ST JOSEPH HOSPITAL,2700 DOLBEER ST,EUREKA,CA,HUMBOLDT
2,50007,3,4,3,3,4,3,3,4,5,3,5,4,MILLS-PENINSULA MEDICAL CENTER,1501 TROUSDALE DRIVE,BURLINGAME,CA,SAN MATEO
3,50008,2,2,3,2,3,2,2,2,3,1,3,2,CALIFORNIA PACIFIC MEDICAL CTR-DAVIES CAMPUS HOSP,601 DUBOCE AVE,SAN FRANCISCO,CA,SAN FRANCISCO
4,50009,2,3,3,3,3,3,3,2,3,1,3,3,QUEEN OF THE VALLEY MEDICAL CENTER,1000 TRANCAS ST,NAPA,CA,NAPA
5,50013,2,3,3,3,4,3,3,3,3,1,3,3,ST HELENA HOSPITAL,10 WOODLAND ROAD,SAINT HELENA,CA,NAPA
6,50014,4,4,3,3,4,3,3,3,3,3,3,3,SUTTER AMADOR HOSPITAL,200 MISSION BLVD,JACKSON,CA,AMADOR
7,50017,3,3,3,3,4,3,4,4,4,3,4,3,MERCY GENERAL HOSPITAL,4001 J ST,SACRAMENTO,CA,SACRAMENTO
8,50018,3,3,2,2,2,3,3,3,2,1,3,3,PACIFIC ALLIANCE MEDICAL CENTER,531 W COLLEGE ST,LOS ANGELES,CA,LOS ANGELES
9,50022,1,2,2,1,3,2,2,2,2,1,2,2,RIVERSIDE COMMUNITY HOSPITAL,4445 MAGNOLIA AVENUE,RIVERSIDE,CA,RIVERSIDE
10,50024,2,2,1,2,3,2,2,2,2,3,2,2,PARADISE VALLEY HOSPITAL,2400 EAST 4TH ST,NATIONAL CITY,CA,SAN DIEGO
11,50025,2,3,3,3,3,3,4,4,4,2,4,3,UC SAN DIEGO HEALTH HILLCREST - HILLCREST MED CTR,200 WEST ARBOR DRIVE,SAN DIEGO,CA,SAN DIEGO
12,50026,3,3,3,3,4,3,4,4,4,2,4,3,GROSSMONT HOSPITAL,5555 GROSSMONT CENTER DRIVE BOX 58,LA MESA,CA,SAN DIEGO
13,50028,3,4,3,4,4,2,3,4,3,2,3,3,MAD RIVER COMMUNITY HOSPITAL,3800 JANES RD,ARCATA,CA,HUMBOLDT
14,50030,1,2,1,1,2,1,2,1,1,1,1,1,OROVILLE HOSPITAL,2767 OLIVE HIGHWAY,OROVILLE,CA,BUTTE
15,50036,3,2,2,2,3,3,2,2,3,2,3,2,BAKERSFIELD MEMORIAL HOSPITAL,420 34TH ST,BAKERSFIELD,CA,KERN
16,50038,1,2,3,2,3,2,2,2,2,1,2,2,SANTA CLARA VALLEY MEDICAL CENTER,751 SOUTH BASCOM AVENUE,SAN JOSE,CA,SANTA CLARA
17,50039,3,4,3,4,4,4,4,4,5,3,4,4,ENLOE MEDICAL CENTER,1531 ESPLANADE,CHICO,CA,BUTTE
18,50040,2,3,4,2,4,3,3,4,4,1,4,3,LAC/OLIVE VIEW-UCLA MEDICAL CENTER,14445 OLIVE VIEW DRIVE,SYLMAR,CA,LOS ANGELES
19,50042,3,4,3,4,4,4,3,4,3,1,3,3,ST ELIZABETH COMMUNITY HOSPITAL,2550 SISTER MARY COLUMBA DRIVE,RED BLUFF,CA,TEHAMA
20,50043,2,2,3,2,3,3,3,3,3,3,4,3,ALTA BATES SUMMIT MEDICAL CENTER,350 HAWTHORNE AVENUE,OAKLAND,CA,ALAMEDA
21,50045,3,2,2,2,3,3,2,4,2,1,2,2,EL CENTRO REGIONAL MEDICAL CENTER,1415 ROSS AVENUE,EL CENTRO,CA,IMPERIAL
22,50047,2,2,3,3,3,2,2,3,3,1,3,3,CALIFORNIA PACIFIC MEDICAL CTR-PACIFIC CAMPUS HOSP,2333 BUCHANAN STREET,SAN FRANCISCO,CA,SAN FRANCISCO
23,50054,3,2,1,2,3,2,3,2,2,1,2,2,SAN GORGONIO MEMORIAL HOSPITAL,600 NORTH HIGHLAND SPRINGS AVENUE,BANNING,CA,RIVERSIDE
24,50055,2,2,3,2,2,2,3,3,2,2,2,2,CALIFORNIA PACIFIC MEDICAL CTR - ST. LUKE'S CAMPUS,3555 CESAR CHAVEZ STREET,SAN FRANCISCO,CA,SAN FRANCISCO
25,50056,1,2,1,1,2,2,1,1,1,1,1,1,ANTELOPE VALLEY HOSPITAL,1600 W AVE J,LANCASTER,CA,LOS ANGELES
26,50057,2,3,3,3,3,3,3,2,3,2,3,3,KAWEAH DELTA MEDICAL CENTER,400 W MINERAL KING AVE,VISALIA,CA,TULARE
27,50058,2,2,3,2,3,3,3,4,3,2,2,3,GLENDALE MEM HOSPITAL & HLTH CENTER,1420 S CENTRAL AVE,GLENDALE,CA,LOS ANGELES
28,50060,2,3,3,2,3,3,4,2,3,2,3,3,COMMUNITY REGIONAL MEDICAL CENTER,2823 FRESNO STREET,FRESNO,CA,FRESNO
29,50063,1,1,1,1,1,2,1,2,1,1,1,1,HOLLYWOOD PRESBYTERIAN MEDICAL CENTER,1300 N VERMONT AVE,LOS ANGELES,CA,LOS ANGELES
30,50067,3,2,1,3,2,1,3,3,2,1,2,2,OAK VALLEY HOSPITAL DISTRICT,350 S OAK AVE,OAKDALE,CA,STANISLAUS
31,50069,3,4,3,3,4,4,4,4,5,3,4,4,ST JOSEPH HOSPITAL,1100 WEST STEWART DR,ORANGE,CA,ORANGE
32,50070,2,3,4,3,4,2,3,4,3,1,4,3,KAISER FOUNDATION HOSPITAL - SOUTH SAN FRANCISCO,1200 EL CAMINO REAL,SOUTH SAN FRANCISCO,CA,SAN MATEO
33,50071,3,3,4,2,4,3,3,4,4,2,4,3,KAISER FOUNDATION HOSPITAL-SANTA CLARA,700 LAWRENCE EXPRESSWAY,SANTA CLARA,CA,SANTA CLARA
34,50072,3,3,3,2,4,3,3,3,3,1,4,3,KAISER FOUNDATION HOSPITAL - WALNUT CREEK,1425 S MAIN STREET,WALNUT CREEK,CA,CONTRA COSTA
35,50073,3,3,4,2,3,3,4,4,3,2,4,3,KAISER FOUNDATION HOSPITAL AND REHAB CENTER,975 SERENO DR,VALLEJO,CA,SOLANO
36,50075,2,2,3,2,3,2,3,3,3,2,4,3,KAISER FOUNDATION HOSPITAL - OAKLAND/RICHMOND,275 W MACARTHUR BOULEVARD,OAKLAND,CA,ALAMEDA
37,50076,2,3,3,3,4,3,3,4,3,1,4,3,KAISER FOUNDATION HOSPITAL - SAN FRANCISCO,2425 GEARY BLVD,SAN FRANCISCO,CA,SAN FRANCISCO
38,50077,2,2,3,2,3,2,2,3,2,1,3,2,SCRIPPS MERCY HOSPITAL,4077 5TH AVE,SAN DIEGO,CA,SAN DIEGO
39,50078,3,4,3,3,3,3,3,4,3,2,3,3,PROVIDENCE LITTLE CO OF MARY MED CTR SAN PEDRO,1300 W 7TH ST,SAN PEDRO,CA,LOS ANGELES
40,50082,2,3,3,2,3,2,3,3,3,2,3,3,ST JOHNS REGIONAL MEDICAL CENTER,1600 N ROSE AVE,OXNARD,CA,VENTURA
41,50084,1,2,2,2,3,2,3,3,2,1,2,2,ST JOSEPH'S MEDICAL CENTER OF STOCKTON,1800 N CALIFORNIA ST,STOCKTON,CA,SAN JOAQUIN
42,50089,1,2,2,2,3,4,2,3,2,2,2,2,COMMUNITY HOSPITAL OF SAN BERNARDINO,1805 MEDICAL CENTER DRIVE,SAN BERNARDINO,CA,SAN BERNARDINO
43,50090,3,3,3,4,3,2,4,2,3,3,3,3,SONOMA VALLEY HOSPITAL,347 ANDRIEUX ST,SONOMA,CA,SONOMA
44,50091,2,2,1,2,2,2,2,1,2,1,2,2,COMMUNITY HOSPITAL OF HUNTINGTON PARK,2623 E SLAUSON AVE,HUNTINGTON PARK,CA,LOS ANGELES
45,50093,2,2,2,2,3,2,2,2,3,2,3,2,SAINT AGNES MEDICAL CENTER,1303 E HERNDON AVE,FRESNO,CA,FRESNO
46,50096,Not Available,Not Available,Not Available,Not Available,Not Available,Not Available,Not Available,Not Available,Not Available,Not Available,Not Available,Not Available,"WEST COVINA MEDICAL CENTER, INC",725 S ORANGE AVE,WEST COVINA,CA,LOS ANGELES
47,50099,2,3,3,2,4,3,3,2,3,1,3,3,SAN ANTONIO REGIONAL HOSPITAL,999 SAN BERNARDINO ROAD,UPLAND,CA,SAN BERNARDINO
48,50100,3,4,3,4,4,3,4,4,5,4,5,4,SHARP MEMORIAL HOSPITAL,7901 FROST ST,SAN DIEGO,CA,SAN DIEGO
49,50101,2,3,2,2,3,3,3,2,2,2,2,2,SUTTER SOLANO MEDICAL CENTER,300 HOSPITAL DR,VALLEJO,CA,SOLANO
50,50102,1,2,1,1,2,1,2,2,1,1,1,1,PARKVIEW COMMUNITY HOSPITAL MEDICAL CENTER,3865 JACKSON STREET,RIVERSIDE,CA,RIVERSIDE
51,50103,2,3,3,2,3,2,3,2,4,2,3,3,WHITE MEMORIAL MEDICAL CENTER,1720 E CESAR AVENUE,LOS ANGELES,CA,LOS ANGELES
52,50104,1,2,1,1,2,2,1,2,1,2,2,2,SAINT FRANCIS MEDICAL CENTER,3630 EAST IMPERIAL HIGHWAY,LYNWOOD,CA,LOS ANGELES
53,50107,3,3,3,3,3,4,4,4,3,3,4,3,MARIAN REGIONAL MEDICAL CENTER,1400 E CHURCH ST,SANTA MARIA,CA,SANTA BARBARA
54,50108,3,3,3,2,4,3,3,4,4,2,4,3,"SUTTER MEDICAL CENTER, SACRAMENTO",2825 CAPITOL AVENUE,SACRAMENTO,CA,SACRAMENTO
55,50110,3,2,1,2,3,2,4,2,2,2,2,2,LOMPOC VALLEY MEDICAL CENTER,1515 E OCEAN AVENUE,LOMPOC,CA,SANTA BARBARA
56,50112,3,4,4,4,4,3,3,4,5,3,5,4,SANTA MONICA - UCLA MED CTR & ORTHOPAEDIC HOSPITAL,1250 16TH STREET,SANTA MONICA,CA,LOS ANGELES
57,50113,3,2,3,1,3,3,2,4,3,1,3,3,SAN MATEO MEDICAL CENTER,222 W 39TH AVE,SAN MATEO,CA,SAN MATEO
58,50115,2,3,3,2,4,3,3,4,4,2,4,3,PALOMAR HEALTH DOWNTOWN CAMPUS,555 E VALLEY PARKWAY,ESCONDIDO,CA,SAN DIEGO
59,50116,2,2,2,2,3,3,3,2,2,1,3,2,NORTHRIDGE HOSPITAL MEDICAL CENTER,18300 ROSCOE BLVD,NORTHRIDGE,CA,LOS ANGELES
60,50118,2,3,4,3,4,4,3,3,3,2,3,3,DOCTORS HOSPITAL OF MANTECA,1205 E NORTH STREET,MANTECA,CA,SAN JOAQUIN
61,50121,3,3,3,2,4,3,3,2,3,2,3,3,ADVENTIST MEDICAL CENTER,115 MALL DRIVE,HANFORD,CA,KINGS
62,50122,2,2,2,1,2,2,3,2,2,1,2,2,DAMERON HOSPITAL,525 WEST ACACIA STREET,STOCKTON,CA,SAN JOAQUIN
63,50124,2,2,2,2,3,2,1,2,2,1,2,2,USC VERDUGO HILLS HOSPITAL,1812 VERDUGO BLVD,GLENDALE,CA,LOS ANGELES
64,50125,2,2,1,2,3,2,2,2,2,1,2,2,REGIONAL MEDICAL CENTER OF SAN JOSE,225 N JACKSON AVENUE,SAN JOSE,CA,SANTA CLARA
65,50126,3,2,1,2,3,3,3,3,3,2,3,3,VALLEY PRESBYTERIAN HOSPITAL,15107 VANOWEN ST,VAN NUYS,CA,LOS ANGELES
66,50127,3,3,3,2,3,4,3,4,3,1,3,3,WOODLAND MEMORIAL HOSPITAL,1325 COTTONWOOD STREET,WOODLAND,CA,YOLO
67,50128,2,2,2,2,3,3,3,2,2,1,2,2,TRI-CITY MEDICAL CENTER,4002 VISTA WAY,OCEANSIDE,CA,SAN DIEGO
68,50129,2,3,2,2,3,3,2,3,3,2,3,3,ST BERNARDINE MEDICAL CENTER,2101 N WATERMAN AVE,SAN BERNARDINO,CA,SAN BERNARDINO
69,50131,3,4,4,3,4,3,3,4,4,3,4,4,NOVATO COMMUNITY HOSPITAL,180 ROWLAND WAY,NOVATO,CA,MARIN
70,50132,2,3,2,2,3,3,3,1,3,2,2,2,SAN GABRIEL VALLEY MEDICAL CENTER,438 W LAS TUNAS DRIVE,SAN GABRIEL,CA,LOS ANGELES
71,50133,1,2,1,1,2,3,1,1,1,1,1,1,RIDEOUT MEMORIAL HOSPITAL,726 4TH ST,MARYSVILLE,CA,YUBA
72,50135,1,1,1,1,1,1,1,1,1,1,1,1,SOUTHERN CALIFORNIA HOSPITAL AT HOLLYWOOD,6245 DE LONGPRE AVE,HOLLYWOOD,CA,LOS ANGELES
73,50136,2,2,2,2,3,2,4,2,3,2,3,2,PETALUMA VALLEY HOSPITAL,400 N MCDOWELL BLVD,PETALUMA,CA,SONOMA
74,50137,3,3,3,2,4,3,2,4,4,3,4,3,KAISER FOUNDATION HOSPITAL - PANORAMA CITY,13652 CANTARA ST,PANORAMA CITY,CA,LOS ANGELES
75,50138,3,3,3,3,3,3,3,4,4,2,4,3,KAISER FOUNDATION HOSPITAL - LOS ANGELES,4867 SUNSET BLVD,LOS ANGELES,CA,LOS ANGELES
76,50139,3,3,3,2,3,3,3,4,4,3,3,3,KAISER FOUNDATION HOSPITAL - DOWNEY,9333 IMPERIAL HIGHWAY,DOWNEY,CA,LOS ANGELES
77,50140,3,3,3,3,4,3,3,4,4,3,4,3,KAISER FOUNDATION HOSPITAL FONTANA,9961 SIERRA AVE,FONTANA,CA,SAN BERNARDINO
78,50145,4,4,4,3,3,3,3,4,4,3,5,4,COMMUNITY HOSPITAL OF THE MONTEREY PENINSULA,23625 W R HOLMAN HIGHWAY,MONTEREY,CA,MONTEREY
79,50149,1,2,1,1,2,3,2,2,2,1,2,2,CALIFORNIA HOSPITAL MEDICAL CENTER LA,1401 SOUTH GRAND AVENUE,LOS ANGELES,CA,LOS ANGELES
80,50150,3,3,3,2,4,4,4,3,2,2,2,3,SIERRA NEVADA MEMORIAL HOSPITAL,155 GLASSON WAY,GRASS VALLEY,CA,NEVADA
81,50152,2,2,3,2,3,2,3,4,3,1,3,3,SAINT FRANCIS MEMORIAL HOSPITAL,900 HYDE ST,SAN FRANCISCO,CA,SAN FRANCISCO
82,50153,2,3,3,2,3,2,2,3,3,1,3,3,O'CONNOR HOSPITAL,2105 FOREST AVENUE,SAN JOSE,CA,SANTA CLARA
83,50158,3,3,3,3,4,3,2,2,3,1,2,3,ENCINO HOSPITAL MEDICAL CENTER,16237 VENTURA BLVD,ENCINO,CA,LOS ANGELES
84,50159,2,2,3,2,3,2,2,3,2,1,2,2,VENTURA COUNTY MEDICAL CENTER,300 HILLMONT AVENUE,VENTURA,CA,VENTURA
85,50167,1,2,2,1,2,2,2,2,2,1,2,2,SAN JOAQUIN GENERAL HOSPITAL,500 W HOSPITAL ROAD,FRENCH CAMP,CA,SAN JOAQUIN
86,50168,3,4,3,3,4,4,4,4,5,3,4,4,ST JUDE MEDICAL CENTER,101 E VALENCIA MESA DRIVE,FULLERTON,CA,ORANGE
87,50169,3,4,3,3,4,3,4,4,5,3,5,4,PRESBYTERIAN INTERCOMMUNITY HOSPITAL,12401 WASHINGTON BLVD,WHITTIER,CA,LOS ANGELES
88,50174,2,2,3,2,3,2,4,2,3,1,3,3,SANTA ROSA MEMORIAL HOSPITAL,1165 MONTGOMERY DR,SANTA ROSA,CA,SONOMA
89,50179,2,2,1,2,3,3,3,2,2,1,2,2,EMANUEL MEDICAL CENTER,825 DELBON AVE,TURLOCK,CA,STANISLAUS
90,50180,3,4,3,3,3,3,3,4,4,3,4,3,JOHN MUIR MEDICAL CENTER - WALNUT CREEK CAMPUS,1601 YGNACIO VALLEY RD,WALNUT CREEK,CA,CONTRA COSTA
91,50189,4,3,3,2,3,2,2,2,2,2,1,2,GEORGE L MEE MEMORIAL HOSPITAL,300 CANAL STREET,KING CITY,CA,MONTEREY
92,50191,3,2,2,1,3,3,3,2,2,1,2,2,ST MARY MEDICAL CENTER,1050 LINDEN AVE,LONG BEACH,CA,LOS ANGELES
93,50192,2,2,4,2,3,3,3,2,3,2,3,3,ADVENTIST MEDICAL CENTER - REEDLEY,372 W CYPRESS AVE,REEDLEY,CA,FRESNO
94,50194,3,2,3,2,3,2,3,2,3,2,2,2,WATSONVILLE COMMUNITY HOSPITAL,75 NIELSON STREET,WATSONVILLE,CA,SANTA CRUZ
95,50195,4,3,3,3,4,3,3,4,3,2,3,3,WASHINGTON HOSPITAL,2000 MOWRY AVE,FREMONT,CA,ALAMEDA
96,50197,3,4,4,3,4,3,3,4,4,3,4,4,SEQUOIA HOSPITAL,170 ALAMEDA DE LAS PULGAS,REDWOOD CITY,CA,SAN MATEO
97,50204,3,4,2,3,4,3,3,3,4,4,3,3,PALMDALE REGIONAL MEDICAL CENTER,38600 MEDICAL CENTER DRIVE,PALMDALE,CA,LOS ANGELES
98,50205,Not Available,Not Available,Not Available,Not Available,Not Available,Not Available,Not Available,Not Available,Not Available,Not Available,Not Available,Not Available,EAST VALLEY GLENDORA HOSPITAL,150 WEST ROUTE 66,GLENDORA,CA,LOS ANGELES
99,50211,3,2,3,2,3,2,2,2,3,1,2,2,ALAMEDA HOSPITAL,2070 CLINTON AVENUE,ALAMEDA,CA,ALAMEDA
100,50222,3,3,3,3,4,3,4,4,3,1,3,3,SHARP CHULA VISTA MEDICAL CENTER,751 MEDICAL CENTER COURT,CHULA VISTA,CA,SAN DIEGO
101,50224,3,3,3,2,4,3,3,4,4,3,4,3,HOAG MEMORIAL HOSPITAL PRESBYTERIAN,ONE HOAG DRIVE,NEWPORT BEACH,CA,ORANGE
102,50225,3,3,2,3,4,2,4,4,3,1,4,3,FEATHER RIVER HOSPITAL,5974 PENTZ ROAD,PARADISE,CA,BUTTE
103,50226,2,3,2,3,3,3,2,2,3,2,2,3,AHMC ANAHEIM REGIONAL MEDICAL CENTER,1111 W LA PALMA AVENUE,ANAHEIM,CA,ORANGE
104,50228,3,2,3,2,3,3,3,3,3,3,3,3,SAN FRANCISCO GENERAL HOSPITAL,1001 POTRERO AVENUE,SAN FRANCISCO,CA,SAN FRANCISCO
105,50230,1,2,2,2,3,2,2,1,2,2,2,2,GARDEN GROVE HOSPITAL & MEDICAL CENTER,12601 GARDEN GROVE BLVD,GARDEN GROVE,CA,ORANGE
106,50231,2,2,2,2,3,3,3,2,3,1,3,2,POMONA VALLEY HOSPITAL MEDICAL CENTER,1798 N GAREY AVE,POMONA,CA,LOS ANGELES
107,50232,2,4,3,3,4,4,5,4,4,1,4,4,FRENCH HOSPITAL MEDICAL CENTER,1911 JOHNSON AVE,SAN LUIS OBISPO,CA,SAN LUIS OBISPO
108,50234,4,4,4,4,4,4,4,4,4,4,4,4,SHARP CORONADO HOSPITAL AND HLTHCR CTR,250 PROSPECT PLACE,CORONADO,CA,SAN DIEGO
109,50235,3,3,3,2,4,2,2,3,4,2,4,3,PROVIDENCE SAINT JOSEPH MEDICAL CTR,501 SOUTH BUENA VISTA,BURBANK,CA,LOS ANGELES
110,50236,3,2,2,2,3,2,2,2,3,2,3,2,ADVENTIST HEALTH SIMI VALLEY,2975 N SYCAMORE DR,SIMI VALLEY,CA,VENTURA
111,50238,3,3,3,2,3,3,3,3,4,2,4,3,METHODIST HOSPITAL OF SOUTHERN CA,300 W HUNTINGTON DR,ARCADIA,CA,LOS ANGELES
112,50239,2,3,3,3,3,3,4,2,4,3,4,3,GLENDALE ADVENTIST MEDICAL CENTER,1509 E WILSON TERRACE,GLENDALE,CA,LOS ANGELES
113,50242,2,2,3,2,3,2,3,3,2,1,2,2,DOMINICAN HOSPITAL,1555 SOQUEL DRIVE,SANTA CRUZ,CA,SANTA CRUZ
114,50243,1,2,3,2,3,2,3,2,3,1,3,2,DESERT REGIONAL MEDICAL CENTER,1150 NORTH INDIAN CANYON DRIVE,PALM SPRINGS,CA,RIVERSIDE
115,50245,1,3,2,2,3,3,2,3,3,2,3,3,ARROWHEAD REGIONAL MEDICAL CENTER,400 NORTH PEPPER AVENUE,COLTON,CA,SAN BERNARDINO
116,50248,2,2,3,2,3,4,4,2,3,1,3,3,NATIVIDAD MEDICAL CENTER,1441 CONSTITUTION BOULEVARD,SALINAS,CA,MONTEREY
117,50254,4,4,4,4,4,4,2,4,4,2,4,4,MARSHALL MEDICAL CENTER,1100 MARSHALL WAY,PLACERVILLE,CA,EL DORADO
118,50257,2,2,1,2,2,2,2,1,1,1,2,2,GOOD SAMARITAN HOSPITAL,901 OLIVE DRIVE,BAKERSFIELD,CA,KERN
119,50261,2,3,3,2,3,3,3,2,3,2,2,3,SIERRA VIEW MEDICAL CENTER,465 W PUTNAM AVE,PORTERVILLE,CA,TULARE
120,50262,3,4,4,4,4,4,4,5,5,3,5,4,RONALD REAGAN U C L A MEDICAL CENTER,757 WESTWOOD PLAZA,LOS ANGELES,CA,LOS ANGELES
121,50272,3,3,3,3,4,3,3,3,4,2,4,3,REDLANDS COMMUNITY HOSPITAL,350 TERRACINA BLVD,REDLANDS,CA,SAN BERNARDINO
122,50276,2,2,3,2,2,3,4,2,2,1,3,2,CONTRA COSTA REGIONAL MEDICAL CENTER,2500 ALHAMBRA AVENUE,MARTINEZ,CA,CONTRA COSTA
123,50278,3,3,3,4,4,3,3,4,4,2,4,3,PROVIDENCE HOLY CROSS MEDICAL CENTER,15031 RINALDI ST,MISSION HILLS,CA,LOS ANGELES
124,50279,2,3,1,3,2,2,2,1,3,3,2,2,HI-DESERT MEDICAL CENTER,6601 WHITE FEATHER ROAD,JOSHUA TREE,CA,SAN BERNARDINO
125,50280,2,3,2,2,3,3,4,3,2,1,3,3,MERCY MEDICAL CENTER REDDING,"2175 ROSALINE AVE, CLAIRMONT HGTS",REDDING,CA,SHASTA
126,50281,3,2,2,2,3,3,3,1,3,2,2,2,ALHAMBRA HOSPITAL MEDICAL CENTER,100 S RAYMOND AVE,ALHAMBRA,CA,LOS ANGELES
127,50283,3,4,3,3,4,3,4,4,4,2,4,4,STANFORD HEALTH CARE - VALLEYCARE,5555 WEST LAS POSITAS BOULEVARD,PLEASANTON,CA,ALAMEDA
128,50289,3,2,2,2,2,2,4,3,2,2,2,2,SETON MEDICAL CENTER,1900 SULLIVAN AVENUE,DALY CITY,CA,SAN MATEO
129,50290,3,3,3,2,4,2,2,3,4,3,4,3,PROVIDENCE SAINT JOHN'S HEALTH CENTER,2121 SANTA MONICA BLVD,SANTA MONICA,CA,LOS ANGELES
130,50291,3,4,3,4,4,3,4,4,4,3,4,4,SUTTER SANTA ROSA REGIONAL HOSPITAL,30 MARK WEST SPRINGS ROAD,SANTA ROSA,CA,SONOMA
131,50292,1,1,1,1,1,1,2,1,1,1,1,1,RIVERSIDE UNIVERSITY HEALTH SYSTEM-MEDICAL CENTER,26520 CACTUS AVENUE,MORENO VALLEY,CA,RIVERSIDE
132,50295,2,2,2,2,3,3,2,2,2,1,3,2,MERCY HOSPITAL,2215 TRUXTUN AVENUE,BAKERSFIELD,CA,KERN
133,50296,3,2,3,2,3,3,4,2,2,2,2,3,HAZEL HAWKINS MEMORIAL HOSPITAL,911 SUNSET DRIVE,HOLLISTER,CA,SAN BENITO
134,50298,2,3,2,2,4,2,3,2,3,3,2,3,BARSTOW COMMUNITY HOSPITAL,820 E MOUNTAIN VIEW STREET,BARSTOW,CA,SAN BERNARDINO
135,50300,1,2,3,2,3,2,3,2,2,1,3,2,ST MARY MEDICAL CENTER,18300 HIGHWAY 18,APPLE VALLEY,CA,SAN BERNARDINO
136,50301,2,3,3,3,3,2,4,3,3,1,2,3,UKIAH VALLEY MEDICAL CENTER,275 HOSPITAL DRIVE,UKIAH,CA,MENDOCINO
137,50305,1,2,2,1,3,2,2,2,2,1,2,2,ALTA BATES SUMMIT MEDICAL CENTER - ALTA BATES CAMP,2450 ASHBY AVENUE,BERKELEY,CA,ALAMEDA
138,50308,3,4,3,3,4,4,3,4,4,3,4,4,EL CAMINO HOSPITAL,2500 GRANT ROAD,MOUNTAIN VIEW,CA,SANTA CLARA
139,50309,2,3,3,3,3,2,2,3,3,2,4,3,SUTTER ROSEVILLE MEDICAL CENTER,ONE MEDICAL PLAZA,ROSEVILLE,CA,PLACER
140,50313,3,3,3,2,4,2,3,4,3,2,3,3,SUTTER TRACY COMMUNITY HOSPITAL,1420 NORTH TRACY BLVD,TRACY,CA,SAN JOAQUIN
141,50315,1,2,3,2,2,2,1,2,2,1,2,2,KERN MEDICAL CENTER,1700 MOUNT VERNON AVENUE,BAKERSFIELD,CA,KERN
142,50320,2,2,3,2,3,3,2,2,3,3,3,3,HIGHLAND HOSPITAL,1411 E 31ST STREET,OAKLAND,CA,ALAMEDA
143,50324,3,4,3,3,4,3,3,4,4,3,4,3,SCRIPPS MEMORIAL HOSPITAL LA JOLLA,9888 GENESEE AVENUE,LA JOLLA,CA,SAN DIEGO
144,50327,1,3,3,2,3,3,4,3,4,1,4,3,LOMA LINDA UNIVERSITY MEDICAL CENTER,11234 ANDERSON ST,LOMA LINDA,CA,SAN BERNARDINO
145,50329,2,2,2,2,2,2,2,2,2,1,2,2,CORONA REGIONAL MEDICAL CENTER,800 SOUTH MAIN STREET,CORONA,CA,RIVERSIDE
146,50334,3,3,3,3,3,3,3,3,3,1,3,3,SALINAS VALLEY MEMORIAL HOSPITAL,450 EAST ROMIE LANE,SALINAS,CA,MONTEREY
147,50335,2,3,3,3,3,3,4,3,3,2,3,3,ADVENTIST HEALTH SONORA,1000 GREENLEY ROAD,SONORA,CA,TUOLUMNE
148,50336,2,3,2,2,3,3,3,2,3,3,3,3,LODI MEMORIAL HOSPITAL,975 S FAIRMONT AVENUE,LODI,CA,SAN JOAQUIN
149,50342,3,2,1,2,3,2,3,3,2,1,3,2,PIONEERS MEMORIAL HEALTHCARE DISTRICT,207 WEST LEGION ROAD,BRAWLEY,CA,IMPERIAL
150,50348,3,3,3,3,3,3,3,4,4,3,4,3,UNIVERSITY OF CALIFORNIA IRVINE MED CENTER,101 CITY DRIVE SOUTH,ORANGE,CA,ORANGE
151,50350,3,2,2,2,2,2,2,3,2,1,2,2,BEVERLY HOSPITAL,309 W BEVERLY BLVD,MONTEBELLO,CA,LOS ANGELES
152,50351,3,4,3,3,4,3,3,4,5,3,5,4,TORRANCE MEMORIAL MEDICAL CENTER,3330 LOMITA BLVD,TORRANCE,CA,LOS ANGELES
153,50352,4,4,4,4,3,4,4,4,4,3,4,4,BARTON MEMORIAL HOSPITAL,2170 SOUTH AVENUE,SOUTH LAKE TAHOE,CA,EL DORADO
154,50353,3,3,3,2,3,3,2,3,4,2,4,3,PROVIDENCE LITTLE COMPANY OF MARY MED CTR TORRANCE,4101 TORRANCE BLVD,TORRANCE,CA,LOS ANGELES
155,50357,4,4,4,4,4,4,5,5,5,4,5,4,GOLETA VALLEY COTTAGE HOSPITAL,351 S PATTERSON AVE,SANTA BARBARA,CA,SANTA BARBARA
156,50359,2,2,1,2,2,1,1,2,1,1,1,2,TULARE REGIONAL MEDICAL CENTER,869 NORTH CHERRY AVENUE,TULARE,CA,TULARE
157,50360,1,2,3,2,3,2,4,2,3,1,3,2,MARIN GENERAL HOSPITAL,"250 BON AIR ROAD, PO BOX 8010",GREENBRAE,CA,MARIN
158,50367,2,4,3,3,4,3,4,4,3,1,3,3,NORTHBAY MEDICAL CENTER,1200 B  GALE WILSON BLVD,FAIRFIELD,CA,SOLANO
159,50373,2,2,3,2,2,2,2,4,3,2,3,2,LAC+USC MEDICAL CENTER,"1200 N STATE ST, ROOM C2K100",LOS ANGELES,CA,LOS ANGELES
160,50376,1,2,3,2,3,3,2,3,3,1,3,2,LAC/HARBOR-UCLA MED CENTER,1000 W CARSON ST,TORRANCE,CA,LOS ANGELES
161,50378,2,2,2,1,2,2,2,1,2,1,2,2,PACIFICA HOSPITAL OF THE VALLEY,9449 SAN FERNANDO RD,SUN VALLEY,CA,LOS ANGELES
162,50380,2,2,3,2,3,2,3,2,3,1,3,2,GOOD SAMARITAN HOSPITAL,2425 SAMARITAN DRIVE,SAN JOSE,CA,SANTA CLARA
163,50382,3,2,2,3,3,3,3,2,3,2,3,3,CITRUS VALLEY MEDICAL CENTER-IC CAMPUS,210 W  SAN BERNARDINO ROAD,COVINA,CA,LOS ANGELES
164,50390,1,2,1,1,2,1,2,1,1,1,1,1,HEMET VALLEY MEDICAL CENTER,1117 EAST DEVONSHIRE,HEMET,CA,RIVERSIDE
165,50393,3,2,2,2,2,2,2,2,2,1,2,2,PIH HOSPITAL - DOWNEY,11500 BROOKSHIRE AVENUE,DOWNEY,CA,LOS ANGELES
166,50394,2,3,3,2,3,3,3,3,2,1,3,3,COMMUNITY MEMORIAL HOSPITAL SAN BUENAVENTURA,147 N BRENT ST,VENTURA,CA,VENTURA
167,50396,3,4,4,3,4,3,3,4,4,3,5,4,SANTA BARBARA COTTAGE HOSPITAL,400 WEST PUEBLO,SANTA BARBARA,CA,SANTA BARBARA
168,50397,Not Available,Not Available,Not Available,Not Available,Not Available,Not Available,Not Available,Not Available,Not Available,Not Available,Not Available,Not Available,COALINGA REGIONAL MEDICAL CENTER,1191 PHELPS AVENUE,COALINGA,CA,FRESNO
169,50407,3,3,2,4,2,3,4,3,3,2,2,3,CHINESE HOSPITAL,845 JACKSON ST,SAN FRANCISCO,CA,SAN FRANCISCO
170,50411,3,3,3,3,4,3,3,3,4,3,3,3,KAISER FOUNDATION HOSPITAL - SOUTH BAY,25825 SOUTH VERMONT AVENUE,HARBOR CITY,CA,LOS ANGELES
171,50414,2,3,3,2,3,3,3,4,3,2,3,3,MERCY HOSPITAL OF FOLSOM,1650 CREEKSIDE DRIVE,FOLSOM,CA,SACRAMENTO
172,50417,2,2,1,3,2,2,2,2,1,2,1,2,SUTTER COAST HOSPITAL,800 E WASHINGTON BLVD,CRESCENT CITY,CA,DEL NORTE
173,50423,Not Available,Not Available,Not Available,Not Available,Not Available,Not Available,Not Available,Not Available,Not Available,Not Available,Not Available,Not Available,PALO VERDE HOSPITAL,250 NORTH FIRST STREET,BLYTHE,CA,RIVERSIDE
174,50424,3,4,4,3,4,4,4,4,4,3,4,4,SCRIPPS GREEN HOSPITAL,10666 NORTH TORREY PINES ROAD,LA JOLLA,CA,SAN DIEGO
175,50425,2,2,3,2,3,2,3,3,3,1,3,3,KAISER FOUNDATION HOSPITAL - SACRAMENTO,2025 MORSE AVENUE,SACRAMENTO,CA,SACRAMENTO
176,50426,2,1,1,1,3,1,1,1,2,1,1,1,WEST ANAHEIM MEDICAL CENTER,3033 W ORANGE AVENUE,ANAHEIM,CA,ORANGE
177,50438,3,3,3,3,3,3,3,4,4,3,5,3,HUNTINGTON MEMORIAL HOSPITAL,100 W  CALIFORNIA BLVD,PASADENA,CA,LOS ANGELES
178,50441,3,4,3,3,3,3,4,4,4,1,4,3,STANFORD HEALTH CARE,300 PASTEUR DRIVE,STANFORD,CA,SANTA CLARA
179,50444,2,2,1,2,3,3,2,2,2,2,2,2,MERCY MEDICAL CENTER,333 MERCY AVENUE,MERCED,CA,MERCED
180,50454,4,4,4,4,4,3,4,4,5,3,5,4,UCSF MEDICAL CENTER,"505 PARNASSUS AVE, BOX 0296",SAN FRANCISCO,CA,SAN FRANCISCO
181,50455,1,2,3,2,3,2,2,3,3,2,3,2,ADVENTIST HEALTH BAKERSFIELD,2615 CHESTER AVENUE,BAKERSFIELD,CA,KERN
182,50457,3,2,3,1,3,4,3,2,2,1,3,3,ST MARY'S MEDICAL CENTER,450 STANYAN ST,SAN FRANCISCO,CA,SAN FRANCISCO
183,50464,2,3,3,2,3,3,3,2,3,1,3,3,DOCTORS MEDICAL CENTER,1441 FLORIDA AVENUE,MODESTO,CA,STANISLAUS
184,50468,1,1,1,1,1,1,1,1,1,1,1,1,MEMORIAL HOSPITAL OF GARDENA,1145 W REDONDO BEACH BLVD,GARDENA,CA,LOS ANGELES
185,50471,2,2,3,2,2,2,3,2,3,2,3,2,GOOD SAMARITAN HOSPITAL,1225 WILSHIRE BOULEVARD,LOS ANGELES,CA,LOS ANGELES
186,50481,1,2,2,2,3,2,2,2,3,1,3,2,WEST HILLS HOSPITAL & MEDICAL CENTER,7300 MEDICAL CENTER DR,WEST HILLS,CA,LOS ANGELES
187,50485,3,3,3,2,3,3,2,4,4,1,4,3,LONG BEACH MEMORIAL MEDICAL CENTER,2801 ATLANTIC AVE,LONG BEACH,CA,LOS ANGELES
188,50488,3,3,3,2,4,3,3,4,4,3,4,3,EDEN MEDICAL CENTER,20103 LAKE CHABOT ROAD,CASTRO VALLEY,CA,ALAMEDA
189,50492,3,3,3,2,4,3,4,3,4,3,4,3,CLOVIS COMMUNITY MEDICAL CENTER,2755 HERNDON AVE,CLOVIS,CA,FRESNO
190,50496,3,4,3,3,4,3,4,4,4,2,4,4,JOHN MUIR MEDICAL CENTER - CONCORD CAMPUS,2540 EAST ST,CONCORD,CA,CONTRA COSTA
191,50498,4,4,3,3,4,3,4,4,4,2,4,4,SUTTER AUBURN FAITH HOSPITAL,11815 EDUCATION STREET,AUBURN,CA,PLACER
192,50502,1,2,2,2,2,2,2,3,2,1,2,2,SAINT VINCENT MEDICAL CENTER,2131 W 3RD ST,LOS ANGELES,CA,LOS ANGELES
193,50503,2,3,3,2,3,2,2,3,3,1,3,3,SCRIPPS MEMORIAL HOSPITAL - ENCINITAS,354 SANTA FE DRIVE,ENCINITAS,CA,SAN DIEGO
194,50506,2,3,3,2,3,3,4,3,3,1,3,3,SIERRA VISTA REGIONAL MEDICAL CENTER,1010 MURRAY ST,SAN LUIS OBISPO,CA,SAN LUIS OBISPO
195,50510,3,4,4,4,4,3,4,4,3,1,4,4,KAISER FOUNDATION HOSPITAL,99 MONTECILLO RD,SAN RAFAEL,CA,MARIN
196,50512,3,2,4,2,4,2,3,4,3,1,3,3,KAISER FOUNDATION HOSPITAL - FREMONT,39400 PASEO PADRE PKWY,FREMONT,CA,ALAMEDA
197,50515,3,3,3,3,4,3,3,4,3,1,3,3,KAISER FOUNDATION HOSPITAL - SAN DIEGO,4647 ZION AVE,SAN DIEGO,CA,SAN DIEGO
198,50516,2,3,3,2,3,3,3,3,3,1,2,3,MERCY SAN JUAN MEDICAL CENTER,6501 COYLE AVE,CARMICHAEL,CA,SACRAMENTO
199,50517,2,1,1,1,1,1,2,1,1,1,1,1,VICTOR VALLEY GLOBAL MEDICAL CENTER,15248 11TH ST,VICTORVILLE,CA,SAN BERNARDINO
200,50523,2,2,2,2,3,2,2,3,2,1,2,2,SUTTER DELTA MEDICAL CENTER,3901 LONE TREE WAY,ANTIOCH,CA,CONTRA COSTA
201,50526,1,1,1,1,1,1,1,1,1,1,1,1,HUNTINGTON BEACH HOSPITAL,17772 BEACH BLVD,HUNTINGTON BEACH,CA,ORANGE
202,50528,4,3,2,4,3,2,3,2,2,1,2,3,MEMORIAL HOSPITAL LOS BANOS,520 WEST I ST,LOS BANOS,CA,MERCED
203,50534,3,3,3,3,3,3,2,2,3,1,2,3,JOHN F KENNEDY MEMORIAL HOSPITAL,47111 MONROE STREET,INDIO,CA,RIVERSIDE
204,50537,4,4,4,4,4,4,4,4,5,3,5,4,SUTTER DAVIS HOSPITAL,2000 SUTTER PLACE,DAVIS,CA,YOLO
205,50541,4,3,4,3,4,3,3,4,4,3,4,4,KAISER FOUNDATION HOSPITAL - REDWOOD CITY,1100 VETERANS BOULEVARD,REDWOOD CITY,CA,SAN MATEO
206,50543,Not Available,Not Available,Not Available,Not Available,Not Available,Not Available,Not Available,Not Available,Not Available,Not Available,Not Available,Not Available,COLLEGE HOSPITAL COSTA MESA,301 VICTORIA STREET,COSTA MESA,CA,ORANGE
207,50546,Not Available,Not Available,Not Available,Not Available,Not Available,Not Available,Not Available,Not Available,Not Available,Not Available,Not Available,Not Available,PORTERVILLE DEVELOPMENTAL CENTER,26501 AVENUE 140,PORTERVILLE,CA,TULARE
208,50547,Not Available,Not Available,Not Available,Not Available,Not Available,Not Available,Not Available,Not Available,Not Available,Not Available,Not Available,Not Available,SONOMA DEVELOPMENTAL CENTER,15000 ARNOLD DRIVE   /  P O BOX 1493,ELDRIDGE,CA,SONOMA
209,50548,Not Available,Not Available,Not Available,Not Available,Not Available,Not Available,Not Available,Not Available,Not Available,Not Available,Not Available,Not Available,FAIRVIEW DEVELOPMENTAL CENTER,2501 HARBOR BOULEVARD,COSTA MESA,CA,ORANGE
210,50549,2,2,3,2,3,2,3,2,3,3,3,3,LOS ROBLES HOSPITAL & MEDICAL CENTER,215 W JANSS RD,THOUSAND OAKS,CA,VENTURA
211,50551,1,3,3,2,3,3,3,2,2,1,2,2,LOS ALAMITOS MEDICAL CENTER,3751 KATELLA AVENUE,LOS ALAMITOS,CA,ORANGE
212,50552,Not Available,Not Available,Not Available,Not Available,Not Available,Not Available,Not Available,Not Available,Not Available,Not Available,Not Available,Not Available,MOTION PICTURE & TELEVISION HOSPITAL,23388 MULHOLLAND DRIVE,WOODLAND HILLS,CA,LOS ANGELES
213,50557,2,2,2,2,3,2,3,3,3,2,3,2,MEMORIAL MEDICAL CENTER,1700 COFFEE RD,MODESTO,CA,STANISLAUS
214,50561,2,3,3,3,3,3,2,3,4,3,3,3,KAISER FOUNDATION HOSPITAL - WEST LA,6041 CADILLAC AVE,LOS ANGELES,CA,LOS ANGELES
215,50567,3,3,3,3,4,3,4,3,4,3,4,3,MISSION HOSPITAL REGIONAL MED CENTER,27700 MEDICAL CENTER RD,MISSION VIEJO,CA,ORANGE
216,50568,3,2,1,2,2,2,3,2,2,1,2,2,MADERA COMMUNITY HOSPITAL,1250 E ALMOND AVE,MADERA,CA,MADERA
217,50570,2,2,1,2,3,3,3,1,2,1,2,2,FOUNTAIN VALLEY REGIONAL HOSPITAL & MEDICAL CENTER,17100 EUCLID STREET,FOUNTAIN VALLEY,CA,ORANGE
218,50573,3,3,3,3,4,3,3,4,4,2,4,3,EISENHOWER MEDICAL CENTER,39-000 BOB HOPE DRIVE,RANCHO MIRAGE,CA,RIVERSIDE
219,50580,2,2,2,3,3,3,2,2,3,2,3,2,LA PALMA INTERCOMMUNITY HOSPITAL,7901 WALKER STREET,LA PALMA,CA,ORANGE
220,50581,1,2,3,2,3,3,2,2,2,1,2,2,LAKEWOOD REGIONAL MEDICAL CENTER,3700 E SOUTH ST,LAKEWOOD,CA,LOS ANGELES
221,50586,2,3,3,2,3,3,2,2,3,2,3,3,CHINO VALLEY MEDICAL CENTER,5451 WALNUT AVE,CHINO,CA,SAN BERNARDINO
222,50588,3,2,2,1,3,2,3,2,2,2,2,2,SAN DIMAS COMMUNITY HOSPITAL,1350 W COVINA BLVD,SAN DIMAS,CA,LOS ANGELES
223,50589,3,3,2,2,3,2,3,2,3,1,3,2,PLACENTIA LINDA HOSPITAL,1301 N ROSE DRIVE,PLACENTIA,CA,ORANGE
224,50590,2,2,2,2,3,3,3,2,2,1,2,2,METHODIST HOSPITAL OF SACRAMENTO,7500 HOSPITAL DRIVE,SACRAMENTO,CA,SACRAMENTO
225,50597,3,4,4,4,4,4,2,3,4,2,4,4,FOOTHILL PRESBYTERIAN HOSPITAL,250 S GRAND AVE,GLENDORA,CA,LOS ANGELES
226,50599,2,3,3,2,3,3,3,4,3,1,4,3,UNIVERSITY OF CALIFORNIA DAVIS MEDICAL CENTER,2315 STOCKTON BOULEVARD,SACRAMENTO,CA,SACRAMENTO
227,50603,3,3,3,2,4,2,3,4,4,1,4,3,SADDLEBACK MEMORIAL MEDICAL CENTER,24451 HEALTH CENTER DRIVE,LAGUNA HILLS,CA,ORANGE
228,50604,3,3,3,2,4,3,3,4,3,1,3,3,KAISER FOUNDATION HOSPITAL-SAN JOSE,250 HOSPITAL PARKWAY,SAN JOSE,CA,SANTA CLARA
229,50608,3,2,3,2,3,2,3,2,3,1,2,2,DELANO REGIONAL MEDICAL CENTER,1401 GARCES HIGHWAY,DELANO,CA,KERN
230,50609,3,4,4,3,4,3,3,4,5,3,4,4,KAISER FOUNDATION HOSPITAL - ORANGE COUNTY - ANAHE,3440 E LA PALMA AVE,ANAHEIM,CA,ORANGE
231,50616,2,3,3,2,3,3,3,3,3,1,3,3,ST JOHNS PLEASANT VALLEY HOSPITAL,2309 ANTONIO AVE,CAMARILLO,CA,VENTURA
232,50624,3,3,3,3,3,3,2,3,3,1,3,3,HENRY MAYO NEWHALL  HOSPITAL,23845  MCBEAN PKWY,VALENCIA,CA,LOS ANGELES
233,50625,3,3,3,3,3,2,3,4,4,2,4,3,CEDARS-SINAI MEDICAL CENTER,8700 BEVERLY BLVD,LOS ANGELES,CA,LOS ANGELES
234,50633,2,4,3,3,4,4,4,2,3,2,2,3,TWIN CITIES COMMUNITY HOSPITAL,1100 LAS TABLAS RD,TEMPLETON,CA,SAN LUIS OBISPO
235,50636,2,4,3,3,4,3,4,4,3,1,3,3,POMERADO HOSPITAL,15615 POMERADO ROAD,POWAY,CA,SAN DIEGO
236,50641,3,2,1,2,2,2,2,1,2,2,2,2,EAST LOS ANGELES DOCTORS HOSPITAL,4060 WHITTIER BLVD,LOS ANGELES,CA,LOS ANGELES
237,50663,1,1,1,1,1,1,1,1,1,1,1,1,LOS ANGELES COMMUNITY HOSPITAL,4081 E OLYMPIC BLVD,LOS ANGELES,CA,LOS ANGELES
238,50668,Not Available,Not Available,Not Available,Not Available,Not Available,Not Available,Not Available,Not Available,Not Available,Not Available,Not Available,Not Available,LAGUNA HONDA HOSPITAL & REHABILITATION CENTER,375 LAGUNA HONDA BLVD,SAN FRANCISCO,CA,SAN FRANCISCO
239,50674,2,3,3,3,4,3,3,4,4,2,4,3,KAISER FOUNDATION HOSP SO SACRAMENTO,6600 BRUCEVILLE ROAD,SACRAMENTO,CA,SACRAMENTO
240,50677,4,4,4,4,4,4,3,4,4,2,4,4,KAISER FOUNDATION HOSPITAL - WOODLAND HILLS,5601 DE SOTO,WOODLAND HILLS,CA,LOS ANGELES
241,50678,3,3,3,3,3,3,3,4,3,1,3,3,ORANGE COAST MEMORIAL MEDICAL CENTER,9920 TALBERT AVENUE,FOUNTAIN VALLEY,CA,ORANGE
242,50684,1,1,1,1,2,1,2,1,1,1,1,1,MENIFEE VALLEY MEDICAL CENTER,28400 MCCALL B0ULEVARD,SUN CITY,CA,RIVERSIDE
243,50686,3,3,3,3,4,3,3,3,4,1,4,3,"KAISER FOUNDATION HOSPITAL, RIVERSIDE",10800 MAGNOLIA AVENUE,RIVERSIDE,CA,RIVERSIDE
244,50688,4,3,3,2,4,3,2,3,3,1,2,3,SAINT LOUISE REGIONAL HOSPITAL,9400 NO NAME UNO,GILROY,CA,SANTA CLARA
245,50689,1,2,3,2,3,2,3,2,2,2,3,2,SAN RAMON REGIONAL MEDICAL CTR,6001 NORRIS CANYON ROAD,SAN RAMON,CA,CONTRA COSTA
246,50690,3,4,3,3,4,3,4,4,4,2,4,4,KAISER FOUNDATION HOSPITAL-SANTA ROSA,401 BICENTENNIAL WAY,SANTA ROSA,CA,SONOMA
247,50696,3,3,3,2,3,3,3,4,4,3,4,3,KECK HOSPITAL OF USC,1500 SAN PABLO ST,LOS ANGELES,CA,LOS ANGELES
248,50697,Not Available,Not Available,Not Available,Not Available,Not Available,Not Available,Not Available,Not Available,Not Available,Not Available,Not Available,Not Available,PATIENTS' HOSPITAL OF REDDING,2900 EUREKA WAY,REDDING,CA,SHASTA
249,50701,1,2,2,2,3,2,3,2,3,2,2,2,SOUTHWEST HEALTHCARE SYSTEM,25500 MEDICAL CENTER DRIVE,MURRIETA,CA,RIVERSIDE
250,50704,2,2,2,2,2,2,2,1,2,1,1,2,MISSION COMMUNITY HOSPITAL,14850 ROSCOE BLVD,PANORAMA CITY,CA,LOS ANGELES
251,50708,5,5,4,5,5,5,5,5,5,5,5,5,FRESNO SURGICAL HOSPITAL,6125 NORTH FRESNO ST,FRESNO,CA,FRESNO
252,50709,2,2,1,2,2,2,2,1,2,2,2,2,DESERT VALLEY HOSPITAL,16850 BEAR VALLEY RD,VICTORVILLE,CA,SAN BERNARDINO
253,50710,2,3,3,3,4,3,3,4,4,2,4,3,KAISER FOUNDATION HOSPITAL - FRESNO,7300 NORTH FRESNO ST,FRESNO,CA,FRESNO
254,50714,3,4,3,4,4,3,4,4,5,4,5,4,SUTTER MATERNITY & SURGERY CENTER OF SANTA CRUZ,2900 CHANTICLEER AVENUE,SANTA CRUZ,CA,SANTA CRUZ
255,50717,2,3,3,3,3,2,4,5,3,1,4,3,LAC/RANCHO LOS AMIGOS NATIONAL REHABILITATION  CTR,7601 EAST IMPERIAL HIGHWAY,DOWNEY,CA,LOS ANGELES
256,50723,3,3,4,3,4,4,4,4,4,3,4,4,KAISER FOUNDATION HOSPITAL - BALDWIN PARK,1011 BALDWIN PARK BLVD,BALDWIN PARK,CA,LOS ANGELES
257,50724,3,3,3,3,3,2,3,4,4,2,4,3,BAKERSFIELD HEART HOSPITAL,3001 SILLECT AVENUE,BAKERSFIELD,CA,KERN
258,50726,5,5,5,5,5,5,5,5,5,5,5,5,STANISLAUS SURGICAL HOSPITAL,1421 OAKDALE ROAD,MODESTO,CA,STANISLAUS
259,50727,1,2,1,2,2,1,1,1,1,1,1,1,COMMUNITY HOSPITAL OF LONG BEACH,1720 TERMINO AVENUE,LONG BEACH,CA,LOS ANGELES
260,50735,2,2,2,2,3,3,2,1,2,1,2,2,WHITTIER HOSPITAL MEDICAL CENTER,9080 COLIMA RD,WHITTIER,CA,LOS ANGELES
261,50736,2,2,2,2,3,3,2,1,3,1,3,2,MONTEREY PARK HOSPITAL,900 S ATLANTIC BLVD,MONTEREY PARK,CA,LOS ANGELES
262,50737,1,2,2,2,3,2,2,1,2,1,2,2,GARFIELD MEDICAL CENTER,525 N GARFIELD AVE,MONTEREY PARK,CA,LOS ANGELES
263,50738,2,2,1,1,3,2,2,1,2,2,2,2,GREATER EL MONTE COMMUNITY HOSPITAL,1701 SANTA ANITA AVE,SOUTH EL MONTE,CA,LOS ANGELES
264,50739,1,2,1,2,2,2,1,2,2,1,1,2,CENTINELA HOSPITAL MEDICAL CENTER,555 EAST HARDY STREET,INGLEWOOD,CA,LOS ANGELES
265,50740,2,3,3,3,3,3,3,3,3,3,3,3,MARINA DEL REY HOSPITAL,4650 LINCOLN BLVD,MARINA DEL REY,CA,LOS ANGELES
266,50742,1,1,1,1,2,1,2,1,1,2,1,1,OLYMPIA MEDICAL CENTER,5900 WEST OLYMPIC BOULEVARD,LOS ANGELES,CA,LOS ANGELES
267,50744,2,2,2,2,2,3,2,1,2,1,1,2,ANAHEIM GLOBAL MEDICAL CENTER,1025 S ANAHEIM BLVD,ANAHEIM,CA,ORANGE
268,50745,2,2,2,1,3,1,2,1,2,2,1,2,CHAPMAN GLOBAL MEDICAL CENTER,2601 E CHAPMAN AVE,ORANGE,CA,ORANGE
269,50746,1,2,1,1,2,2,2,1,2,1,2,2,ORANGE COUNTY GLOBAL MEDICAL CENTER,1001 NORTH TUSTIN AVENUE,SANTA ANA,CA,ORANGE
270,50747,2,1,1,1,2,2,2,1,2,1,1,1,SOUTH COAST GLOBAL MEDICAL CENTER,2701 S BRISTOL ST,SANTA ANA,CA,ORANGE
271,50748,3,3,3,3,3,2,2,3,4,2,4,3,KAISER FOUNDATION HOSPITAL MANTECA,1777 WEST YOSEMITE AVE,MANTECA,CA,SAN JOAQUIN
272,50751,Not Available,Not Available,Not Available,Not Available,Not Available,Not Available,Not Available,Not Available,Not Available,Not Available,Not Available,Not Available,MIRACLE MILE MEDICAL CENTER,6000 SAN VICENTE BLVD,LOS ANGELES,CA,LOS ANGELES
273,50754,Not Available,Not Available,Not Available,Not Available,Not Available,Not Available,Not Available,Not Available,Not Available,Not Available,Not Available,Not Available,MENLO PARK SURGICAL HOSPITAL,570 WILLOW ROAD,MENLO PARK,CA,SAN MATEO
274,50755,2,1,1,1,1,2,1,1,1,1,1,1,SHERMAN OAKS HOSPITAL,4929 VAN NUYS BLVD,SHERMAN OAKS,CA,LOS ANGELES
275,50757,1,2,2,2,3,2,2,2,2,2,2,2,ALVARADO HOSPITAL MEDICAL CENTER,6655 ALVARADO ROAD,SAN DIEGO,CA,SAN DIEGO
276,50758,3,2,2,3,2,2,2,1,2,1,2,2,MONTCLAIR HOSPITAL MEDICAL CENTER,5000 SAN BERNARDINO ST,MONTCLAIR,CA,SAN BERNARDINO
277,50760,2,3,3,2,4,2,4,4,4,2,4,3,KAISER FOUNDATION HOSPITAL - ANTIOCH,4501 SAND CREEK ROAD,ANTIOCH,CA,CONTRA COSTA
278,50761,2,2,3,2,3,2,2,2,3,1,3,2,PROVIDENCE TARZANA MEDICAL CENTER,18321 CLARK STREET,TARZANA,CA,LOS ANGELES
279,50763,Not Available,Not Available,Not Available,Not Available,Not Available,Not Available,Not Available,Not Available,Not Available,Not Available,Not Available,Not Available,SILVER LAKE MEDICAL CENTER,1711 WEST TEMPLE STREET,LOS ANGELES,CA,LOS ANGELES
280,50764,1,2,2,2,2,2,2,3,3,1,3,2,SHASTA REGIONAL MEDICAL CENTER,1100 BUTTE ST,REDDING,CA,SHASTA
281,50765,2,3,4,2,4,3,2,4,4,1,4,3,KAISER FOUNDATION HOSPITAL-MORENO VALLEY,27300 IRIS AVENUE,MORENO VALLEY,CA,RIVERSIDE
282,50766,4,5,5,5,5,5,5,5,5,5,5,5,SUTTER SURGICAL HOSPITAL - NORTH VALLEY,455 PLUMAS BLVD,YUBA CITY,CA,SUTTER
283,50767,3,4,3,3,3,3,3,4,4,2,4,3,KAISER FOUNDATION HOSPITAL - VACAVILLE,1 QUALITY DRIVE,VACAVILLE,CA,SOLANO
284,50769,4,5,4,4,4,5,5,5,5,4,5,5,HOAG ORTHOPEDIC INSTITUTE,16250 SAND CANYON AVENUE,IRVINE,CA,ORANGE
285,50770,2,2,3,2,3,2,3,3,4,4,4,3,LOMA LINDA UNIVERSITY MEDICAL CENTER-MURRIETA,28062 BAXTER ROAD,MURRIETA,CA,RIVERSIDE
286,50771,1,1,1,1,1,2,1,1,1,1,1,1,COAST PLAZA HOSPITAL,13100 STUDERBAKER ROAD,NORWALK,CA,LOS ANGELES
287,50772,3,3,3,3,4,3,3,4,4,1,4,3,KAISER FOUNDATION HOSPITAL - ROSEVILLE,1600 EUREKA ROAD,ROSEVILLE,CA,PLACER
288,50773,2,2,2,2,4,2,2,2,3,3,3,2,SAN LEANDRO HOSPITAL,13855 E 14TH STREET,SAN LEANDRO,CA,ALAMEDA
289,50775,3,4,3,3,4,3,3,3,4,3,4,3,TEMECULA VALLEY HOSPITAL,31700 TEMECULA PKWY,TEMECULA,CA,RIVERSIDE
290,50776,3,2,2,1,3,2,1,2,2,1,1,2,COLLEGE MEDICAL CENTER,2776 PACIFIC AVENUE,LONG BEACH,CA,LOS ANGELES
291,50777,3,3,3,3,4,2,3,3,4,3,4,3,KAISER FOUNDATION HOSPITAL - SAN LEANDRO,2500 MERCED STREET,SAN LEANDRO,CA,ALAMEDA
292,50778,1,3,3,2,3,3,4,2,4,2,4,3,LOMA LINDA UNIVERSITY CHILDREN'S HOSPITAL,11234 ANDERSON STREET SUITE A,LOMA LINDA,CA,SAN BERNARDINO
293,50779,3,4,3,2,3,3,4,3,4,4,4,3,"MARTIN LUTHER KING, JR. COMMUNITY HOSPITAL",1680 EAST 120TH STREET,LOS ANGELES,CA,LOS ANGELES
294,50780,2,1,1,1,1,1,1,1,1,1,1,1,FOOTHILL REGIONAL MEDICAL CENTER,14662 NEWPORT AVE,TUSTIN,CA,ORANGE
295,50781,Not Available,Not Available,Not Available,Not Available,Not Available,Not Available,Not Available,Not Available,Not Available,Not Available,Not Available,Not Available,SONOMA WEST MEDICAL CENTER,501 PETALUMA AVENUE,SEBASTOPOL,CA,SONOMA
296,50782,Not Available,Not Available,Not Available,Not Available,Not Available,Not Available,Not Available,Not Available,Not Available,Not Available,Not Available,Not Available,CASA COLINA HOSPITAL,255 E BONITA AVE,POMONA,CA,LOS ANGELES
297,51300,Not Available,Not Available,Not Available,Not Available,Not Available,Not Available,Not Available,Not Available,Not Available,Not Available,Not Available,Not Available,EASTERN PLUMAS HOSPITAL - PORTOLA CAMPUS,500 FIRST AVENUE,PORTOLA,CA,PLUMAS
298,51301,Not Available,Not Available,Not Available,Not Available,Not Available,Not Available,Not Available,Not Available,Not Available,Not Available,Not Available,Not Available,ADVENTIST HEALTH MEDICAL CENTER TEHACHAPI VALLEY,115 WEST E STREET,TEHACHAPI,CA,KERN
299,51302,Not Available,Not Available,Not Available,Not Available,Not Available,Not Available,Not Available,Not Available,Not Available,Not Available,Not Available,Not Available,SOUTHERN INYO HOSPITAL,501 EAST LOCUST STREET,LONE PINE,CA,INYO
300,51303,3,5,5,5,5,5,4,5,5,4,5,5,MAMMOTH HOSPITAL,85 SIERRA PARK ROAD PO BOX 660,MAMMOTH LAKES,CA,MONO
301,51304,Not Available,Not Available,Not Available,Not Available,Not Available,Not Available,Not Available,Not Available,Not Available,Not Available,Not Available,Not Available,JOHN C FREMONT HEALTHCARE DISTRICT,5189 HOSPITAL ROAD,MARIPOSA,CA,MARIPOSA
302,51305,Not Available,Not Available,Not Available,Not Available,Not Available,Not Available,Not Available,Not Available,Not Available,Not Available,Not Available,Not Available,MAYERS MEMORIAL HOSPITAL,43563 HWY 299 EAST,FALL RIVER MILLS,CA,SHASTA
303,51306,Not Available,Not Available,Not Available,Not Available,Not Available,Not Available,Not Available,Not Available,Not Available,Not Available,Not Available,Not Available,GLENN MEDICAL CENTER,1133 W SYCAMORE ST,WILLOWS,CA,GLENN
304,51307,Not Available,Not Available,Not Available,Not Available,Not Available,Not Available,Not Available,Not Available,Not Available,Not Available,Not Available,Not Available,CATALINA ISLAND MEDICAL CENTER,100 FALLS CANYON ROAD,AVALON,CA,LOS ANGELES
305,51308,Not Available,Not Available,Not Available,Not Available,Not Available,Not Available,Not Available,Not Available,Not Available,Not Available,Not Available,Not Available,SURPRISE VALLEY COMMUNITY HOSPITAL,741 NORTH MAIN STREET,CEDARVILLE,CA,MODOC
306,51309,Not Available,Not Available,Not Available,Not Available,Not Available,Not Available,Not Available,Not Available,Not Available,Not Available,Not Available,Not Available,JEROLD PHELPS COMMUNITY HOSPITAL,733 CEDAR ST,GARBERVILLE,CA,HUMBOLDT
307,51310,4,4,5,4,5,4,5,4,5,4,5,4,FRANK R HOWARD MEMORIAL HOSPITAL,1 MARCELA DR,WILLITS,CA,MENDOCINO
308,51311,Not Available,Not Available,Not Available,Not Available,Not Available,Not Available,Not Available,Not Available,Not Available,Not Available,Not Available,Not Available,ORCHARD HOSPITAL,240 SPRUCE STREET,GRIDLEY,CA,BUTTE
309,51312,Not Available,Not Available,Not Available,Not Available,Not Available,Not Available,Not Available,Not Available,Not Available,Not Available,Not Available,Not Available,MOUNTAINS COMMUNITY HOSPITAL,29101 HOSPITAL ROAD,LAKE ARROWHEAD,CA,SAN BERNARDINO
310,51314,Not Available,Not Available,Not Available,Not Available,Not Available,Not Available,Not Available,Not Available,Not Available,Not Available,Not Available,Not Available,KERN VALLEY HEALTHCARE DISTRICT,6412 LAUREL AVE,LAKE ISABELLA,CA,KERN
311,51315,Not Available,Not Available,Not Available,Not Available,Not Available,Not Available,Not Available,Not Available,Not Available,Not Available,Not Available,Not Available,TRINITY HOSPITAL,60 EASTER AVENUE,WEAVERVILLE,CA,TRINITY
312,51316,3,4,3,4,4,3,3,3,3,2,3,3,FAIRCHILD MEDICAL CENTER,444 BRUCE STREET,YREKA,CA,SISKIYOU
313,51317,2,3,3,4,3,2,4,3,2,3,3,3,ST HELENA HOSPITAL-CLEARLAKE,15630 18TH AVE - HWY 53,CLEARLAKE,CA,LAKE
314,51318,Not Available,Not Available,Not Available,Not Available,Not Available,Not Available,Not Available,Not Available,Not Available,Not Available,Not Available,Not Available,REDWOOD MEMORIAL HOSPITAL,3300 RENNER DRIVE,FORTUNA,CA,HUMBOLDT
315,51319,4,4,3,4,4,4,4,4,3,2,4,4,MERCY MEDICAL CENTER MT SHASTA,914 PINE STREET,MOUNT SHASTA,CA,SISKIYOU
316,51320,3,4,4,4,4,4,5,4,4,3,3,4,BANNER LASSEN MEDICAL CENTER,1800 SPRING RIDGE DRIVE,SUSANVILLE,CA,LASSEN
317,51321,3,2,1,4,3,2,3,2,2,1,3,2,HEALDSBURG DISTRICT HOSPITAL,1375 UNIVERSITY AVENUE,HEALDSBURG,CA,SONOMA
318,51323,Not Available,Not Available,Not Available,Not Available,Not Available,Not Available,Not Available,Not Available,Not Available,Not Available,Not Available,Not Available,COLORADO RIVER MEDICAL CENTER,1401 BAILEY AVE,NEEDLES,CA,SAN BERNARDINO
319,51324,4,4,4,5,4,4,4,4,4,3,4,4,NORTHERN INYO HOSPITAL,150 PIONEER LANE,BISHOP,CA,INYO
320,51325,2,3,2,3,4,4,4,3,2,3,2,3,MENDOCINO COAST DISTRICT HOSPITAL,700 RIVER DR,FORT BRAGG,CA,MENDOCINO
321,51326,Not Available,Not Available,Not Available,Not Available,Not Available,Not Available,Not Available,Not Available,Not Available,Not Available,Not Available,Not Available,PLUMAS DISTRICT HOSPITAL,1065 BUCKS LAKE ROAD,QUINCY,CA,PLUMAS
322,51327,Not Available,Not Available,Not Available,Not Available,Not Available,Not Available,Not Available,Not Available,Not Available,Not Available,Not Available,Not Available,SENECA DISTRICT HOSPITAL,130 BRENTWOOD DRIVE,CHESTER,CA,PLUMAS
323,51328,5,5,4,4,4,4,4,4,5,3,5,4,TAHOE FOREST HOSPITAL,10121 PINE AVE,TRUCKEE,CA,NEVADA
324,51329,3,4,3,4,3,3,5,3,3,3,3,3,SUTTER LAKESIDE HOSPITAL,5176 HILL ROAD EAST,LAKEPORT,CA,LAKE
325,51330,Not Available,Not Available,Not Available,Not Available,Not Available,Not Available,Not Available,Not Available,Not Available,Not Available,Not Available,Not Available,MODOC MEDICAL CENTER,228 W MCDOWELL AVE,ALTURAS,CA,MODOC
326,51331,Not Available,Not Available,Not Available,Not Available,Not Available,Not Available,Not Available,Not Available,Not Available,Not Available,Not Available,Not Available,SANTA YNEZ VALLEY COTTAGE HOSPITAL,2050 VIBORG RD,SOLVANG,CA,SANTA BARBARA
327,51332,4,4,3,4,4,3,4,4,3,3,3,4,MARK TWAIN MEDICAL CENTER,768 MOUNTAIN RANCH RD,SAN ANDREAS,CA,CALAVERAS
328,51333,Not Available,Not Available,Not Available,Not Available,Not Available,Not Available,Not Available,Not Available,Not Available,Not Available,Not Available,Not Available,RIDGECREST REGIONAL HOSPITAL,1081 NORTH CHINA LAKE BLVD,RIDGECREST,CA,KERN
329,51334,4,5,4,4,4,5,4,4,4,3,4,4,OJAI VALLEY COMMUNITY HOSPITAL,1306 MARICOPA HWY,OJAI,CA,VENTURA
330,51335,Not Available,Not Available,Not Available,Not Available,Not Available,Not Available,Not Available,Not Available,Not Available,Not Available,Not Available,Not Available,BEAR VALLEY COMMUNITY HOSPITAL,41870 GARSTIN DR,BIG BEAR LAKE,CA,SAN BERNARDINO
331,53300,Not Available,Not Available,Not Available,Not Available,Not Available,Not Available,Not Available,Not Available,Not Available,Not Available,Not Available,Not Available,VALLEY CHILDREN'S HOSPITAL,9300 VALLEY CHILDRENS PLACE,MADERA,CA,FRESNO
332,53301,Not Available,Not Available,Not Available,Not Available,Not Available,Not Available,Not Available,Not Available,Not Available,Not Available,Not Available,Not Available,CHILDREN'S HOSPITAL & RESEARCH CENTER OAKLAND,747 52ND STREET,OAKLAND,CA,ALAMEDA
333,53302,Not Available,Not Available,Not Available,Not Available,Not Available,Not Available,Not Available,Not Available,Not Available,Not Available,Not Available,Not Available,CHILDREN'S HOSP OF LOS ANGELES,4650 SUNSET BLVD,LOS ANGELES,CA,LOS ANGELES
334,53303,Not Available,Not Available,Not Available,Not Available,Not Available,Not Available,Not Available,Not Available,Not Available,Not Available,Not Available,Not Available,RADY CHILDREN'S HOSPITAL - SAN DIEGO,3020 CHILDRENS WAY,SAN DIEGO,CA,SAN DIEGO
335,53304,Not Available,Not Available,Not Available,Not Available,Not Available,Not Available,Not Available,Not Available,Not Available,Not Available,Not Available,Not Available,CHILDREN'S HOSPITAL OF ORANGE COUNTY,1201 W LA VETA AVE,ORANGE,CA,ORANGE
336,53305,Not Available,Not Available,Not Available,Not Available,Not Available,Not Available,Not Available,Not Available,Not Available,Not Available,Not Available,Not Available,LUCILE SALTER PACKARD CHILDREN'S HSP AT STANFORD,725 WELCH ROAD,PALO ALTO,CA,SANTA CLARA
337,53306,Not Available,Not Available,Not Available,Not Available,Not Available,Not Available,Not Available,Not Available,Not Available,Not Available,Not Available,Not Available,CHILDREN'S HOSPITAL AT MISSION,"27700 MEDICAL CENTER RD, 5TH FLOOR",MISSION VIEJO,CA,ORANGE
338,53308,Not Available,Not Available,Not Available,Not Available,Not Available,Not Available,Not Available,Not Available,Not Available,Not Available,Not Available,Not Available,HEALTHBRIDGE CHILDREN'S HOSPITAL - ORANGE,393 S TUSTIN STREET,ORANGE,CA,ORANGE
339,53309,Not Available,Not Available,Not Available,Not Available,Not Available,Not Available,Not Available,Not Available,Not Available,Not Available,Not Available,Not Available,MILLER CHILDREN'S HOSPITAL,2801 ATLANTIC AVENUE,LONG BEACH,CA,LOS ANGELES
340,53310,Not Available,Not Available,Not Available,Not Available,Not Available,Not Available,Not Available,Not Available,Not Available,Not Available,Not Available,Not Available,SHRINERS HOSPITALS FOR CHILDREN,3160 GENEVA STREET,LOS ANGELES,CA,LOS ANGELES
341,53311,Not Available,Not Available,Not Available,Not Available,Not Available,Not Available,Not Available,Not Available,Not Available,Not Available,Not Available,Not Available,SHRINERS HOSPITALS FOR CHILDREN NORTHERN CALIF,2425 STOCKTON BOULEVARD,SACRAMENTO,CA,SACRAMENTO
